Handle,Title,Body (HTML),Vendor,Product Category,Type,Tags,Published,Option1 Name,Option1 Value,Option1 Linked To,Option2 Name,Option2 Value,Option2 Linked To,Option3 Name,Option3 Value,Option3 Linked To,Variant SKU,Variant Grams,Variant Inventory Tracker,Variant Inventory Policy,Variant Fulfillment Service,Variant Price,Variant Compare At Price,Variant Requires Shipping,Variant Taxable,Unit Price Total Measure,Unit Price Total Measure Unit,Unit Price Base Measure,Unit Price Base Measure Unit,Variant Barcodes,Image Src,Image Position,Image Alt Text,Gift Card,SEO Title,SEO Description,Google Shopping / Google Product Category,Google Shopping / Gender,Google Shopping / Age Group,Google Shopping / MPN,Google Shopping / Condition,Google Shopping / Custom Product,Google Shopping / Custom Label 0,Google Shopping / Custom Label 1,Google Shopping / Custom Label 2,Google Shopping / Custom Label 3,Google Shopping / Custom Label 4,Condition (product.metafields.custom.productcondition),Google: Custom Product (product.metafields.mm-google-shopping.custom_product),Product rating count (product.metafields.reviews.rating_count),Activity (product.metafields.shopify.activity),Age group (product.metafields.shopify.age-group),Closure type (product.metafields.shopify.closure-type),Color (product.metafields.shopify.color-pattern),Condition (product.metafields.shopify.condition),Fabric (product.metafields.shopify.fabric),Footwear material (product.metafields.shopify.footwear-material),Grading (product.metafields.shopify.grading),Heel height type (product.metafields.shopify.heel-height-type),Occasion style (product.metafields.shopify.occasion-style),Rarity (product.metafields.shopify.rarity),Recommended age group (product.metafields.shopify.recommended-age-group),Shoe features (product.metafields.shopify.shoe-features),Shoe fit (product.metafields.shopify.shoe-fit),Shoe size (product.metafields.shopify.shoe-size),Sneaker style (product.metafields.shopify.sneaker-style),Target gender (product.metafields.shopify.target-gender),Toe style (product.metafields.shopify.toe-style),Toy/Game material (product.metafields.shopify.toy-game-material),Trading card packaging (product.metafields.shopify.trading-card-packaging),Complementary products (product.metafields.shopify--discovery--product_recommendation.complementary_products),Related products (product.metafields.shopify--discovery--product_recommendation.related_products),Related products settings (product.metafields.shopify--discovery--product_recommendation.related_products_display),Search product boosts (product.metafields.shopify--discovery--product_search_boost.queries),Whatnot Condition (product.metafields.whatnot.condition),Whatnot Auction Price (product.metafields.whatnot.whatnot_auction_price),Whatnot Buy-It-Now Price (product.metafields.whatnot.whatnot_buy_it_now_price),Whatnot Category (Deprecated) (product.metafields.whatnot.whatnot_category),Whatnot Category (product.metafields.whatnot.whatnot_category_ref),Whatnot Description (product.metafields.whatnot.whatnot_description),Whatnot Price (Deprecated) (product.metafields.whatnot.whatnot_price),Whatnot Title (product.metafields.whatnot.whatnot_title),Variant Image,Variant Weight Unit,Variant Tax Code,Cost per item,Status,Variant Packed Length,Variant Packed Width,Variant Packed Height,Variant Packed Dimension Unit
preowned-cp9652-10-5-po-1,adidas Yeezy Boost 350 V2 Black Red 10.5 (Pre-Owned),"adidas Yeezy Boost 350 V2 Black Red<br>SKU: CP9652<br>Size: 10.5M / 12W<br>Condition: Moderately Worn<br>Box Condition: Original Box<br>Release Date: 2017-02-11<br><br>All items are shipped out quickly with safe packaging.<br>Check our reviews to see the accuracy of conditions, speed of shipping &amp; quality of service.<br><br>Please DM if you have any questions or need any more information. Thank you!",adidas,,Pre-Owned Sneakers,"adidas, moderately_worn, pre-owned, Restock",TRUE,Size,10.5M / 12W,,,,,,,,CP9652-10.5-PO-1,0,shopify,deny,manual,140,,TRUE,TRUE,,,,,5326454698,https://cdn.shopify.com/s/files/1/0674/5767/9557/files/f74959bc-9bd9-4283-822b-affb1bfae974.jpg?v=1790107866,1,adidas Yeezy Boost 350 V2 Black Red - Image 1,FALSE,,,,,,,,,,,,,,Pre-Owned,,,,,,,,,,,,,,,,,,,,,,,,,,,,,,,,,,,,lb,,,active,,,,
preowned-cp9652-10-5-po-1,,,,,,,,,,,,,,,,,,,,,,,,,,,,,,,https://cdn.shopify.com/s/files/1/0674/5767/9557/files/3bca1abe-ef33-4091-8743-323cc0e63d80.jpg?v=1790107866,2,adidas Yeezy Boost 350 V2 Black Red - Image 2,,,,,,,,,,,,,,,,,,,,,,,,,,,,,,,,,,,,,,,,,,,,,,,,,,,,,,,,,,
preowned-cp9652-10-5-po-1,,,,,,,,,,,,,,,,,,,,,,,,,,,,,,,https://cdn.shopify.com/s/files/1/0674/5767/9557/files/9f82886d-ffd8-4a07-b6df-9920aae50c3a.jpg?v=1790107866,3,adidas Yeezy Boost 350 V2 Black Red - Image 3,,,,,,,,,,,,,,,,,,,,,,,,,,,,,,,,,,,,,,,,,,,,,,,,,,,,,,,,,,
preowned-cp9652-10-5-po-1,,,,,,,,,,,,,,,,,,,,,,,,,,,,,,,https://cdn.shopify.com/s/files/1/0674/5767/9557/files/8ef19438-3259-427b-99cf-cd7fdfb7e8cf.jpg?v=1790107867,4,adidas Yeezy Boost 350 V2 Black Red - Image 4,,,,,,,,,,,,,,,,,,,,,,,,,,,,,,,,,,,,,,,,,,,,,,,,,,,,,,,,,,
preowned-cp9652-10-5-po-1,,,,,,,,,,,,,,,,,,,,,,,,,,,,,,,https://cdn.shopify.com/s/files/1/0674/5767/9557/files/bb3570bd-3772-4b6f-8d0f-d90d95994a0b.jpg?v=1790107866,5,adidas Yeezy Boost 350 V2 Black Red - Image 5,,,,,,,,,,,,,,,,,,,,,,,,,,,,,,,,,,,,,,,,,,,,,,,,,,,,,,,,,,
preowned-cp9652-10-5-po-1,,,,,,,,,,,,,,,,,,,,,,,,,,,,,,,https://cdn.shopify.com/s/files/1/0674/5767/9557/files/5c08a3d5-8245-4d80-87d0-5a74a11c30c8.jpg?v=1790107866,6,adidas Yeezy Boost 350 V2 Black Red - Image 6,,,,,,,,,,,,,,,,,,,,,,,,,,,,,,,,,,,,,,,,,,,,,,,,,,,,,,,,,,
preowned-cp9652-10-5-po-1,,,,,,,,,,,,,,,,,,,,,,,,,,,,,,,https://cdn.shopify.com/s/files/1/0674/5767/9557/files/fc60f1c5-40da-4188-a7bc-64c86b9c3451.jpg?v=1790107866,7,adidas Yeezy Boost 350 V2 Black Red - Image 7,,,,,,,,,,,,,,,,,,,,,,,,,,,,,,,,,,,,,,,,,,,,,,,,,,,,,,,,,,
preowned-cp9652-10-5-po-1,,,,,,,,,,,,,,,,,,,,,,,,,,,,,,,https://cdn.shopify.com/s/files/1/0674/5767/9557/files/af6bdaf4-1d11-48c8-88ac-0eca8b3a46ad.jpg?v=1790107866,8,adidas Yeezy Boost 350 V2 Black Red - Image 8,,,,,,,,,,,,,,,,,,,,,,,,,,,,,,,,,,,,,,,,,,,,,,,,,,,,,,,,,,
preowned-dn3707-010-12-po-1,Jordan 3 Retro OG Black Cement (2024) 12 (Pre-Owned),"Jordan 3 Retro OG Black Cement (2024)<br>SKU: DN3707-010<br>Size: 12M / 13.5W<br>Condition: Moderately Worn<br>Box Condition: Original Box<br>Release Date: 2024-11-23<br><br>All items are shipped out quickly with safe packaging.<br>Check our reviews to see the accuracy of conditions, speed of shipping &amp; quality of service.<br><br>Please DM if you have any questions or need any more information. Thank you!",Jordan,,Pre-Owned Sneakers,"jordan, moderately_worn, pre-owned, Restock",TRUE,Size,12M / 13.5W,,,,,,,,DN3707-010-12-PO-1,0,shopify,deny,manual,140,,TRUE,TRUE,,,,,7864388850,https://cdn.shopify.com/s/files/1/0674/5767/9557/files/d36ac4d8-1769-4b0f-a4a6-95ba211b1517.jpg?v=1790107631,1,Jordan 3 Retro OG Black Cement (2024) - Image 1,FALSE,,,,,,,,,,,,,,Pre-Owned,,,,,,,,,,,,,,,,,,,,,,,,,,,,,,,,,,,,lb,,,active,,,,
preowned-dn3707-010-12-po-1,,,,,,,,,,,,,,,,,,,,,,,,,,,,,,,https://cdn.shopify.com/s/files/1/0674/5767/9557/files/40cc4220-83af-4d69-bf05-8d507aa67c63.jpg?v=1790107632,2,Jordan 3 Retro OG Black Cement (2024) - Image 2,,,,,,,,,,,,,,,,,,,,,,,,,,,,,,,,,,,,,,,,,,,,,,,,,,,,,,,,,,
preowned-dn3707-010-12-po-1,,,,,,,,,,,,,,,,,,,,,,,,,,,,,,,https://cdn.shopify.com/s/files/1/0674/5767/9557/files/99e05b05-8b28-44c3-9e41-eca6ed65d0e1.jpg?v=1790107631,3,Jordan 3 Retro OG Black Cement (2024) - Image 3,,,,,,,,,,,,,,,,,,,,,,,,,,,,,,,,,,,,,,,,,,,,,,,,,,,,,,,,,,
preowned-dn3707-010-12-po-1,,,,,,,,,,,,,,,,,,,,,,,,,,,,,,,https://cdn.shopify.com/s/files/1/0674/5767/9557/files/904ab087-a81e-4b2e-9217-4aa3178f8482.jpg?v=1790107631,4,Jordan 3 Retro OG Black Cement (2024) - Image 4,,,,,,,,,,,,,,,,,,,,,,,,,,,,,,,,,,,,,,,,,,,,,,,,,,,,,,,,,,
preowned-dn3707-010-12-po-1,,,,,,,,,,,,,,,,,,,,,,,,,,,,,,,https://cdn.shopify.com/s/files/1/0674/5767/9557/files/c5498875-d012-4e03-bde0-efab68b6200b.jpg?v=1790107631,5,Jordan 3 Retro OG Black Cement (2024) - Image 5,,,,,,,,,,,,,,,,,,,,,,,,,,,,,,,,,,,,,,,,,,,,,,,,,,,,,,,,,,
preowned-dn3707-010-12-po-1,,,,,,,,,,,,,,,,,,,,,,,,,,,,,,,https://cdn.shopify.com/s/files/1/0674/5767/9557/files/9783c755-bf9d-4e1b-a773-f54c7996f34e.jpg?v=1790107631,6,Jordan 3 Retro OG Black Cement (2024) - Image 6,,,,,,,,,,,,,,,,,,,,,,,,,,,,,,,,,,,,,,,,,,,,,,,,,,,,,,,,,,
preowned-dn3707-010-12-po-1,,,,,,,,,,,,,,,,,,,,,,,,,,,,,,,https://cdn.shopify.com/s/files/1/0674/5767/9557/files/7e4e7258-2718-42ef-9731-f2493efc1645.jpg?v=1790107631,7,Jordan 3 Retro OG Black Cement (2024) - Image 7,,,,,,,,,,,,,,,,,,,,,,,,,,,,,,,,,,,,,,,,,,,,,,,,,,,,,,,,,,
preowned-dn3707-010-12-po-1,,,,,,,,,,,,,,,,,,,,,,,,,,,,,,,https://cdn.shopify.com/s/files/1/0674/5767/9557/files/1971cbc4-76c3-4b6c-ad00-916dae070640.jpg?v=1790107631,8,Jordan 3 Retro OG Black Cement (2024) - Image 8,,,,,,,,,,,,,,,,,,,,,,,,,,,,,,,,,,,,,,,,,,,,,,,,,,,,,,,,,,
preowned-dd1877-200-10-5-po-1,Nike Blazer Low sacai British Tan 10.5 (Pre-Owned),"Nike Blazer Low sacai British Tan<br>SKU: DD1877-200<br>Size: 10.5M / 12W<br>Condition: Lightly Worn<br>Box Condition: Original Box<br>Release Date: 2021-08-10<br><br>All items are shipped out quickly with safe packaging.<br>Check our reviews to see the accuracy of conditions, speed of shipping &amp; quality of service.<br><br>Please DM if you have any questions or need any more information. Thank you!",Nike,,Pre-Owned Sneakers,"lightly_worn, nike, pre-owned, Restock",TRUE,Size,10.5M / 12W,,,,,,,,DD1877-200-10.5-PO-1,0,shopify,deny,manual,35,,TRUE,TRUE,,,,,0950252074,https://cdn.shopify.com/s/files/1/0674/5767/9557/files/53a9a0d8-b689-4193-89f6-35f6e92c29b0.jpg?v=1790107482,1,Nike Blazer Low sacai British Tan - Image 1,FALSE,,,,,,,,,,,,,,Pre-Owned,,,,,,,,,,,,,,,,,,,,,,,,,,,,,,,,,,,,lb,,,active,,,,
preowned-dd1877-200-10-5-po-1,,,,,,,,,,,,,,,,,,,,,,,,,,,,,,,https://cdn.shopify.com/s/files/1/0674/5767/9557/files/64a52e89-3055-4eed-bf8f-1ce6b48c2a5f.jpg?v=1790107482,2,Nike Blazer Low sacai British Tan - Image 2,,,,,,,,,,,,,,,,,,,,,,,,,,,,,,,,,,,,,,,,,,,,,,,,,,,,,,,,,,
preowned-dd1877-200-10-5-po-1,,,,,,,,,,,,,,,,,,,,,,,,,,,,,,,https://cdn.shopify.com/s/files/1/0674/5767/9557/files/90609b8e-38fd-46ee-8202-284dc67660de.jpg?v=1790107482,3,Nike Blazer Low sacai British Tan - Image 3,,,,,,,,,,,,,,,,,,,,,,,,,,,,,,,,,,,,,,,,,,,,,,,,,,,,,,,,,,
preowned-dd1877-200-10-5-po-1,,,,,,,,,,,,,,,,,,,,,,,,,,,,,,,https://cdn.shopify.com/s/files/1/0674/5767/9557/files/1346acf9-4d63-485e-84eb-e3cfb860d1ca.jpg?v=1790107482,4,Nike Blazer Low sacai British Tan - Image 4,,,,,,,,,,,,,,,,,,,,,,,,,,,,,,,,,,,,,,,,,,,,,,,,,,,,,,,,,,
preowned-dd1877-200-10-5-po-1,,,,,,,,,,,,,,,,,,,,,,,,,,,,,,,https://cdn.shopify.com/s/files/1/0674/5767/9557/files/daf16233-24da-47e1-9866-fdbf00bc3bb7.jpg?v=1790107482,5,Nike Blazer Low sacai British Tan - Image 5,,,,,,,,,,,,,,,,,,,,,,,,,,,,,,,,,,,,,,,,,,,,,,,,,,,,,,,,,,
preowned-dd1877-200-10-5-po-1,,,,,,,,,,,,,,,,,,,,,,,,,,,,,,,https://cdn.shopify.com/s/files/1/0674/5767/9557/files/e5838391-e98d-4ec1-b9b0-02642b2c9a06.jpg?v=1790107482,6,Nike Blazer Low sacai British Tan - Image 6,,,,,,,,,,,,,,,,,,,,,,,,,,,,,,,,,,,,,,,,,,,,,,,,,,,,,,,,,,
preowned-dd1877-200-10-5-po-1,,,,,,,,,,,,,,,,,,,,,,,,,,,,,,,https://cdn.shopify.com/s/files/1/0674/5767/9557/files/b629e21b-965b-4f12-a04c-20f07470dcda.jpg?v=1790107482,7,Nike Blazer Low sacai British Tan - Image 7,,,,,,,,,,,,,,,,,,,,,,,,,,,,,,,,,,,,,,,,,,,,,,,,,,,,,,,,,,
preowned-dd1877-200-10-5-po-1,,,,,,,,,,,,,,,,,,,,,,,,,,,,,,,https://cdn.shopify.com/s/files/1/0674/5767/9557/files/3294d691-40ff-4d9c-9c23-1a36a57eef90.jpg?v=1790107482,8,Nike Blazer Low sacai British Tan - Image 8,,,,,,,,,,,,,,,,,,,,,,,,,,,,,,,,,,,,,,,,,,,,,,,,,,,,,,,,,,
preowned-dd1877-002-10-5-po-1,Nike Blazer Low sacai Iron Grey 10.5 (Pre-Owned),"Nike Blazer Low sacai Iron Grey<br>SKU: DD1877-002<br>Size: 10.5M / 12W<br>Condition: Lightly Worn<br>Box Condition: Original Box<br>Release Date: 2021-07-31<br><br>All items are shipped out quickly with safe packaging.<br>Check our reviews to see the accuracy of conditions, speed of shipping &amp; quality of service.<br><br>Please DM if you have any questions or need any more information. Thank you!",Nike,,Pre-Owned Sneakers,"lightly_worn, nike, pre-owned, Restock",TRUE,Size,10.5M / 12W,,,,,,,,DD1877-002-10.5-PO-1,0,shopify,deny,manual,35,,TRUE,TRUE,,,,,3044937694,https://cdn.shopify.com/s/files/1/0674/5767/9557/files/e765f725-42e0-45d5-819c-588cc9a35f49.jpg?v=1790107381,1,Nike Blazer Low sacai Iron Grey - Image 1,FALSE,,,,,,,,,,,,,,Pre-Owned,,,,,,,,,,,,,,,,,,,,,,,,,,,,,,,,,,,,lb,,,active,,,,
preowned-dd1877-002-10-5-po-1,,,,,,,,,,,,,,,,,,,,,,,,,,,,,,,https://cdn.shopify.com/s/files/1/0674/5767/9557/files/cbeadae9-fea5-4ca4-a99c-e2e538c71ee8.jpg?v=1790107380,2,Nike Blazer Low sacai Iron Grey - Image 2,,,,,,,,,,,,,,,,,,,,,,,,,,,,,,,,,,,,,,,,,,,,,,,,,,,,,,,,,,
preowned-dd1877-002-10-5-po-1,,,,,,,,,,,,,,,,,,,,,,,,,,,,,,,https://cdn.shopify.com/s/files/1/0674/5767/9557/files/df6120a9-42ec-4b20-8fc7-2483b415c565.jpg?v=1790107381,3,Nike Blazer Low sacai Iron Grey - Image 3,,,,,,,,,,,,,,,,,,,,,,,,,,,,,,,,,,,,,,,,,,,,,,,,,,,,,,,,,,
preowned-dd1877-002-10-5-po-1,,,,,,,,,,,,,,,,,,,,,,,,,,,,,,,https://cdn.shopify.com/s/files/1/0674/5767/9557/files/7ffe1356-33ec-444c-af67-a22d6896d313.jpg?v=1790107381,4,Nike Blazer Low sacai Iron Grey - Image 4,,,,,,,,,,,,,,,,,,,,,,,,,,,,,,,,,,,,,,,,,,,,,,,,,,,,,,,,,,
preowned-dd1877-002-10-5-po-1,,,,,,,,,,,,,,,,,,,,,,,,,,,,,,,https://cdn.shopify.com/s/files/1/0674/5767/9557/files/ecb8c190-c2d7-49f6-acfe-1d9077762466.jpg?v=1790107381,5,Nike Blazer Low sacai Iron Grey - Image 5,,,,,,,,,,,,,,,,,,,,,,,,,,,,,,,,,,,,,,,,,,,,,,,,,,,,,,,,,,
preowned-dd1877-002-10-5-po-1,,,,,,,,,,,,,,,,,,,,,,,,,,,,,,,https://cdn.shopify.com/s/files/1/0674/5767/9557/files/e6d66ff7-8980-4334-b78a-dc75f8b124c4.jpg?v=1790107380,6,Nike Blazer Low sacai Iron Grey - Image 6,,,,,,,,,,,,,,,,,,,,,,,,,,,,,,,,,,,,,,,,,,,,,,,,,,,,,,,,,,
preowned-dd1877-002-10-5-po-1,,,,,,,,,,,,,,,,,,,,,,,,,,,,,,,https://cdn.shopify.com/s/files/1/0674/5767/9557/files/4546d3b4-44b2-4127-98d1-75dea7fbd488.jpg?v=1790107380,7,Nike Blazer Low sacai Iron Grey - Image 7,,,,,,,,,,,,,,,,,,,,,,,,,,,,,,,,,,,,,,,,,,,,,,,,,,,,,,,,,,
preowned-dd1877-002-10-5-po-1,,,,,,,,,,,,,,,,,,,,,,,,,,,,,,,https://cdn.shopify.com/s/files/1/0674/5767/9557/files/9875242f-4e72-4ac2-afec-7ff6948da3de.jpg?v=1790107381,8,Nike Blazer Low sacai Iron Grey - Image 8,,,,,,,,,,,,,,,,,,,,,,,,,,,,,,,,,,,,,,,,,,,,,,,,,,,,,,,,,,
preowned-ck1907-600-10-5-po-1,Nike Classic Cortez Stranger Things Independence Day Pack 10.5 (Pre-Owned),"Nike Classic Cortez Stranger Things Independence Day Pack<br>SKU: CK1907-600<br>Size: 10.5M / 12W<br>Condition: Lightly Worn<br>Box Condition: Original Box<br>Release Date: 2019-07-12<br><br>All items are shipped out quickly with safe packaging.<br>Check our reviews to see the accuracy of conditions, speed of shipping &amp; quality of service.<br><br>Please DM if you have any questions or need any more information. Thank you!",Nike,,Pre-Owned Sneakers,"lightly_worn, nike, pre-owned, Restock",TRUE,Size,10.5M / 12W,,,,,,,,CK1907-600-10.5-PO-1,0,shopify,deny,manual,70,,TRUE,TRUE,,,,,9439484689,https://cdn.shopify.com/s/files/1/0674/5767/9557/files/efe3800b-ff9b-423a-a3e5-0ae033fc9cd6.jpg?v=1790106617,1,Nike Classic Cortez Stranger Things Independence Day Pack - Image 1,FALSE,,,,,,,,,,,,,,Pre-Owned,,,,,,,,,,,,,,,,,,,,,,,,,,,,,,,,,,,,lb,,,active,,,,
preowned-ck1907-600-10-5-po-1,,,,,,,,,,,,,,,,,,,,,,,,,,,,,,,https://cdn.shopify.com/s/files/1/0674/5767/9557/files/207a9029-ef83-43b9-89eb-c55233852361.jpg?v=1790106617,2,Nike Classic Cortez Stranger Things Independence Day Pack - Image 2,,,,,,,,,,,,,,,,,,,,,,,,,,,,,,,,,,,,,,,,,,,,,,,,,,,,,,,,,,
preowned-ck1907-600-10-5-po-1,,,,,,,,,,,,,,,,,,,,,,,,,,,,,,,https://cdn.shopify.com/s/files/1/0674/5767/9557/files/04461663-7bf6-432a-b51c-ef46a3a056c6.jpg?v=1790106617,3,Nike Classic Cortez Stranger Things Independence Day Pack - Image 3,,,,,,,,,,,,,,,,,,,,,,,,,,,,,,,,,,,,,,,,,,,,,,,,,,,,,,,,,,
preowned-ck1907-600-10-5-po-1,,,,,,,,,,,,,,,,,,,,,,,,,,,,,,,https://cdn.shopify.com/s/files/1/0674/5767/9557/files/6bcf26a6-ab8f-42c3-8753-b3abdf60d485.jpg?v=1790106617,4,Nike Classic Cortez Stranger Things Independence Day Pack - Image 4,,,,,,,,,,,,,,,,,,,,,,,,,,,,,,,,,,,,,,,,,,,,,,,,,,,,,,,,,,
preowned-ck1907-600-10-5-po-1,,,,,,,,,,,,,,,,,,,,,,,,,,,,,,,https://cdn.shopify.com/s/files/1/0674/5767/9557/files/b0e51f15-4c18-48f5-9b83-9b7f87c335fd.jpg?v=1790106617,5,Nike Classic Cortez Stranger Things Independence Day Pack - Image 5,,,,,,,,,,,,,,,,,,,,,,,,,,,,,,,,,,,,,,,,,,,,,,,,,,,,,,,,,,
preowned-ck1907-600-10-5-po-1,,,,,,,,,,,,,,,,,,,,,,,,,,,,,,,https://cdn.shopify.com/s/files/1/0674/5767/9557/files/70ef9719-f7ef-4f8e-9e89-c7ff12029eeb.jpg?v=1790106617,6,Nike Classic Cortez Stranger Things Independence Day Pack - Image 6,,,,,,,,,,,,,,,,,,,,,,,,,,,,,,,,,,,,,,,,,,,,,,,,,,,,,,,,,,
preowned-ck1907-600-10-5-po-1,,,,,,,,,,,,,,,,,,,,,,,,,,,,,,,https://cdn.shopify.com/s/files/1/0674/5767/9557/files/8b3a6663-8cd6-4933-a4d3-ba5d19a30dc1.jpg?v=1790106617,7,Nike Classic Cortez Stranger Things Independence Day Pack - Image 7,,,,,,,,,,,,,,,,,,,,,,,,,,,,,,,,,,,,,,,,,,,,,,,,,,,,,,,,,,
preowned-ck1907-600-10-5-po-1,,,,,,,,,,,,,,,,,,,,,,,,,,,,,,,https://cdn.shopify.com/s/files/1/0674/5767/9557/files/89c2faac-7584-40a2-bcee-bba7f57de070.jpg?v=1790106617,8,Nike Classic Cortez Stranger Things Independence Day Pack - Image 8,,,,,,,,,,,,,,,,,,,,,,,,,,,,,,,,,,,,,,,,,,,,,,,,,,,,,,,,,,
preowned-ck1907-600-10-5-po-1,,,,,,,,,,,,,,,,,,,,,,,,,,,,,,,https://cdn.shopify.com/s/files/1/0674/5767/9557/files/27f70039-adce-4da8-bbf1-063ffc62c35e.jpg?v=1790106617,9,Nike Classic Cortez Stranger Things Independence Day Pack - Image 9,,,,,,,,,,,,,,,,,,,,,,,,,,,,,,,,,,,,,,,,,,,,,,,,,,,,,,,,,,
preowned-555088-007-8-5-po-1,Jordan 1 Retro Royal (2017) 8.5 (Pre-Owned),"Jordan 1 Retro Royal (2017)<br>SKU: 555088-007<br>Size: 8.5M / 10W<br>Condition: Lightly Worn<br>Box Condition: Original Box<br>Release Date: 2017-04-01<br><br>All items are shipped out quickly with safe packaging.<br>Check our reviews to see the accuracy of conditions, speed of shipping &amp; quality of service.<br><br>Please DM if you have any questions or need any more information. Thank you!",Jordan,,Pre-Owned Sneakers,"jordan, lightly_worn, pre-owned, Restock",TRUE,Size,8.5M / 10W,,,,,,,,555088-007-8.5-PO-1,0,shopify,deny,manual,80,,TRUE,TRUE,,,,,3291486637,https://cdn.shopify.com/s/files/1/0674/5767/9557/files/202c90f8-38a8-4e15-975c-7200ea88a6ca.jpg?v=1790106725,1,Jordan 1 Retro Royal (2017) - Image 1,FALSE,,,,,,,,,,,,,,Pre-Owned,,,,,,,,,,,,,,,,,,,,,,,,,,,,,,,,,,,,lb,,,active,,,,
preowned-555088-007-8-5-po-1,,,,,,,,,,,,,,,,,,,,,,,,,,,,,,,https://cdn.shopify.com/s/files/1/0674/5767/9557/files/fcd24be0-f65c-4b5c-8be4-5dc3570ed86c.jpg?v=1790106725,2,Jordan 1 Retro Royal (2017) - Image 2,,,,,,,,,,,,,,,,,,,,,,,,,,,,,,,,,,,,,,,,,,,,,,,,,,,,,,,,,,
preowned-555088-007-8-5-po-1,,,,,,,,,,,,,,,,,,,,,,,,,,,,,,,https://cdn.shopify.com/s/files/1/0674/5767/9557/files/d5449b47-a99a-40f3-9005-321ef751bd5a.jpg?v=1790106725,3,Jordan 1 Retro Royal (2017) - Image 3,,,,,,,,,,,,,,,,,,,,,,,,,,,,,,,,,,,,,,,,,,,,,,,,,,,,,,,,,,
preowned-555088-007-8-5-po-1,,,,,,,,,,,,,,,,,,,,,,,,,,,,,,,https://cdn.shopify.com/s/files/1/0674/5767/9557/files/31344ba2-0f46-4f6d-a47d-55500887e327.jpg?v=1790106724,4,Jordan 1 Retro Royal (2017) - Image 4,,,,,,,,,,,,,,,,,,,,,,,,,,,,,,,,,,,,,,,,,,,,,,,,,,,,,,,,,,
preowned-555088-007-8-5-po-1,,,,,,,,,,,,,,,,,,,,,,,,,,,,,,,https://cdn.shopify.com/s/files/1/0674/5767/9557/files/20d4552e-5c86-4146-8906-1c9a4f67f28e.jpg?v=1790106725,5,Jordan 1 Retro Royal (2017) - Image 5,,,,,,,,,,,,,,,,,,,,,,,,,,,,,,,,,,,,,,,,,,,,,,,,,,,,,,,,,,
preowned-555088-007-8-5-po-1,,,,,,,,,,,,,,,,,,,,,,,,,,,,,,,https://cdn.shopify.com/s/files/1/0674/5767/9557/files/e8875ab3-e1af-4f2f-8a36-d5fd6fd0a644.jpg?v=1790106725,6,Jordan 1 Retro Royal (2017) - Image 6,,,,,,,,,,,,,,,,,,,,,,,,,,,,,,,,,,,,,,,,,,,,,,,,,,,,,,,,,,
preowned-555088-007-8-5-po-1,,,,,,,,,,,,,,,,,,,,,,,,,,,,,,,https://cdn.shopify.com/s/files/1/0674/5767/9557/files/a9a16f27-b932-49fa-9f8b-87fbe5cc6a1d.jpg?v=1790106725,7,Jordan 1 Retro Royal (2017) - Image 7,,,,,,,,,,,,,,,,,,,,,,,,,,,,,,,,,,,,,,,,,,,,,,,,,,,,,,,,,,
preowned-555088-007-8-5-po-1,,,,,,,,,,,,,,,,,,,,,,,,,,,,,,,https://cdn.shopify.com/s/files/1/0674/5767/9557/files/935185bc-0d50-4688-902f-90076a2d23ae.jpg?v=1790106725,8,Jordan 1 Retro Royal (2017) - Image 8,,,,,,,,,,,,,,,,,,,,,,,,,,,,,,,,,,,,,,,,,,,,,,,,,,,,,,,,,,
preowned-cd0461-046-12w-po-1,Jordan 1 Retro High NC to Chi (Women's) 12W (Pre-Owned),"Jordan 1 Retro High NC to Chi (Women's)<br>SKU: CD0461-046<br>Size: 12W<br>Condition: Lightly Worn<br>Box Condition: Original Box<br>Release Date: 2020-02-13<br><br>All items are shipped out quickly with safe packaging.<br>Check our reviews to see the accuracy of conditions, speed of shipping &amp; quality of service.<br><br>Please DM if you have any questions or need any more information. Thank you!",Jordan,,Pre-Owned Sneakers,"jordan, lightly_worn, pre-owned, Restock",TRUE,Size,12W,,,,,,,,CD0461-046-12W-PO-1,0,shopify,deny,manual,70,,TRUE,TRUE,,,,,9148034310,https://cdn.shopify.com/s/files/1/0674/5767/9557/files/28e8957f-79da-4263-833e-c308bb5a1360.jpg?v=1790113848,1,Jordan 1 Retro High NC to Chi (Women's) - Image 1,FALSE,,,,,,,,,,,,,,Pre-Owned,,,,,,,,,,,,,,,,,,,,,,,,,,,,,,,,,,,,lb,,,active,,,,
preowned-cd0461-046-12w-po-1,,,,,,,,,,,,,,,,,,,,,,,,,,,,,,,https://cdn.shopify.com/s/files/1/0674/5767/9557/files/ab10a2a1-c7bc-42d8-8f28-ae3e4aeda8dd.jpg?v=1790113848,2,Jordan 1 Retro High NC to Chi (Women's) - Image 2,,,,,,,,,,,,,,,,,,,,,,,,,,,,,,,,,,,,,,,,,,,,,,,,,,,,,,,,,,
preowned-cd0461-046-12w-po-1,,,,,,,,,,,,,,,,,,,,,,,,,,,,,,,https://cdn.shopify.com/s/files/1/0674/5767/9557/files/7e152a9f-34b1-43d1-a267-bcdf871fa281.jpg?v=1790113849,3,Jordan 1 Retro High NC to Chi (Women's) - Image 3,,,,,,,,,,,,,,,,,,,,,,,,,,,,,,,,,,,,,,,,,,,,,,,,,,,,,,,,,,
preowned-cd0461-046-12w-po-1,,,,,,,,,,,,,,,,,,,,,,,,,,,,,,,https://cdn.shopify.com/s/files/1/0674/5767/9557/files/87006349-39cb-4d16-bad2-31752c8dc13f.jpg?v=1790113849,4,Jordan 1 Retro High NC to Chi (Women's) - Image 4,,,,,,,,,,,,,,,,,,,,,,,,,,,,,,,,,,,,,,,,,,,,,,,,,,,,,,,,,,
preowned-cd0461-046-12w-po-1,,,,,,,,,,,,,,,,,,,,,,,,,,,,,,,https://cdn.shopify.com/s/files/1/0674/5767/9557/files/1c369c3f-cbe3-4a1e-a200-a9a913920304.jpg?v=1790113849,5,Jordan 1 Retro High NC to Chi (Women's) - Image 5,,,,,,,,,,,,,,,,,,,,,,,,,,,,,,,,,,,,,,,,,,,,,,,,,,,,,,,,,,
preowned-cd0461-046-12w-po-1,,,,,,,,,,,,,,,,,,,,,,,,,,,,,,,https://cdn.shopify.com/s/files/1/0674/5767/9557/files/4f0c1dca-a463-48d5-a427-ebd31bd6c432.jpg?v=1790113848,6,Jordan 1 Retro High NC to Chi (Women's) - Image 6,,,,,,,,,,,,,,,,,,,,,,,,,,,,,,,,,,,,,,,,,,,,,,,,,,,,,,,,,,
preowned-cd0461-046-12w-po-1,,,,,,,,,,,,,,,,,,,,,,,,,,,,,,,https://cdn.shopify.com/s/files/1/0674/5767/9557/files/449d5a65-44c9-4fb8-9193-b24b942b9514.jpg?v=1790113849,7,Jordan 1 Retro High NC to Chi (Women's) - Image 7,,,,,,,,,,,,,,,,,,,,,,,,,,,,,,,,,,,,,,,,,,,,,,,,,,,,,,,,,,
preowned-cd0461-046-12w-po-1,,,,,,,,,,,,,,,,,,,,,,,,,,,,,,,https://cdn.shopify.com/s/files/1/0674/5767/9557/files/7b0e1542-03c5-4ff0-bb48-8bb0a6e7def4.jpg?v=1790113849,8,Jordan 1 Retro High NC to Chi (Women's) - Image 8,,,,,,,,,,,,,,,,,,,,,,,,,,,,,,,,,,,,,,,,,,,,,,,,,,,,,,,,,,
preowned-cd0461-046-12w-po-1,,,,,,,,,,,,,,,,,,,,,,,,,,,,,,,https://cdn.shopify.com/s/files/1/0674/5767/9557/files/79157750-797d-4397-8728-9fb38c7ea630.jpg?v=1790113849,9,Jordan 1 Retro High NC to Chi (Women's) - Image 9,,,,,,,,,,,,,,,,,,,,,,,,,,,,,,,,,,,,,,,,,,,,,,,,,,,,,,,,,,
preowned-cd0461-046-12w-po-1,,,,,,,,,,,,,,,,,,,,,,,,,,,,,,,https://cdn.shopify.com/s/files/1/0674/5767/9557/files/d83915b7-0513-44ae-ac8e-29b2eaab4d9a.jpg?v=1790113848,10,Jordan 1 Retro High NC to Chi (Women's) - Image 10,,,,,,,,,,,,,,,,,,,,,,,,,,,,,,,,,,,,,,,,,,,,,,,,,,,,,,,,,,
preowned-cd0461-046-12w-po-1,,,,,,,,,,,,,,,,,,,,,,,,,,,,,,,https://cdn.shopify.com/s/files/1/0674/5767/9557/files/fb11dba5-5074-42ac-aa4e-9b2df71cf65d.jpg?v=1790113849,11,Jordan 1 Retro High NC to Chi (Women's) - Image 11,,,,,,,,,,,,,,,,,,,,,,,,,,,,,,,,,,,,,,,,,,,,,,,,,,,,,,,,,,
preowned-cd0461-046-12w-po-1,,,,,,,,,,,,,,,,,,,,,,,,,,,,,,,https://cdn.shopify.com/s/files/1/0674/5767/9557/files/db0e0c2a-d53f-48b0-bf03-79441549326a.jpg?v=1790113849,12,Jordan 1 Retro High NC to Chi (Women's) - Image 12,,,,,,,,,,,,,,,,,,,,,,,,,,,,,,,,,,,,,,,,,,,,,,,,,,,,,,,,,,
preowned-cd0461-046-12w-po-1,,,,,,,,,,,,,,,,,,,,,,,,,,,,,,,https://cdn.shopify.com/s/files/1/0674/5767/9557/files/a7c24a98-b402-42c5-b7e1-ea5fa2623195.jpg?v=1790113848,13,Jordan 1 Retro High NC to Chi (Women's) - Image 13,,,,,,,,,,,,,,,,,,,,,,,,,,,,,,,,,,,,,,,,,,,,,,,,,,,,,,,,,,
preowned-cd0461-046-12w-po-1,,,,,,,,,,,,,,,,,,,,,,,,,,,,,,,https://cdn.shopify.com/s/files/1/0674/5767/9557/files/3acb524c-d22d-4696-ab2a-2490305aff40.jpg?v=1790113849,14,Jordan 1 Retro High NC to Chi (Women's) - Image 14,,,,,,,,,,,,,,,,,,,,,,,,,,,,,,,,,,,,,,,,,,,,,,,,,,,,,,,,,,
preowned-cd0461-046-12w-po-1,,,,,,,,,,,,,,,,,,,,,,,,,,,,,,,https://cdn.shopify.com/s/files/1/0674/5767/9557/files/a13d3279-3316-4cf8-8858-dd99232900c9.jpg?v=1790113849,15,Jordan 1 Retro High NC to Chi (Women's) - Image 15,,,,,,,,,,,,,,,,,,,,,,,,,,,,,,,,,,,,,,,,,,,,,,,,,,,,,,,,,,
preowned-cd0461-046-12w-po-1,,,,,,,,,,,,,,,,,,,,,,,,,,,,,,,https://cdn.shopify.com/s/files/1/0674/5767/9557/files/d1d1b277-b998-4251-b0bf-fabadee8507a.jpg?v=1790113848,16,Jordan 1 Retro High NC to Chi (Women's) - Image 16,,,,,,,,,,,,,,,,,,,,,,,,,,,,,,,,,,,,,,,,,,,,,,,,,,,,,,,,,,
preowned-bv0072-700-10-5-po-1,Nike Blazer Mid sacai Snow Beach 10.5 (Pre-Owned),"Nike Blazer Mid sacai Snow Beach<br>SKU: BV0072-700<br>Size: 10.5M / 12W<br>Condition: Lightly Worn<br>Box Condition: Original Box<br>Release Date: 2019-05-30<br><br>All items are shipped out quickly with safe packaging.<br>Check our reviews to see the accuracy of conditions, speed of shipping &amp; quality of service.<br><br>Please DM if you have any questions or need any more information. Thank you!",Nike,,Pre-Owned Sneakers,"lightly_worn, nike, pre-owned, Restock",TRUE,Size,10.5M / 12W,,,,,,,,BV0072-700-10.5-PO-1,0,shopify,deny,manual,65,,TRUE,TRUE,,,,,2463742979,https://cdn.shopify.com/s/files/1/0674/5767/9557/files/562ce772-6f8d-4022-a885-13daf29e43f5.jpg?v=1790114386,1,Nike Blazer Mid sacai Snow Beach - Image 1,FALSE,,,,,,,,,,,,,,Pre-Owned,,,,,,,,,,,,,,,,,,,,,,,,,,,,,,,,,,,,lb,,,active,,,,
preowned-bv0072-700-10-5-po-1,,,,,,,,,,,,,,,,,,,,,,,,,,,,,,,https://cdn.shopify.com/s/files/1/0674/5767/9557/files/1c1d607a-505b-474c-912d-cc6a7f4b5333.jpg?v=1790114385,2,Nike Blazer Mid sacai Snow Beach - Image 2,,,,,,,,,,,,,,,,,,,,,,,,,,,,,,,,,,,,,,,,,,,,,,,,,,,,,,,,,,
preowned-bv0072-700-10-5-po-1,,,,,,,,,,,,,,,,,,,,,,,,,,,,,,,https://cdn.shopify.com/s/files/1/0674/5767/9557/files/621c8ad6-ec86-4080-9b7a-39192209fb83.jpg?v=1790114385,3,Nike Blazer Mid sacai Snow Beach - Image 3,,,,,,,,,,,,,,,,,,,,,,,,,,,,,,,,,,,,,,,,,,,,,,,,,,,,,,,,,,
preowned-bv0072-700-10-5-po-1,,,,,,,,,,,,,,,,,,,,,,,,,,,,,,,https://cdn.shopify.com/s/files/1/0674/5767/9557/files/2ba44902-00d8-4798-b366-966004cb1c14.jpg?v=1790114386,4,Nike Blazer Mid sacai Snow Beach - Image 4,,,,,,,,,,,,,,,,,,,,,,,,,,,,,,,,,,,,,,,,,,,,,,,,,,,,,,,,,,
preowned-bv0072-700-10-5-po-1,,,,,,,,,,,,,,,,,,,,,,,,,,,,,,,https://cdn.shopify.com/s/files/1/0674/5767/9557/files/b579f46c-9308-4149-ade4-4e40cfd7fbcd.jpg?v=1790114385,5,Nike Blazer Mid sacai Snow Beach - Image 5,,,,,,,,,,,,,,,,,,,,,,,,,,,,,,,,,,,,,,,,,,,,,,,,,,,,,,,,,,
preowned-bv0072-700-10-5-po-1,,,,,,,,,,,,,,,,,,,,,,,,,,,,,,,https://cdn.shopify.com/s/files/1/0674/5767/9557/files/69512b9a-792c-41fa-9982-fef734e0a3f0.jpg?v=1790114385,6,Nike Blazer Mid sacai Snow Beach - Image 6,,,,,,,,,,,,,,,,,,,,,,,,,,,,,,,,,,,,,,,,,,,,,,,,,,,,,,,,,,
preowned-bv0072-700-10-5-po-1,,,,,,,,,,,,,,,,,,,,,,,,,,,,,,,https://cdn.shopify.com/s/files/1/0674/5767/9557/files/94429e27-743c-40fb-b3a8-ef5e043a5dbc.jpg?v=1790114385,7,Nike Blazer Mid sacai Snow Beach - Image 7,,,,,,,,,,,,,,,,,,,,,,,,,,,,,,,,,,,,,,,,,,,,,,,,,,,,,,,,,,
preowned-bv0072-700-10-5-po-1,,,,,,,,,,,,,,,,,,,,,,,,,,,,,,,https://cdn.shopify.com/s/files/1/0674/5767/9557/files/dce4947e-aeae-4a92-9133-cae74185df1c.jpg?v=1790114385,8,Nike Blazer Mid sacai Snow Beach - Image 8,,,,,,,,,,,,,,,,,,,,,,,,,,,,,,,,,,,,,,,,,,,,,,,,,,,,,,,,,,
preowned-ah7860-101-9-5w-po-1,Jordan 11 Retro Low Pure Violet (Women's) 9.5W (Pre-Owned),"Jordan 11 Retro Low Pure Violet (Women's)<br>SKU: AH7860-101<br>Size: 9.5W<br>Condition: Moderately Worn<br>Box Condition: Original Box<br>Release Date: 2022-04-28<br><br>All items are shipped out quickly with safe packaging.<br>Check our reviews to see the accuracy of conditions, speed of shipping &amp; quality of service.<br><br>Please DM if you have any questions or need any more information. Thank you!",Jordan,,Pre-Owned Sneakers,"jordan, moderately_worn, pre-owned, Restock",TRUE,Size,9.5W,,,,,,,,AH7860-101-9.5W-PO-1,0,shopify,deny,manual,75,,TRUE,TRUE,,,,,0886776867,https://cdn.shopify.com/s/files/1/0674/5767/9557/files/01477ede-3a58-4ada-bbcd-b858a747a414.jpg?v=1790114195,1,Jordan 11 Retro Low Pure Violet (Women's) - Image 1,FALSE,,,,,,,,,,,,,,Pre-Owned,,,,,,,,,,,,,,,,,,,,,,,,,,,,,,,,,,,,lb,,,active,,,,
preowned-ah7860-101-9-5w-po-1,,,,,,,,,,,,,,,,,,,,,,,,,,,,,,,https://cdn.shopify.com/s/files/1/0674/5767/9557/files/f58415af-c118-41ea-af93-0fb673a1892c.jpg?v=1790114195,2,Jordan 11 Retro Low Pure Violet (Women's) - Image 2,,,,,,,,,,,,,,,,,,,,,,,,,,,,,,,,,,,,,,,,,,,,,,,,,,,,,,,,,,
preowned-ah7860-101-9-5w-po-1,,,,,,,,,,,,,,,,,,,,,,,,,,,,,,,https://cdn.shopify.com/s/files/1/0674/5767/9557/files/0480f0ce-503f-4503-ae9e-f31b6c1fc4e5.jpg?v=1790114194,3,Jordan 11 Retro Low Pure Violet (Women's) - Image 3,,,,,,,,,,,,,,,,,,,,,,,,,,,,,,,,,,,,,,,,,,,,,,,,,,,,,,,,,,
preowned-ah7860-101-9-5w-po-1,,,,,,,,,,,,,,,,,,,,,,,,,,,,,,,https://cdn.shopify.com/s/files/1/0674/5767/9557/files/5f672d90-8608-4f5a-a369-92d49122ad10.jpg?v=1790114194,4,Jordan 11 Retro Low Pure Violet (Women's) - Image 4,,,,,,,,,,,,,,,,,,,,,,,,,,,,,,,,,,,,,,,,,,,,,,,,,,,,,,,,,,
preowned-ah7860-101-9-5w-po-1,,,,,,,,,,,,,,,,,,,,,,,,,,,,,,,https://cdn.shopify.com/s/files/1/0674/5767/9557/files/be384a59-aa1f-4192-8dc1-87ddfc16fa40.jpg?v=1790114194,5,Jordan 11 Retro Low Pure Violet (Women's) - Image 5,,,,,,,,,,,,,,,,,,,,,,,,,,,,,,,,,,,,,,,,,,,,,,,,,,,,,,,,,,
preowned-ah7860-101-9-5w-po-1,,,,,,,,,,,,,,,,,,,,,,,,,,,,,,,https://cdn.shopify.com/s/files/1/0674/5767/9557/files/2bd488b0-bb69-42bc-a535-39422051ab17.jpg?v=1790114194,6,Jordan 11 Retro Low Pure Violet (Women's) - Image 6,,,,,,,,,,,,,,,,,,,,,,,,,,,,,,,,,,,,,,,,,,,,,,,,,,,,,,,,,,
preowned-ah7860-101-9-5w-po-1,,,,,,,,,,,,,,,,,,,,,,,,,,,,,,,https://cdn.shopify.com/s/files/1/0674/5767/9557/files/df6fa8f8-4097-45b1-a43c-4b2483faafa9.jpg?v=1790114194,7,Jordan 11 Retro Low Pure Violet (Women's) - Image 7,,,,,,,,,,,,,,,,,,,,,,,,,,,,,,,,,,,,,,,,,,,,,,,,,,,,,,,,,,
preowned-ah7860-101-9-5w-po-1,,,,,,,,,,,,,,,,,,,,,,,,,,,,,,,https://cdn.shopify.com/s/files/1/0674/5767/9557/files/3041bf50-b660-4e1d-9a36-31e9db9247b8.jpg?v=1790114194,8,Jordan 11 Retro Low Pure Violet (Women's) - Image 8,,,,,,,,,,,,,,,,,,,,,,,,,,,,,,,,,,,,,,,,,,,,,,,,,,,,,,,,,,
preowned-ar4237-900-9-5-po-1,Nike Air Fear of God 1 Oatmeal 9.5 (Pre-Owned),"Nike Air Fear of God 1 Oatmeal<br>SKU: AR4237-900<br>Size: 9.5M / 11W<br>Condition: Lightly Worn<br>Box Condition: Original Box<br>Release Date: 2019-11-02<br><br>All items are shipped out quickly with safe packaging.<br>Check our reviews to see the accuracy of conditions, speed of shipping &amp; quality of service.<br><br>Please DM if you have any questions or need any more information. Thank you!",Nike,,Pre-Owned Sneakers,"lightly_worn, nike, pre-owned, Restock",TRUE,Size,9.5M / 11W,,,,,,,,AR4237-900-9.5-PO-1,0,shopify,deny,manual,180,,TRUE,TRUE,,,,,2210620895,https://cdn.shopify.com/s/files/1/0674/5767/9557/files/5947f45f-591b-4c83-9b59-00198449284b.jpg?v=1790108107,1,Nike Air Fear of God 1 Oatmeal - Image 1,FALSE,,,,,,,,,,,,,,Pre-Owned,,,,,,,,,,,,,,,,,,,,,,,,,,,,,,,,,,,,lb,,,active,,,,
preowned-ar4237-900-9-5-po-1,,,,,,,,,,,,,,,,,,,,,,,,,,,,,,,https://cdn.shopify.com/s/files/1/0674/5767/9557/files/6727697f-5848-403d-8008-27f2a969d3b2.jpg?v=1790108107,2,Nike Air Fear of God 1 Oatmeal - Image 2,,,,,,,,,,,,,,,,,,,,,,,,,,,,,,,,,,,,,,,,,,,,,,,,,,,,,,,,,,
preowned-ar4237-900-9-5-po-1,,,,,,,,,,,,,,,,,,,,,,,,,,,,,,,https://cdn.shopify.com/s/files/1/0674/5767/9557/files/61125bff-70dc-4db2-86c4-8da6f106affd.jpg?v=1790108108,3,Nike Air Fear of God 1 Oatmeal - Image 3,,,,,,,,,,,,,,,,,,,,,,,,,,,,,,,,,,,,,,,,,,,,,,,,,,,,,,,,,,
preowned-ar4237-900-9-5-po-1,,,,,,,,,,,,,,,,,,,,,,,,,,,,,,,https://cdn.shopify.com/s/files/1/0674/5767/9557/files/9124e0f0-9797-4d27-8a3e-be376a1f115d.jpg?v=1790108108,4,Nike Air Fear of God 1 Oatmeal - Image 4,,,,,,,,,,,,,,,,,,,,,,,,,,,,,,,,,,,,,,,,,,,,,,,,,,,,,,,,,,
preowned-ar4237-900-9-5-po-1,,,,,,,,,,,,,,,,,,,,,,,,,,,,,,,https://cdn.shopify.com/s/files/1/0674/5767/9557/files/97e31297-a8f8-41e6-8510-e273b2a937f5.jpg?v=1790108107,5,Nike Air Fear of God 1 Oatmeal - Image 5,,,,,,,,,,,,,,,,,,,,,,,,,,,,,,,,,,,,,,,,,,,,,,,,,,,,,,,,,,
preowned-ar4237-900-9-5-po-1,,,,,,,,,,,,,,,,,,,,,,,,,,,,,,,https://cdn.shopify.com/s/files/1/0674/5767/9557/files/d0a62bd2-ecd1-4dc5-a5b4-c992803db5f0.jpg?v=1790108108,6,Nike Air Fear of God 1 Oatmeal - Image 6,,,,,,,,,,,,,,,,,,,,,,,,,,,,,,,,,,,,,,,,,,,,,,,,,,,,,,,,,,
preowned-ar4237-900-9-5-po-1,,,,,,,,,,,,,,,,,,,,,,,,,,,,,,,https://cdn.shopify.com/s/files/1/0674/5767/9557/files/7f581f4d-3541-4e32-874d-84e6a59505d3.jpg?v=1790108107,7,Nike Air Fear of God 1 Oatmeal - Image 7,,,,,,,,,,,,,,,,,,,,,,,,,,,,,,,,,,,,,,,,,,,,,,,,,,,,,,,,,,
preowned-ar4237-900-9-5-po-1,,,,,,,,,,,,,,,,,,,,,,,,,,,,,,,https://cdn.shopify.com/s/files/1/0674/5767/9557/files/223deb7e-9c1e-4c4a-bed0-6fb30c430d95.jpg?v=1790108108,8,Nike Air Fear of God 1 Oatmeal - Image 8,,,,,,,,,,,,,,,,,,,,,,,,,,,,,,,,,,,,,,,,,,,,,,,,,,,,,,,,,,
preowned-ar4237-900-9-5-po-1,,,,,,,,,,,,,,,,,,,,,,,,,,,,,,,https://cdn.shopify.com/s/files/1/0674/5767/9557/files/b4909b67-4bb3-49e0-bccb-aec7d5909f5a.jpg?v=1790108107,9,Nike Air Fear of God 1 Oatmeal - Image 9,,,,,,,,,,,,,,,,,,,,,,,,,,,,,,,,,,,,,,,,,,,,,,,,,,,,,,,,,,
preowned-ih4383-300-12-po-1,Nike Air Force 1 Low Lil Yachty Concrete Boys Lucky Green 12 (Pre-Owned),"Nike Air Force 1 Low Lil Yachty Concrete Boys Lucky Green<br>SKU: IH4383-300<br>Size: 12M / 13.5W<br>Condition: Lightly Worn<br>Box Condition: Original Box<br>Release Date: 2025-05-22<br><br>All items are shipped out quickly with safe packaging.<br>Check our reviews to see the accuracy of conditions, speed of shipping &amp; quality of service.<br><br>Please DM if you have any questions or need any more information. Thank you!",Nike,,Pre-Owned Sneakers,"lightly_worn, nike, pre-owned, Restock",TRUE,Size,12M / 13.5W,,,,,,,,IH4383-300-12-PO-1,0,shopify,deny,manual,595,,TRUE,TRUE,,,,,4982480028,https://cdn.shopify.com/s/files/1/0674/5767/9557/files/9204d4c6-c551-4854-bbdc-6a95993a5658.jpg?v=1790114089,1,Nike Air Force 1 Low Lil Yachty Concrete Boys Lucky Green - Image 1,FALSE,,,,,,,,,,,,,,Pre-Owned,,,,,,,,,,,,,,,,,,,,,,,,,,,,,,,,,,,,lb,,,active,,,,
preowned-ih4383-300-12-po-1,,,,,,,,,,,,,,,,,,,,,,,,,,,,,,,https://cdn.shopify.com/s/files/1/0674/5767/9557/files/67db7e5f-a90b-4242-a3fb-20196e3ab94a.jpg?v=1790114089,2,Nike Air Force 1 Low Lil Yachty Concrete Boys Lucky Green - Image 2,,,,,,,,,,,,,,,,,,,,,,,,,,,,,,,,,,,,,,,,,,,,,,,,,,,,,,,,,,
preowned-ih4383-300-12-po-1,,,,,,,,,,,,,,,,,,,,,,,,,,,,,,,https://cdn.shopify.com/s/files/1/0674/5767/9557/files/6bc0e585-b2bc-4f1e-bae4-e93f63630644.jpg?v=1790114089,3,Nike Air Force 1 Low Lil Yachty Concrete Boys Lucky Green - Image 3,,,,,,,,,,,,,,,,,,,,,,,,,,,,,,,,,,,,,,,,,,,,,,,,,,,,,,,,,,
preowned-ih4383-300-12-po-1,,,,,,,,,,,,,,,,,,,,,,,,,,,,,,,https://cdn.shopify.com/s/files/1/0674/5767/9557/files/1c86a92e-9b15-4f52-9372-f8e2ed209bc0.jpg?v=1790114089,4,Nike Air Force 1 Low Lil Yachty Concrete Boys Lucky Green - Image 4,,,,,,,,,,,,,,,,,,,,,,,,,,,,,,,,,,,,,,,,,,,,,,,,,,,,,,,,,,
preowned-ih4383-300-12-po-1,,,,,,,,,,,,,,,,,,,,,,,,,,,,,,,https://cdn.shopify.com/s/files/1/0674/5767/9557/files/e08526a4-02d9-4782-a1a8-8480fb9f8e9a.jpg?v=1790114089,5,Nike Air Force 1 Low Lil Yachty Concrete Boys Lucky Green - Image 5,,,,,,,,,,,,,,,,,,,,,,,,,,,,,,,,,,,,,,,,,,,,,,,,,,,,,,,,,,
preowned-ih4383-300-12-po-1,,,,,,,,,,,,,,,,,,,,,,,,,,,,,,,https://cdn.shopify.com/s/files/1/0674/5767/9557/files/6b0f5df9-5687-4dfa-aead-2a7c8503faaf.jpg?v=1790114089,6,Nike Air Force 1 Low Lil Yachty Concrete Boys Lucky Green - Image 6,,,,,,,,,,,,,,,,,,,,,,,,,,,,,,,,,,,,,,,,,,,,,,,,,,,,,,,,,,
preowned-ih4383-300-12-po-1,,,,,,,,,,,,,,,,,,,,,,,,,,,,,,,https://cdn.shopify.com/s/files/1/0674/5767/9557/files/aee24028-76f0-4d62-93e2-a86315ff8059.jpg?v=1790114089,7,Nike Air Force 1 Low Lil Yachty Concrete Boys Lucky Green - Image 7,,,,,,,,,,,,,,,,,,,,,,,,,,,,,,,,,,,,,,,,,,,,,,,,,,,,,,,,,,
preowned-ih4383-300-12-po-1,,,,,,,,,,,,,,,,,,,,,,,,,,,,,,,https://cdn.shopify.com/s/files/1/0674/5767/9557/files/c30f36c3-47b3-472e-9a3a-dcdc6e88db90.jpg?v=1790114089,8,Nike Air Force 1 Low Lil Yachty Concrete Boys Lucky Green - Image 8,,,,,,,,,,,,,,,,,,,,,,,,,,,,,,,,,,,,,,,,,,,,,,,,,,,,,,,,,,
preowned-555088-700-12-po-1,Jordan 1 Retro High Rookie of the Year 12 (Pre-Owned),"Jordan 1 Retro High Rookie of the Year<br>SKU: 555088-700<br>Size: 12M / 13.5W<br>Condition: Moderately Worn<br>Box Condition: Original Box<br>Release Date: 2018-11-17<br><br>All items are shipped out quickly with safe packaging.<br>Check our reviews to see the accuracy of conditions, speed of shipping &amp; quality of service.<br><br>Please DM if you have any questions or need any more information. Thank you!",Jordan,,Pre-Owned Sneakers,"jordan, moderately_worn, pre-owned, Restock",TRUE,Size,12M / 13.5W,,,,,,,,555088-700-12-PO-1,0,shopify,deny,manual,110,,TRUE,TRUE,,,,,5935223179,https://cdn.shopify.com/s/files/1/0674/5767/9557/files/14330d69-922b-4d93-93ec-60c84d634799.jpg?v=1790112479,1,Jordan 1 Retro High Rookie of the Year - Image 1,FALSE,,,,,,,,,,,,,,Pre-Owned,,,,,,,,,,,,,,,,,,,,,,,,,,,,,,,,,,,,lb,,,active,,,,
preowned-555088-700-12-po-1,,,,,,,,,,,,,,,,,,,,,,,,,,,,,,,https://cdn.shopify.com/s/files/1/0674/5767/9557/files/cb5b98d8-809e-4494-a5d2-1796f3146297.jpg?v=1790112479,2,Jordan 1 Retro High Rookie of the Year - Image 2,,,,,,,,,,,,,,,,,,,,,,,,,,,,,,,,,,,,,,,,,,,,,,,,,,,,,,,,,,
preowned-555088-700-12-po-1,,,,,,,,,,,,,,,,,,,,,,,,,,,,,,,https://cdn.shopify.com/s/files/1/0674/5767/9557/files/a8f8d798-c8a4-4a97-98fa-508d81191999.jpg?v=1790112479,3,Jordan 1 Retro High Rookie of the Year - Image 3,,,,,,,,,,,,,,,,,,,,,,,,,,,,,,,,,,,,,,,,,,,,,,,,,,,,,,,,,,
preowned-555088-700-12-po-1,,,,,,,,,,,,,,,,,,,,,,,,,,,,,,,https://cdn.shopify.com/s/files/1/0674/5767/9557/files/2e79574b-b291-47bd-8b06-2fcda3965ea4.jpg?v=1790112479,4,Jordan 1 Retro High Rookie of the Year - Image 4,,,,,,,,,,,,,,,,,,,,,,,,,,,,,,,,,,,,,,,,,,,,,,,,,,,,,,,,,,
preowned-555088-700-12-po-1,,,,,,,,,,,,,,,,,,,,,,,,,,,,,,,https://cdn.shopify.com/s/files/1/0674/5767/9557/files/6ac520bb-c680-4905-9fea-f89c3c61b9b6.jpg?v=1790112479,5,Jordan 1 Retro High Rookie of the Year - Image 5,,,,,,,,,,,,,,,,,,,,,,,,,,,,,,,,,,,,,,,,,,,,,,,,,,,,,,,,,,
preowned-555088-700-12-po-1,,,,,,,,,,,,,,,,,,,,,,,,,,,,,,,https://cdn.shopify.com/s/files/1/0674/5767/9557/files/d1fefcbe-7216-408a-8163-805596a3990b.jpg?v=1790112479,6,Jordan 1 Retro High Rookie of the Year - Image 6,,,,,,,,,,,,,,,,,,,,,,,,,,,,,,,,,,,,,,,,,,,,,,,,,,,,,,,,,,
preowned-555088-700-12-po-1,,,,,,,,,,,,,,,,,,,,,,,,,,,,,,,https://cdn.shopify.com/s/files/1/0674/5767/9557/files/32604a00-86c3-4592-b3ef-8166b7d7fae5.jpg?v=1790112479,7,Jordan 1 Retro High Rookie of the Year - Image 7,,,,,,,,,,,,,,,,,,,,,,,,,,,,,,,,,,,,,,,,,,,,,,,,,,,,,,,,,,
preowned-555088-700-12-po-1,,,,,,,,,,,,,,,,,,,,,,,,,,,,,,,https://cdn.shopify.com/s/files/1/0674/5767/9557/files/0877f7b3-d3ef-41fd-9224-c2e928ce53d0.jpg?v=1790112479,8,Jordan 1 Retro High Rookie of the Year - Image 8,,,,,,,,,,,,,,,,,,,,,,,,,,,,,,,,,,,,,,,,,,,,,,,,,,,,,,,,,,
preowned-dn2489-300-12-po-1,Nike Dunk Low SE NY vs. NY 12 (Pre-Owned),"Nike Dunk Low SE NY vs. NY<br>SKU: DN2489-300<br>Size: 12<br>Condition: Lightly Worn<br>Box Condition: Original Box<br><br>All items are shipped out quickly with safe packaging.<br>Check our reviews to see the accuracy of conditions, speed of shipping &amp; quality of service.<br><br>Please DM if you have any questions or need any more information. Thank you!",Nike,,Pre-Owned Sneakers,"lightly_worn, nike, pre-owned, Restock",TRUE,Size,12,,,,,,,,DN2489-300-12-PO-1,0,shopify,deny,manual,120,,TRUE,TRUE,,,,,4809023884,https://cdn.shopify.com/s/files/1/0674/5767/9557/files/eefd5657-3fb6-4ea9-a90b-5dcb1a3ba1a2.jpg?v=1790114492,1,Nike Dunk Low SE NY vs. NY - Image 1,FALSE,,,,,,,,,,,,,,Pre-Owned,,,,,,,,,,,,,,,,,,,,,,,,,,,,,,,,,,,,lb,,,active,,,,
preowned-dn2489-300-12-po-1,,,,,,,,,,,,,,,,,,,,,,,,,,,,,,,https://cdn.shopify.com/s/files/1/0674/5767/9557/files/91dd1bd3-94a1-49d1-99ca-a719d2cc9513.jpg?v=1790114492,2,Nike Dunk Low SE NY vs. NY - Image 2,,,,,,,,,,,,,,,,,,,,,,,,,,,,,,,,,,,,,,,,,,,,,,,,,,,,,,,,,,
preowned-dn2489-300-12-po-1,,,,,,,,,,,,,,,,,,,,,,,,,,,,,,,https://cdn.shopify.com/s/files/1/0674/5767/9557/files/7c5b6b67-0703-441e-89c0-849479eda4e8.jpg?v=1790114493,3,Nike Dunk Low SE NY vs. NY - Image 3,,,,,,,,,,,,,,,,,,,,,,,,,,,,,,,,,,,,,,,,,,,,,,,,,,,,,,,,,,
preowned-dn2489-300-12-po-1,,,,,,,,,,,,,,,,,,,,,,,,,,,,,,,https://cdn.shopify.com/s/files/1/0674/5767/9557/files/c8284003-a1c4-4801-bc17-21adf45b5dff.jpg?v=1790114492,4,Nike Dunk Low SE NY vs. NY - Image 4,,,,,,,,,,,,,,,,,,,,,,,,,,,,,,,,,,,,,,,,,,,,,,,,,,,,,,,,,,
preowned-dn2489-300-12-po-1,,,,,,,,,,,,,,,,,,,,,,,,,,,,,,,https://cdn.shopify.com/s/files/1/0674/5767/9557/files/ca6567fa-9cbb-4edf-ad08-326fdea2d93a.jpg?v=1790114492,5,Nike Dunk Low SE NY vs. NY - Image 5,,,,,,,,,,,,,,,,,,,,,,,,,,,,,,,,,,,,,,,,,,,,,,,,,,,,,,,,,,
preowned-dn2489-300-12-po-1,,,,,,,,,,,,,,,,,,,,,,,,,,,,,,,https://cdn.shopify.com/s/files/1/0674/5767/9557/files/a92e8e7d-768c-49e3-9f8c-617582681d31.jpg?v=1790114492,6,Nike Dunk Low SE NY vs. NY - Image 6,,,,,,,,,,,,,,,,,,,,,,,,,,,,,,,,,,,,,,,,,,,,,,,,,,,,,,,,,,
preowned-dn2489-300-12-po-1,,,,,,,,,,,,,,,,,,,,,,,,,,,,,,,https://cdn.shopify.com/s/files/1/0674/5767/9557/files/394ac37f-4d38-45b3-a1e9-3d712b0f6bc4.jpg?v=1790114492,7,Nike Dunk Low SE NY vs. NY - Image 7,,,,,,,,,,,,,,,,,,,,,,,,,,,,,,,,,,,,,,,,,,,,,,,,,,,,,,,,,,
preowned-dn2489-300-12-po-1,,,,,,,,,,,,,,,,,,,,,,,,,,,,,,,https://cdn.shopify.com/s/files/1/0674/5767/9557/files/1dfc3e28-29de-4deb-8aef-349b04164c43.jpg?v=1790114492,8,Nike Dunk Low SE NY vs. NY - Image 8,,,,,,,,,,,,,,,,,,,,,,,,,,,,,,,,,,,,,,,,,,,,,,,,,,,,,,,,,,
preowned-555088-140-12-po-1,Jordan 1 Retro High Obsidian 12 (Pre-Owned),"Jordan 1 Retro High Obsidian<br>SKU: 555088-140<br>Size: 12M / 13.5W<br>Condition: Moderately Worn<br>Box Condition: Original Box<br>Release Date: 2019-08-31<br><br>All items are shipped out quickly with safe packaging.<br>Check our reviews to see the accuracy of conditions, speed of shipping &amp; quality of service.<br><br>Please DM if you have any questions or need any more information. Thank you!",Jordan,,Pre-Owned Sneakers,"jordan, moderately_worn, pre-owned, Restock",TRUE,Size,12M / 13.5W,,,,,,,,555088-140-12-PO-1,0,shopify,deny,manual,110,,TRUE,TRUE,,,,,8890716892,https://cdn.shopify.com/s/files/1/0674/5767/9557/files/b30dbcd8-2b52-4a31-89ea-faa916a24c43.jpg?v=1790188700,1,Jordan 1 Retro High Obsidian - Image 1,FALSE,,,,,,,,,,,,,,Pre-Owned,,,,,,,,,,,,,,,,,,,,,,,,,,,,,,,,,,,,lb,,,active,,,,
preowned-555088-140-12-po-1,,,,,,,,,,,,,,,,,,,,,,,,,,,,,,,https://cdn.shopify.com/s/files/1/0674/5767/9557/files/90006eae-4633-48a3-948d-383ec11a9c22.jpg?v=1790188700,2,Jordan 1 Retro High Obsidian - Image 2,,,,,,,,,,,,,,,,,,,,,,,,,,,,,,,,,,,,,,,,,,,,,,,,,,,,,,,,,,
preowned-555088-140-12-po-1,,,,,,,,,,,,,,,,,,,,,,,,,,,,,,,https://cdn.shopify.com/s/files/1/0674/5767/9557/files/359ba18b-1cdb-4e4b-9a90-73dd4a4845c5.jpg?v=1790188701,3,Jordan 1 Retro High Obsidian - Image 3,,,,,,,,,,,,,,,,,,,,,,,,,,,,,,,,,,,,,,,,,,,,,,,,,,,,,,,,,,
preowned-555088-140-12-po-1,,,,,,,,,,,,,,,,,,,,,,,,,,,,,,,https://cdn.shopify.com/s/files/1/0674/5767/9557/files/67a468c9-eceb-4c74-bdde-5be96fb99e14.jpg?v=1790188701,4,Jordan 1 Retro High Obsidian - Image 4,,,,,,,,,,,,,,,,,,,,,,,,,,,,,,,,,,,,,,,,,,,,,,,,,,,,,,,,,,
preowned-555088-140-12-po-1,,,,,,,,,,,,,,,,,,,,,,,,,,,,,,,https://cdn.shopify.com/s/files/1/0674/5767/9557/files/62dc514e-05ea-4bef-8c1a-ec4458773d0b.jpg?v=1790188701,5,Jordan 1 Retro High Obsidian - Image 5,,,,,,,,,,,,,,,,,,,,,,,,,,,,,,,,,,,,,,,,,,,,,,,,,,,,,,,,,,
preowned-555088-140-12-po-1,,,,,,,,,,,,,,,,,,,,,,,,,,,,,,,https://cdn.shopify.com/s/files/1/0674/5767/9557/files/cf1460d1-41b8-409f-b7fe-8417c6cdf62b.jpg?v=1790188701,6,Jordan 1 Retro High Obsidian - Image 6,,,,,,,,,,,,,,,,,,,,,,,,,,,,,,,,,,,,,,,,,,,,,,,,,,,,,,,,,,
preowned-555088-140-12-po-1,,,,,,,,,,,,,,,,,,,,,,,,,,,,,,,https://cdn.shopify.com/s/files/1/0674/5767/9557/files/04f20383-38d2-436a-bf52-2c8a511e549b.jpg?v=1790188700,7,Jordan 1 Retro High Obsidian - Image 7,,,,,,,,,,,,,,,,,,,,,,,,,,,,,,,,,,,,,,,,,,,,,,,,,,,,,,,,,,
preowned-555088-140-12-po-1,,,,,,,,,,,,,,,,,,,,,,,,,,,,,,,https://cdn.shopify.com/s/files/1/0674/5767/9557/files/dc9aa20a-d1ac-40de-9de1-00c4be869ca4.jpg?v=1790188701,8,Jordan 1 Retro High Obsidian - Image 8,,,,,,,,,,,,,,,,,,,,,,,,,,,,,,,,,,,,,,,,,,,,,,,,,,,,,,,,,,
preowned-fv5029-006-12-po-1,Jordan 4 Retro Bred Reimagined 12 (Pre-Owned),"Jordan 4 Retro Bred Reimagined<br>SKU: FV5029-006<br>Size: 12M / 13.5W<br>Condition: Moderately Worn<br>Box Condition: Original Box<br>Release Date: 2024-02-17<br><br>All items are shipped out quickly with safe packaging.<br>Check our reviews to see the accuracy of conditions, speed of shipping &amp; quality of service.<br><br>Please DM if you have any questions or need any more information. Thank you!",Jordan,,Pre-Owned Sneakers,"jordan, moderately_worn, pre-owned, Restock",TRUE,Size,12M / 13.5W,,,,,,,,FV5029-006-12-PO-1,0,shopify,deny,manual,195,,TRUE,TRUE,,,,,1454639850,https://cdn.shopify.com/s/files/1/0674/5767/9557/files/530c68c2-6e18-479a-a37b-b063ecdcb34a.jpg?v=1790189324,1,Jordan 4 Retro Bred Reimagined - Image 1,FALSE,,,,,,,,,,,,,,Pre-Owned,,,,,,,,,,,,,,,,,,,,,,,,,,,,,,,,,,,,lb,,,active,,,,
preowned-fv5029-006-12-po-1,,,,,,,,,,,,,,,,,,,,,,,,,,,,,,,https://cdn.shopify.com/s/files/1/0674/5767/9557/files/450765c4-dcb8-45b1-a521-39071eed4a62.jpg?v=1790189324,2,Jordan 4 Retro Bred Reimagined - Image 2,,,,,,,,,,,,,,,,,,,,,,,,,,,,,,,,,,,,,,,,,,,,,,,,,,,,,,,,,,
preowned-fv5029-006-12-po-1,,,,,,,,,,,,,,,,,,,,,,,,,,,,,,,https://cdn.shopify.com/s/files/1/0674/5767/9557/files/9d02d7a3-8c52-4060-8e6c-5a77db6126c8.jpg?v=1790189324,3,Jordan 4 Retro Bred Reimagined - Image 3,,,,,,,,,,,,,,,,,,,,,,,,,,,,,,,,,,,,,,,,,,,,,,,,,,,,,,,,,,
preowned-fv5029-006-12-po-1,,,,,,,,,,,,,,,,,,,,,,,,,,,,,,,https://cdn.shopify.com/s/files/1/0674/5767/9557/files/b7f82a55-f23e-43ce-9877-2c5a21dd9a19.jpg?v=1790189324,4,Jordan 4 Retro Bred Reimagined - Image 4,,,,,,,,,,,,,,,,,,,,,,,,,,,,,,,,,,,,,,,,,,,,,,,,,,,,,,,,,,
preowned-fv5029-006-12-po-1,,,,,,,,,,,,,,,,,,,,,,,,,,,,,,,https://cdn.shopify.com/s/files/1/0674/5767/9557/files/3a965653-4660-402e-881e-0fac70dd422c.jpg?v=1790189324,5,Jordan 4 Retro Bred Reimagined - Image 5,,,,,,,,,,,,,,,,,,,,,,,,,,,,,,,,,,,,,,,,,,,,,,,,,,,,,,,,,,
preowned-fv5029-006-12-po-1,,,,,,,,,,,,,,,,,,,,,,,,,,,,,,,https://cdn.shopify.com/s/files/1/0674/5767/9557/files/584a74c9-0efe-488b-a70d-d79c783e5008.jpg?v=1790189325,6,Jordan 4 Retro Bred Reimagined - Image 6,,,,,,,,,,,,,,,,,,,,,,,,,,,,,,,,,,,,,,,,,,,,,,,,,,,,,,,,,,
preowned-fv5029-006-12-po-1,,,,,,,,,,,,,,,,,,,,,,,,,,,,,,,https://cdn.shopify.com/s/files/1/0674/5767/9557/files/fea21414-c169-4f7e-ad63-a3fc371f9d0c.jpg?v=1790189324,7,Jordan 4 Retro Bred Reimagined - Image 7,,,,,,,,,,,,,,,,,,,,,,,,,,,,,,,,,,,,,,,,,,,,,,,,,,,,,,,,,,
preowned-fv5029-006-12-po-1,,,,,,,,,,,,,,,,,,,,,,,,,,,,,,,https://cdn.shopify.com/s/files/1/0674/5767/9557/files/5150378b-4627-450d-9078-269024bb3fab.jpg?v=1790189324,8,Jordan 4 Retro Bred Reimagined - Image 8,,,,,,,,,,,,,,,,,,,,,,,,,,,,,,,,,,,,,,,,,,,,,,,,,,,,,,,,,,
preowned-fv5029-006-12-po-1,,,,,,,,,,,,,,,,,,,,,,,,,,,,,,,https://cdn.shopify.com/s/files/1/0674/5767/9557/files/0fa665f6-3b0e-4352-b6a2-b16790ec5514.jpg?v=1790189324,9,Jordan 4 Retro Bred Reimagined - Image 9,,,,,,,,,,,,,,,,,,,,,,,,,,,,,,,,,,,,,,,,,,,,,,,,,,,,,,,,,,
preowned-hj4303-400-11-po-1,Nike Kobe 5 Protro X-Ray 11 (Pre-Owned),"Nike Kobe 5 Protro X-Ray<br>SKU: HJ4303-400<br>Size: 11M / 12.5W<br>Condition: Lightly Worn<br>Box Condition: Original Box<br>Release Date: 2024-10-17<br><br>All items are shipped out quickly with safe packaging.<br>Check our reviews to see the accuracy of conditions, speed of shipping &amp; quality of service.<br><br>Please DM if you have any questions or need any more information. Thank you!",Nike,,Pre-Owned Sneakers,"lightly_worn, nike, pre-owned, Restock",TRUE,Size,11M / 12.5W,,,,,,,,HJ4303-400-11-PO-1,0,shopify,deny,manual,220,,TRUE,TRUE,,,,,0805972625,https://cdn.shopify.com/s/files/1/0674/5767/9557/files/66af6440-7e5b-4c9c-9584-da2d455dbba7.jpg?v=1790189163,1,Nike Kobe 5 Protro X-Ray - Image 1,FALSE,,,,,,,,,,,,,,Pre-Owned,,,,,,,,,,,,,,,,,,,,,,,,,,,,,,,,,,,,lb,,,active,,,,
preowned-hj4303-400-11-po-1,,,,,,,,,,,,,,,,,,,,,,,,,,,,,,,https://cdn.shopify.com/s/files/1/0674/5767/9557/files/055c3102-bfd9-44e2-8edd-003699a6bea3.jpg?v=1790189163,2,Nike Kobe 5 Protro X-Ray - Image 2,,,,,,,,,,,,,,,,,,,,,,,,,,,,,,,,,,,,,,,,,,,,,,,,,,,,,,,,,,
preowned-hj4303-400-11-po-1,,,,,,,,,,,,,,,,,,,,,,,,,,,,,,,https://cdn.shopify.com/s/files/1/0674/5767/9557/files/9b4d15c9-ce9b-4697-a4c6-cff046b8c9bc.jpg?v=1790189163,3,Nike Kobe 5 Protro X-Ray - Image 3,,,,,,,,,,,,,,,,,,,,,,,,,,,,,,,,,,,,,,,,,,,,,,,,,,,,,,,,,,
preowned-hj4303-400-11-po-1,,,,,,,,,,,,,,,,,,,,,,,,,,,,,,,https://cdn.shopify.com/s/files/1/0674/5767/9557/files/f0f7d31f-03ae-4c9e-88cb-13adfd594918.jpg?v=1790189163,4,Nike Kobe 5 Protro X-Ray - Image 4,,,,,,,,,,,,,,,,,,,,,,,,,,,,,,,,,,,,,,,,,,,,,,,,,,,,,,,,,,
preowned-hj4303-400-11-po-1,,,,,,,,,,,,,,,,,,,,,,,,,,,,,,,https://cdn.shopify.com/s/files/1/0674/5767/9557/files/5199f499-bf88-4c62-8b38-21f7a55e6066.jpg?v=1790189163,5,Nike Kobe 5 Protro X-Ray - Image 5,,,,,,,,,,,,,,,,,,,,,,,,,,,,,,,,,,,,,,,,,,,,,,,,,,,,,,,,,,
preowned-hj4303-400-11-po-1,,,,,,,,,,,,,,,,,,,,,,,,,,,,,,,https://cdn.shopify.com/s/files/1/0674/5767/9557/files/debb4a5c-2d93-497a-b5a4-f07fc9862b52.jpg?v=1790189163,6,Nike Kobe 5 Protro X-Ray - Image 6,,,,,,,,,,,,,,,,,,,,,,,,,,,,,,,,,,,,,,,,,,,,,,,,,,,,,,,,,,
preowned-hj4303-400-11-po-1,,,,,,,,,,,,,,,,,,,,,,,,,,,,,,,https://cdn.shopify.com/s/files/1/0674/5767/9557/files/7d334289-499a-4c3a-91c7-5a4477102885.jpg?v=1790189163,7,Nike Kobe 5 Protro X-Ray - Image 7,,,,,,,,,,,,,,,,,,,,,,,,,,,,,,,,,,,,,,,,,,,,,,,,,,,,,,,,,,
preowned-hj4303-400-11-po-1,,,,,,,,,,,,,,,,,,,,,,,,,,,,,,,https://cdn.shopify.com/s/files/1/0674/5767/9557/files/4a16c9c3-bbf3-4188-bc71-0869f9d3a4c1.jpg?v=1790189163,8,Nike Kobe 5 Protro X-Ray - Image 8,,,,,,,,,,,,,,,,,,,,,,,,,,,,,,,,,,,,,,,,,,,,,,,,,,,,,,,,,,
preowned-555088-010-7-5-po-1-5188e4,Jordan 1 Retro Black White (2014) 7.5 (Pre-Owned),"Jordan 1 Retro Black White (2014)<br>SKU: 555088-010<br>Size: 7.5M / 9W<br>Condition: Moderately Worn<br>Box Condition: Original Box<br>Release Date: 2014-11-08<br><br>All items are shipped out quickly with safe packaging.<br>Check our reviews to see the accuracy of conditions, speed of shipping &amp; quality of service.<br><br>Please DM if you have any questions or need any more information. Thank you!",Jordan,,Pre-Owned Sneakers,"jordan, moderately_worn, pre-owned, Restock",TRUE,Size,7.5M / 9W,,,,,,,,555088-010-7.5-PO-1,0,shopify,deny,manual,65,,TRUE,TRUE,,,,,5243457633,https://cdn.shopify.com/s/files/1/0674/5767/9557/files/769445d5-ff05-4f6a-b127-0139a24778cb.jpg?v=1790107071,1,Jordan 1 Retro Black White (2014) - Image 1,FALSE,,,,,,,,,,,,,,Pre-Owned,,,,,,,,,,,,,,,,,,,,,,,,,,,,,,,,,,,,lb,,,active,,,,
preowned-555088-010-7-5-po-1-5188e4,,,,,,,,,,,,,,,,,,,,,,,,,,,,,,,https://cdn.shopify.com/s/files/1/0674/5767/9557/files/0b857137-05e0-49e7-a2a2-967ef0ae707a.jpg?v=1790107071,2,Jordan 1 Retro Black White (2014) - Image 2,,,,,,,,,,,,,,,,,,,,,,,,,,,,,,,,,,,,,,,,,,,,,,,,,,,,,,,,,,
preowned-555088-010-7-5-po-1-5188e4,,,,,,,,,,,,,,,,,,,,,,,,,,,,,,,https://cdn.shopify.com/s/files/1/0674/5767/9557/files/e2e93c99-1ba9-4588-8025-61df66adbb5b.jpg?v=1790107071,3,Jordan 1 Retro Black White (2014) - Image 3,,,,,,,,,,,,,,,,,,,,,,,,,,,,,,,,,,,,,,,,,,,,,,,,,,,,,,,,,,
preowned-555088-010-7-5-po-1-5188e4,,,,,,,,,,,,,,,,,,,,,,,,,,,,,,,https://cdn.shopify.com/s/files/1/0674/5767/9557/files/2e4601c5-a20b-4742-bb83-f14b8bb9e421.jpg?v=1790107071,4,Jordan 1 Retro Black White (2014) - Image 4,,,,,,,,,,,,,,,,,,,,,,,,,,,,,,,,,,,,,,,,,,,,,,,,,,,,,,,,,,
preowned-555088-010-7-5-po-1-5188e4,,,,,,,,,,,,,,,,,,,,,,,,,,,,,,,https://cdn.shopify.com/s/files/1/0674/5767/9557/files/fab014df-0236-4f12-8283-85e6ea260903.jpg?v=1790107071,5,Jordan 1 Retro Black White (2014) - Image 5,,,,,,,,,,,,,,,,,,,,,,,,,,,,,,,,,,,,,,,,,,,,,,,,,,,,,,,,,,
preowned-555088-010-7-5-po-1-5188e4,,,,,,,,,,,,,,,,,,,,,,,,,,,,,,,https://cdn.shopify.com/s/files/1/0674/5767/9557/files/6339a6c0-a457-4f46-83a3-5a9f22714a39.jpg?v=1790107071,6,Jordan 1 Retro Black White (2014) - Image 6,,,,,,,,,,,,,,,,,,,,,,,,,,,,,,,,,,,,,,,,,,,,,,,,,,,,,,,,,,
preowned-555088-010-7-5-po-1-5188e4,,,,,,,,,,,,,,,,,,,,,,,,,,,,,,,https://cdn.shopify.com/s/files/1/0674/5767/9557/files/b098d64d-bcc3-4c77-892d-26b2cd0e47cf.jpg?v=1790107071,7,Jordan 1 Retro Black White (2014) - Image 7,,,,,,,,,,,,,,,,,,,,,,,,,,,,,,,,,,,,,,,,,,,,,,,,,,,,,,,,,,
preowned-555088-010-7-5-po-1-5188e4,,,,,,,,,,,,,,,,,,,,,,,,,,,,,,,https://cdn.shopify.com/s/files/1/0674/5767/9557/files/4fc1e36e-f5fe-4c61-a873-928d0ca2d69b.jpg?v=1790107071,8,Jordan 1 Retro Black White (2014) - Image 8,,,,,,,,,,,,,,,,,,,,,,,,,,,,,,,,,,,,,,,,,,,,,,,,,,,,,,,,,,
preowned-555088-135-12-po-1,Jordan 1 Retro High Clay Green 12 (Pre-Owned),"Jordan 1 Retro High Clay Green<br>SKU: 555088-135<br>Size: 12M / 13.5W<br>Condition: Lightly Worn<br>Box Condition: Original Box<br>Release Date: 2018-05-01<br><br>All items are shipped out quickly with safe packaging.<br>Check our reviews to see the accuracy of conditions, speed of shipping &amp; quality of service.<br><br>Please DM if you have any questions or need any more information. Thank you!",Jordan,,Pre-Owned Sneakers,"jordan, lightly_worn, pre-owned, Restock",TRUE,Size,12M / 13.5W,,,,,,,,555088-135-12-PO-1,0,shopify,deny,manual,145,,TRUE,TRUE,,,,,7406803672,https://cdn.shopify.com/s/files/1/0674/5767/9557/files/677a1edc-c021-40c8-8002-8115bb6bb7c2.jpg?v=1790188843,1,Jordan 1 Retro High Clay Green - Image 1,FALSE,,,,,,,,,,,,,,Pre-Owned,,,,,,,,,,,,,,,,,,,,,,,,,,,,,,,,,,,,lb,,,active,,,,
preowned-555088-135-12-po-1,,,,,,,,,,,,,,,,,,,,,,,,,,,,,,,https://cdn.shopify.com/s/files/1/0674/5767/9557/files/a27bf9d2-011d-42b8-a0d0-33847783be45.jpg?v=1790188843,2,Jordan 1 Retro High Clay Green - Image 2,,,,,,,,,,,,,,,,,,,,,,,,,,,,,,,,,,,,,,,,,,,,,,,,,,,,,,,,,,
preowned-555088-135-12-po-1,,,,,,,,,,,,,,,,,,,,,,,,,,,,,,,https://cdn.shopify.com/s/files/1/0674/5767/9557/files/dbf3e1f4-d4b3-4883-8ee6-405ac70ccac5.jpg?v=1790188843,3,Jordan 1 Retro High Clay Green - Image 3,,,,,,,,,,,,,,,,,,,,,,,,,,,,,,,,,,,,,,,,,,,,,,,,,,,,,,,,,,
preowned-555088-135-12-po-1,,,,,,,,,,,,,,,,,,,,,,,,,,,,,,,https://cdn.shopify.com/s/files/1/0674/5767/9557/files/74f79a35-f71a-4aa2-a3db-2c301ff8fe25.jpg?v=1790188843,4,Jordan 1 Retro High Clay Green - Image 4,,,,,,,,,,,,,,,,,,,,,,,,,,,,,,,,,,,,,,,,,,,,,,,,,,,,,,,,,,
preowned-555088-135-12-po-1,,,,,,,,,,,,,,,,,,,,,,,,,,,,,,,https://cdn.shopify.com/s/files/1/0674/5767/9557/files/0ea4fd18-f066-4db0-9c9c-68c1daf8638b.jpg?v=1790188843,5,Jordan 1 Retro High Clay Green - Image 5,,,,,,,,,,,,,,,,,,,,,,,,,,,,,,,,,,,,,,,,,,,,,,,,,,,,,,,,,,
preowned-555088-135-12-po-1,,,,,,,,,,,,,,,,,,,,,,,,,,,,,,,https://cdn.shopify.com/s/files/1/0674/5767/9557/files/0d2cf52f-bd81-41e9-a8ff-63c20c82288f.jpg?v=1790188843,6,Jordan 1 Retro High Clay Green - Image 6,,,,,,,,,,,,,,,,,,,,,,,,,,,,,,,,,,,,,,,,,,,,,,,,,,,,,,,,,,
preowned-555088-135-12-po-1,,,,,,,,,,,,,,,,,,,,,,,,,,,,,,,https://cdn.shopify.com/s/files/1/0674/5767/9557/files/5a6fb85d-926c-4679-b099-dd853e65bd3e.jpg?v=1790188843,7,Jordan 1 Retro High Clay Green - Image 7,,,,,,,,,,,,,,,,,,,,,,,,,,,,,,,,,,,,,,,,,,,,,,,,,,,,,,,,,,
preowned-555088-135-12-po-1,,,,,,,,,,,,,,,,,,,,,,,,,,,,,,,https://cdn.shopify.com/s/files/1/0674/5767/9557/files/bd03ac69-a3ad-4b31-be73-3025e11f3625.jpg?v=1790188843,8,Jordan 1 Retro High Clay Green - Image 8,,,,,,,,,,,,,,,,,,,,,,,,,,,,,,,,,,,,,,,,,,,,,,,,,,,,,,,,,,
preowned-dh6927-111-12-po-1,Jordan 4 Retro Military Black 12 (Pre-Owned),"Jordan 4 Retro Military Black<br>SKU: DH6927-111<br>Size: 12M / 13.5W<br>Condition: Moderately Worn<br>Box Condition: Original Box<br>Release Date: 2022-05-21<br><br>All items are shipped out quickly with safe packaging.<br>Check our reviews to see the accuracy of conditions, speed of shipping &amp; quality of service.<br><br>Please DM if you have any questions or need any more information. Thank you!",Jordan,,Pre-Owned Sneakers,"jordan, moderately_worn, pre-owned, Restock",TRUE,Size,12M / 13.5W,,,,,,,,DH6927-111-12-PO-1,0,shopify,deny,manual,140,,TRUE,TRUE,,,,,2087696729,https://cdn.shopify.com/s/files/1/0674/5767/9557/files/6327e3c2-1899-426d-b951-80fab58a0a1c.jpg?v=1790190203,1,Jordan 4 Retro Military Black - Image 1,FALSE,,,,,,,,,,,,,,Pre-Owned,,,,,,,,,,,,,,,,,,,,,,,,,,,,,,,,,,,,lb,,,active,,,,
preowned-dh6927-111-12-po-1,,,,,,,,,,,,,,,,,,,,,,,,,,,,,,,https://cdn.shopify.com/s/files/1/0674/5767/9557/files/bcae3e1f-2228-4c9d-ae2a-1aa5e45b921e.jpg?v=1790190203,2,Jordan 4 Retro Military Black - Image 2,,,,,,,,,,,,,,,,,,,,,,,,,,,,,,,,,,,,,,,,,,,,,,,,,,,,,,,,,,
preowned-dh6927-111-12-po-1,,,,,,,,,,,,,,,,,,,,,,,,,,,,,,,https://cdn.shopify.com/s/files/1/0674/5767/9557/files/f8fd376c-2151-41b5-aec1-6027d0f82993.jpg?v=1790190203,3,Jordan 4 Retro Military Black - Image 3,,,,,,,,,,,,,,,,,,,,,,,,,,,,,,,,,,,,,,,,,,,,,,,,,,,,,,,,,,
preowned-dh6927-111-12-po-1,,,,,,,,,,,,,,,,,,,,,,,,,,,,,,,https://cdn.shopify.com/s/files/1/0674/5767/9557/files/504a4e54-1a65-4aed-b5b8-05156c932808.jpg?v=1790190203,4,Jordan 4 Retro Military Black - Image 4,,,,,,,,,,,,,,,,,,,,,,,,,,,,,,,,,,,,,,,,,,,,,,,,,,,,,,,,,,
preowned-dh6927-111-12-po-1,,,,,,,,,,,,,,,,,,,,,,,,,,,,,,,https://cdn.shopify.com/s/files/1/0674/5767/9557/files/3969808c-ed8f-4530-99ab-11ca105b7f4f.jpg?v=1790190203,5,Jordan 4 Retro Military Black - Image 5,,,,,,,,,,,,,,,,,,,,,,,,,,,,,,,,,,,,,,,,,,,,,,,,,,,,,,,,,,
preowned-dh6927-111-12-po-1,,,,,,,,,,,,,,,,,,,,,,,,,,,,,,,https://cdn.shopify.com/s/files/1/0674/5767/9557/files/1804a44c-3dea-4046-884d-7d39fe0bdce4.jpg?v=1790190203,6,Jordan 4 Retro Military Black - Image 6,,,,,,,,,,,,,,,,,,,,,,,,,,,,,,,,,,,,,,,,,,,,,,,,,,,,,,,,,,
preowned-dh6927-111-12-po-1,,,,,,,,,,,,,,,,,,,,,,,,,,,,,,,https://cdn.shopify.com/s/files/1/0674/5767/9557/files/3549248c-aca1-462a-b70c-e3c7fbe4c038.jpg?v=1790190203,7,Jordan 4 Retro Military Black - Image 7,,,,,,,,,,,,,,,,,,,,,,,,,,,,,,,,,,,,,,,,,,,,,,,,,,,,,,,,,,
preowned-dh6927-111-12-po-1,,,,,,,,,,,,,,,,,,,,,,,,,,,,,,,https://cdn.shopify.com/s/files/1/0674/5767/9557/files/9897fa9c-5332-4c48-8bdc-5e46f1069e89.jpg?v=1790190203,8,Jordan 4 Retro Military Black - Image 8,,,,,,,,,,,,,,,,,,,,,,,,,,,,,,,,,,,,,,,,,,,,,,,,,,,,,,,,,,
preowned-375664-600-11-po-1,Nike LeBron 7 Christmas (2009) 11 (Pre-Owned),"Nike LeBron 7 Christmas (2009)<br>SKU: 375664-600<br>Size: 11M / 12.5W<br>Condition: Lightly Worn<br>Box Condition: Original Box<br>Release Date: 2009-12-26<br><br>All items are shipped out quickly with safe packaging.<br>Check our reviews to see the accuracy of conditions, speed of shipping &amp; quality of service.<br><br>Please DM if you have any questions or need any more information. Thank you!",Nike,,Pre-Owned Sneakers,"lightly_worn, nike, pre-owned, Restock",TRUE,Size,11M / 12.5W,,,,,,,,375664-600-11-PO-1,0,shopify,deny,manual,100,,TRUE,TRUE,,,,,0270003913,https://cdn.shopify.com/s/files/1/0674/5767/9557/files/afc51a8c-e8a8-4c2b-91fc-e6fbd4a2be90.jpg?v=1790189945,1,Nike LeBron 7 Christmas (2009) - Image 1,FALSE,,,,,,,,,,,,,,Pre-Owned,,,,,,,,,,,,,,,,,,,,,,,,,,,,,,,,,,,,lb,,,active,,,,
preowned-375664-600-11-po-1,,,,,,,,,,,,,,,,,,,,,,,,,,,,,,,https://cdn.shopify.com/s/files/1/0674/5767/9557/files/dfe7f958-901b-4f1f-84b5-0565e25e59e6.jpg?v=1790189945,2,Nike LeBron 7 Christmas (2009) - Image 2,,,,,,,,,,,,,,,,,,,,,,,,,,,,,,,,,,,,,,,,,,,,,,,,,,,,,,,,,,
preowned-375664-600-11-po-1,,,,,,,,,,,,,,,,,,,,,,,,,,,,,,,https://cdn.shopify.com/s/files/1/0674/5767/9557/files/4515e59f-0ab9-426e-a9e7-b058a78eebae.jpg?v=1790189945,3,Nike LeBron 7 Christmas (2009) - Image 3,,,,,,,,,,,,,,,,,,,,,,,,,,,,,,,,,,,,,,,,,,,,,,,,,,,,,,,,,,
preowned-375664-600-11-po-1,,,,,,,,,,,,,,,,,,,,,,,,,,,,,,,https://cdn.shopify.com/s/files/1/0674/5767/9557/files/820fbe53-fce5-4b6e-9fed-cfc8ffc88a89.jpg?v=1790189945,4,Nike LeBron 7 Christmas (2009) - Image 4,,,,,,,,,,,,,,,,,,,,,,,,,,,,,,,,,,,,,,,,,,,,,,,,,,,,,,,,,,
preowned-375664-600-11-po-1,,,,,,,,,,,,,,,,,,,,,,,,,,,,,,,https://cdn.shopify.com/s/files/1/0674/5767/9557/files/01cbf216-9899-4964-b1de-70f8a73c34ad.jpg?v=1790189945,5,Nike LeBron 7 Christmas (2009) - Image 5,,,,,,,,,,,,,,,,,,,,,,,,,,,,,,,,,,,,,,,,,,,,,,,,,,,,,,,,,,
preowned-375664-600-11-po-1,,,,,,,,,,,,,,,,,,,,,,,,,,,,,,,https://cdn.shopify.com/s/files/1/0674/5767/9557/files/e2c993e9-4145-4db9-9dc4-eb8bbe124ef6.jpg?v=1790189945,6,Nike LeBron 7 Christmas (2009) - Image 6,,,,,,,,,,,,,,,,,,,,,,,,,,,,,,,,,,,,,,,,,,,,,,,,,,,,,,,,,,
preowned-375664-600-11-po-1,,,,,,,,,,,,,,,,,,,,,,,,,,,,,,,https://cdn.shopify.com/s/files/1/0674/5767/9557/files/5ee7f60c-a5ce-4f5b-8919-ca9b07516cf2.jpg?v=1790189945,7,Nike LeBron 7 Christmas (2009) - Image 7,,,,,,,,,,,,,,,,,,,,,,,,,,,,,,,,,,,,,,,,,,,,,,,,,,,,,,,,,,
preowned-375664-600-11-po-1,,,,,,,,,,,,,,,,,,,,,,,,,,,,,,,https://cdn.shopify.com/s/files/1/0674/5767/9557/files/f7e20003-f15f-4636-ad61-96a32685b432.jpg?v=1790189945,8,Nike LeBron 7 Christmas (2009) - Image 8,,,,,,,,,,,,,,,,,,,,,,,,,,,,,,,,,,,,,,,,,,,,,,,,,,,,,,,,,,
preowned-375664-600-11-po-1,,,,,,,,,,,,,,,,,,,,,,,,,,,,,,,https://cdn.shopify.com/s/files/1/0674/5767/9557/files/cc753a4a-d34e-4ba7-8efd-60c973bfa430.jpg?v=1790189945,9,Nike LeBron 7 Christmas (2009) - Image 9,,,,,,,,,,,,,,,,,,,,,,,,,,,,,,,,,,,,,,,,,,,,,,,,,,,,,,,,,,
preowned-555088-610-12-po-1,Jordan 1 Retro High Bred Toe 12 (Pre-Owned),"Jordan 1 Retro High Bred Toe<br>SKU: 555088-610<br>Size: 12M / 13.5W<br>Condition: Lightly Worn<br>Box Condition: Original Box<br>Release Date: 2018-02-24<br><br>All items are shipped out quickly with safe packaging.<br>Check our reviews to see the accuracy of conditions, speed of shipping &amp; quality of service.<br><br>Please DM if you have any questions or need any more information. Thank you!",Jordan,,Pre-Owned Sneakers,"jordan, lightly_worn, pre-owned, Restock",TRUE,Size,12M / 13.5W,,,,,,,,555088-610-12-PO-1,0,shopify,deny,manual,155,,TRUE,TRUE,,,,,0823700787,https://cdn.shopify.com/s/files/1/0674/5767/9557/files/5748dd9a-ac56-4e0c-8cbe-7332c0b132f6.jpg?v=1790190724,1,Jordan 1 Retro High Bred Toe - Image 1,FALSE,,,,,,,,,,,,,,Pre-Owned,,,,,,,,,,,,,,,,,,,,,,,,,,,,,,,,,,,,lb,,,active,,,,
preowned-555088-610-12-po-1,,,,,,,,,,,,,,,,,,,,,,,,,,,,,,,https://cdn.shopify.com/s/files/1/0674/5767/9557/files/45d19cc2-73e5-4010-b788-b560ec89e29d.jpg?v=1790190724,2,Jordan 1 Retro High Bred Toe - Image 2,,,,,,,,,,,,,,,,,,,,,,,,,,,,,,,,,,,,,,,,,,,,,,,,,,,,,,,,,,
preowned-555088-610-12-po-1,,,,,,,,,,,,,,,,,,,,,,,,,,,,,,,https://cdn.shopify.com/s/files/1/0674/5767/9557/files/a3fd949c-fb2b-4ebd-9318-9c70c4762cde.jpg?v=1790190724,3,Jordan 1 Retro High Bred Toe - Image 3,,,,,,,,,,,,,,,,,,,,,,,,,,,,,,,,,,,,,,,,,,,,,,,,,,,,,,,,,,
preowned-555088-610-12-po-1,,,,,,,,,,,,,,,,,,,,,,,,,,,,,,,https://cdn.shopify.com/s/files/1/0674/5767/9557/files/12fea82f-977c-4ff9-945b-4feba03d1587.jpg?v=1790190724,4,Jordan 1 Retro High Bred Toe - Image 4,,,,,,,,,,,,,,,,,,,,,,,,,,,,,,,,,,,,,,,,,,,,,,,,,,,,,,,,,,
preowned-555088-610-12-po-1,,,,,,,,,,,,,,,,,,,,,,,,,,,,,,,https://cdn.shopify.com/s/files/1/0674/5767/9557/files/56d81d41-ce63-485c-b02f-6496d1fdb1dc.jpg?v=1790190724,5,Jordan 1 Retro High Bred Toe - Image 5,,,,,,,,,,,,,,,,,,,,,,,,,,,,,,,,,,,,,,,,,,,,,,,,,,,,,,,,,,
preowned-555088-610-12-po-1,,,,,,,,,,,,,,,,,,,,,,,,,,,,,,,https://cdn.shopify.com/s/files/1/0674/5767/9557/files/68d6e43f-40cf-4288-868a-65e1388ade07.jpg?v=1790190724,6,Jordan 1 Retro High Bred Toe - Image 6,,,,,,,,,,,,,,,,,,,,,,,,,,,,,,,,,,,,,,,,,,,,,,,,,,,,,,,,,,
preowned-555088-610-12-po-1,,,,,,,,,,,,,,,,,,,,,,,,,,,,,,,https://cdn.shopify.com/s/files/1/0674/5767/9557/files/00eda44b-c0e7-4c76-a30e-d0355d5532df.jpg?v=1790190724,7,Jordan 1 Retro High Bred Toe - Image 7,,,,,,,,,,,,,,,,,,,,,,,,,,,,,,,,,,,,,,,,,,,,,,,,,,,,,,,,,,
preowned-555088-610-12-po-1,,,,,,,,,,,,,,,,,,,,,,,,,,,,,,,https://cdn.shopify.com/s/files/1/0674/5767/9557/files/4453b2de-8b66-4583-a0e1-9ada23182024.jpg?v=1790190725,8,Jordan 1 Retro High Bred Toe - Image 8,,,,,,,,,,,,,,,,,,,,,,,,,,,,,,,,,,,,,,,,,,,,,,,,,,,,,,,,,,
preowned-555088-610-12-po-1,,,,,,,,,,,,,,,,,,,,,,,,,,,,,,,https://cdn.shopify.com/s/files/1/0674/5767/9557/files/49140d94-9554-4323-8902-c00b8825f792.jpg?v=1790190724,9,Jordan 1 Retro High Bred Toe - Image 9,,,,,,,,,,,,,,,,,,,,,,,,,,,,,,,,,,,,,,,,,,,,,,,,,,,,,,,,,,
preowned-av2187-001-12-po-1,Jordan 11 Retro Low 72-10 12 (Pre-Owned),"Jordan 11 Retro Low 72-10<br>SKU: AV2187-001<br>Size: 12M / 13.5W<br>Condition: Lightly Worn<br>Box Condition: Original Box<br>Release Date: 2022-05-14<br><br>All items are shipped out quickly with safe packaging.<br>Check our reviews to see the accuracy of conditions, speed of shipping &amp; quality of service.<br><br>Please DM if you have any questions or need any more information. Thank you!",Jordan,,Pre-Owned Sneakers,"jordan, lightly_worn, pre-owned, Restock",TRUE,Size,12M / 13.5W,,,,,,,,AV2187-001-12-PO-1,0,shopify,deny,manual,125,,TRUE,TRUE,,,,,6910666186,https://cdn.shopify.com/s/files/1/0674/5767/9557/files/73985ba0-1330-4076-9d3f-e07819c580ae.jpg?v=1790190859,1,Jordan 11 Retro Low 72-10 - Image 1,FALSE,,,,,,,,,,,,,,Pre-Owned,,,,,,,,,,,,,,,,,,,,,,,,,,,,,,,,,,,,lb,,,active,,,,
preowned-av2187-001-12-po-1,,,,,,,,,,,,,,,,,,,,,,,,,,,,,,,https://cdn.shopify.com/s/files/1/0674/5767/9557/files/cf052b55-cb4c-4f43-8b03-d9c17b78ec5e.jpg?v=1790190859,2,Jordan 11 Retro Low 72-10 - Image 2,,,,,,,,,,,,,,,,,,,,,,,,,,,,,,,,,,,,,,,,,,,,,,,,,,,,,,,,,,
preowned-av2187-001-12-po-1,,,,,,,,,,,,,,,,,,,,,,,,,,,,,,,https://cdn.shopify.com/s/files/1/0674/5767/9557/files/0db1c8cf-8c83-4337-ac06-df2a798a7cf7.jpg?v=1790190859,3,Jordan 11 Retro Low 72-10 - Image 3,,,,,,,,,,,,,,,,,,,,,,,,,,,,,,,,,,,,,,,,,,,,,,,,,,,,,,,,,,
preowned-av2187-001-12-po-1,,,,,,,,,,,,,,,,,,,,,,,,,,,,,,,https://cdn.shopify.com/s/files/1/0674/5767/9557/files/891ac9da-89e4-43d0-b97b-e51dda9e4120.jpg?v=1790190859,4,Jordan 11 Retro Low 72-10 - Image 4,,,,,,,,,,,,,,,,,,,,,,,,,,,,,,,,,,,,,,,,,,,,,,,,,,,,,,,,,,
preowned-av2187-001-12-po-1,,,,,,,,,,,,,,,,,,,,,,,,,,,,,,,https://cdn.shopify.com/s/files/1/0674/5767/9557/files/f69b0bff-7f58-4b6f-a330-4005e7cdd227.jpg?v=1790190859,5,Jordan 11 Retro Low 72-10 - Image 5,,,,,,,,,,,,,,,,,,,,,,,,,,,,,,,,,,,,,,,,,,,,,,,,,,,,,,,,,,
preowned-av2187-001-12-po-1,,,,,,,,,,,,,,,,,,,,,,,,,,,,,,,https://cdn.shopify.com/s/files/1/0674/5767/9557/files/93fe2dce-6227-4dc8-a44f-b8ecb9808668.jpg?v=1790190859,6,Jordan 11 Retro Low 72-10 - Image 6,,,,,,,,,,,,,,,,,,,,,,,,,,,,,,,,,,,,,,,,,,,,,,,,,,,,,,,,,,
preowned-av2187-001-12-po-1,,,,,,,,,,,,,,,,,,,,,,,,,,,,,,,https://cdn.shopify.com/s/files/1/0674/5767/9557/files/4e8c838e-6475-4d8e-80ce-14a5eb0ac94d.jpg?v=1790190859,7,Jordan 11 Retro Low 72-10 - Image 7,,,,,,,,,,,,,,,,,,,,,,,,,,,,,,,,,,,,,,,,,,,,,,,,,,,,,,,,,,
preowned-av2187-001-12-po-1,,,,,,,,,,,,,,,,,,,,,,,,,,,,,,,https://cdn.shopify.com/s/files/1/0674/5767/9557/files/64dfcc4b-0051-4403-9a26-6f37e531e6a7.jpg?v=1790190859,8,Jordan 11 Retro Low 72-10 - Image 8,,,,,,,,,,,,,,,,,,,,,,,,,,,,,,,,,,,,,,,,,,,,,,,,,,,,,,,,,,
preowned-fq8138-001-12-po-1,Jordan 4 Retro White Thunder 12 (Pre-Owned),"Jordan 4 Retro White Thunder<br>SKU: FQ8138-001<br>Size: 12M / 13.5W<br>Condition: Moderately Worn<br>Box Condition: Original Box<br>Release Date: 2024-08-24<br><br>All items are shipped out quickly with safe packaging.<br>Check our reviews to see the accuracy of conditions, speed of shipping &amp; quality of service.<br><br>Please DM if you have any questions or need any more information. Thank you!",Jordan,,Pre-Owned Sneakers,"jordan, moderately_worn, pre-owned, Restock",TRUE,Size,12M / 13.5W,,,,,,,,FQ8138-001-12-PO-1,0,shopify,deny,manual,235,,TRUE,TRUE,,,,,7188269000,https://cdn.shopify.com/s/files/1/0674/5767/9557/files/a8988efa-ecfe-4e15-a996-56509790c503.jpg?v=1790111881,1,Jordan 4 Retro White Thunder - Image 1,FALSE,,,,,,,,,,,,,,Pre-Owned,,,,,,,,,,,,,,,,,,,,,,,,,,,,,,,,,,,,lb,,,active,,,,
preowned-fq8138-001-12-po-1,,,,,,,,,,,,,,,,,,,,,,,,,,,,,,,https://cdn.shopify.com/s/files/1/0674/5767/9557/files/31e9e225-7439-4b43-9b5c-606a9cf586df.jpg?v=1790111880,2,Jordan 4 Retro White Thunder - Image 2,,,,,,,,,,,,,,,,,,,,,,,,,,,,,,,,,,,,,,,,,,,,,,,,,,,,,,,,,,
preowned-fq8138-001-12-po-1,,,,,,,,,,,,,,,,,,,,,,,,,,,,,,,https://cdn.shopify.com/s/files/1/0674/5767/9557/files/1fb7e76e-6354-4383-b166-352ea6385a94.jpg?v=1790111881,3,Jordan 4 Retro White Thunder - Image 3,,,,,,,,,,,,,,,,,,,,,,,,,,,,,,,,,,,,,,,,,,,,,,,,,,,,,,,,,,
preowned-fq8138-001-12-po-1,,,,,,,,,,,,,,,,,,,,,,,,,,,,,,,https://cdn.shopify.com/s/files/1/0674/5767/9557/files/45604f40-2a59-4d55-af8e-3ce1b8729219.jpg?v=1790111881,4,Jordan 4 Retro White Thunder - Image 4,,,,,,,,,,,,,,,,,,,,,,,,,,,,,,,,,,,,,,,,,,,,,,,,,,,,,,,,,,
preowned-fq8138-001-12-po-1,,,,,,,,,,,,,,,,,,,,,,,,,,,,,,,https://cdn.shopify.com/s/files/1/0674/5767/9557/files/c6d009e4-7f04-4e8a-8325-325efc242a90.jpg?v=1790111881,5,Jordan 4 Retro White Thunder - Image 5,,,,,,,,,,,,,,,,,,,,,,,,,,,,,,,,,,,,,,,,,,,,,,,,,,,,,,,,,,
preowned-fq8138-001-12-po-1,,,,,,,,,,,,,,,,,,,,,,,,,,,,,,,https://cdn.shopify.com/s/files/1/0674/5767/9557/files/a6410e1f-0cb5-46c0-8050-a2276aa88f6d.jpg?v=1790111880,6,Jordan 4 Retro White Thunder - Image 6,,,,,,,,,,,,,,,,,,,,,,,,,,,,,,,,,,,,,,,,,,,,,,,,,,,,,,,,,,
preowned-fq8138-001-12-po-1,,,,,,,,,,,,,,,,,,,,,,,,,,,,,,,https://cdn.shopify.com/s/files/1/0674/5767/9557/files/c95e05f9-a278-4761-99b0-41c49d45e2ee.jpg?v=1790111881,7,Jordan 4 Retro White Thunder - Image 7,,,,,,,,,,,,,,,,,,,,,,,,,,,,,,,,,,,,,,,,,,,,,,,,,,,,,,,,,,
preowned-fq8138-001-12-po-1,,,,,,,,,,,,,,,,,,,,,,,,,,,,,,,https://cdn.shopify.com/s/files/1/0674/5767/9557/files/5e4ce9d2-7e8c-484f-9a63-7c26772519a0.jpg?v=1790111881,8,Jordan 4 Retro White Thunder - Image 8,,,,,,,,,,,,,,,,,,,,,,,,,,,,,,,,,,,,,,,,,,,,,,,,,,,,,,,,,,
preowned-fq8138-001-12-po-1,,,,,,,,,,,,,,,,,,,,,,,,,,,,,,,https://cdn.shopify.com/s/files/1/0674/5767/9557/files/b11814dc-b47b-4a7e-947d-a34b5589e150.jpg?v=1790111881,9,Jordan 4 Retro White Thunder - Image 9,,,,,,,,,,,,,,,,,,,,,,,,,,,,,,,,,,,,,,,,,,,,,,,,,,,,,,,,,,
preowned-ct8012-011-9-5-po-1,Jordan 11 Retro Jubilee 25th Anniversary 9.5 (Pre-Owned),"Jordan 11 Retro Jubilee 25th Anniversary<br>SKU: CT8012-011<br>Size: 9.5M / 11W<br>Condition: Moderately Worn<br>Box Condition: Original Box<br>Release Date: 2020-12-12<br><br>All items are shipped out quickly with safe packaging.<br>Check our reviews to see the accuracy of conditions, speed of shipping &amp; quality of service.<br><br>Please DM if you have any questions or need any more information. Thank you!",Jordan,,Pre-Owned Sneakers,"jordan, moderately_worn, pre-owned, Restock",TRUE,Size,9.5M / 11W,,,,,,,,CT8012-011-9.5-PO-1,0,shopify,deny,manual,130,,TRUE,TRUE,,,,,4743330980,https://cdn.shopify.com/s/files/1/0674/5767/9557/files/8aad0adf-644b-42fb-84c6-3c0986d9f120.jpg?v=1790106254,1,Jordan 11 Retro Jubilee 25th Anniversary - Image 1,FALSE,,,,,,,,,,,,,,Pre-Owned,,,,,,,,,,,,,,,,,,,,,,,,,,,,,,,,,,,,lb,,,active,,,,
preowned-ct8012-011-9-5-po-1,,,,,,,,,,,,,,,,,,,,,,,,,,,,,,,https://cdn.shopify.com/s/files/1/0674/5767/9557/files/9774d300-6641-413f-962b-394525335ad4.jpg?v=1790106254,2,Jordan 11 Retro Jubilee 25th Anniversary - Image 2,,,,,,,,,,,,,,,,,,,,,,,,,,,,,,,,,,,,,,,,,,,,,,,,,,,,,,,,,,
preowned-ct8012-011-9-5-po-1,,,,,,,,,,,,,,,,,,,,,,,,,,,,,,,https://cdn.shopify.com/s/files/1/0674/5767/9557/files/2552d88e-44d4-4a09-8a39-370da0332602.jpg?v=1790106254,3,Jordan 11 Retro Jubilee 25th Anniversary - Image 3,,,,,,,,,,,,,,,,,,,,,,,,,,,,,,,,,,,,,,,,,,,,,,,,,,,,,,,,,,
preowned-ct8012-011-9-5-po-1,,,,,,,,,,,,,,,,,,,,,,,,,,,,,,,https://cdn.shopify.com/s/files/1/0674/5767/9557/files/bdd26cd6-3084-443c-926c-b17556df0a90.jpg?v=1790106254,4,Jordan 11 Retro Jubilee 25th Anniversary - Image 4,,,,,,,,,,,,,,,,,,,,,,,,,,,,,,,,,,,,,,,,,,,,,,,,,,,,,,,,,,
preowned-ct8012-011-9-5-po-1,,,,,,,,,,,,,,,,,,,,,,,,,,,,,,,https://cdn.shopify.com/s/files/1/0674/5767/9557/files/5b405814-2b9a-44e1-9bab-1bc997e6570d.jpg?v=1790106254,5,Jordan 11 Retro Jubilee 25th Anniversary - Image 5,,,,,,,,,,,,,,,,,,,,,,,,,,,,,,,,,,,,,,,,,,,,,,,,,,,,,,,,,,
preowned-ct8012-011-9-5-po-1,,,,,,,,,,,,,,,,,,,,,,,,,,,,,,,https://cdn.shopify.com/s/files/1/0674/5767/9557/files/12804bc2-97a8-4313-b8fe-1a7ddcdbf4fa.jpg?v=1790106254,6,Jordan 11 Retro Jubilee 25th Anniversary - Image 6,,,,,,,,,,,,,,,,,,,,,,,,,,,,,,,,,,,,,,,,,,,,,,,,,,,,,,,,,,
preowned-ct8012-011-9-5-po-1,,,,,,,,,,,,,,,,,,,,,,,,,,,,,,,https://cdn.shopify.com/s/files/1/0674/5767/9557/files/0b2217a8-6ae8-4fa0-85f0-fabedbb077c3.jpg?v=1790106254,7,Jordan 11 Retro Jubilee 25th Anniversary - Image 7,,,,,,,,,,,,,,,,,,,,,,,,,,,,,,,,,,,,,,,,,,,,,,,,,,,,,,,,,,
preowned-ct8012-011-9-5-po-1,,,,,,,,,,,,,,,,,,,,,,,,,,,,,,,https://cdn.shopify.com/s/files/1/0674/5767/9557/files/546ca19f-1426-46d5-99b5-6082cdbee203.jpg?v=1790106255,8,Jordan 11 Retro Jubilee 25th Anniversary - Image 8,,,,,,,,,,,,,,,,,,,,,,,,,,,,,,,,,,,,,,,,,,,,,,,,,,,,,,,,,,
preowned-fq8138-001-8-po-1,Jordan 4 Retro White Thunder 8 (Pre-Owned),"Jordan 4 Retro White Thunder<br>SKU: FQ8138-001<br>Size: 8M / 9.5W<br>Condition: Lightly Worn<br>Box Condition: Damaged Box<br>Release Date: 2024-08-24<br><br>All items are shipped out quickly with safe packaging.<br>Check our reviews to see the accuracy of conditions, speed of shipping &amp; quality of service.<br><br>Please DM if you have any questions or need any more information. Thank you!",Jordan,,Pre-Owned Sneakers,"jordan, lightly_worn, pre-owned, Restock",TRUE,Size,8M / 9.5W,,,,,,,,FQ8138-001-8-PO-1,0,shopify,deny,manual,225,,TRUE,TRUE,,,,,9505850973,https://cdn.shopify.com/s/files/1/0674/5767/9557/files/77c7c72d-3e77-4d8d-857d-8257e8aea688.jpg?v=1790106480,1,Jordan 4 Retro White Thunder - Image 1,FALSE,,,,,,,,,,,,,,Pre-Owned,,,,,,,,,,,,,,,,,,,,,,,,,,,,,,,,,,,,lb,,,active,,,,
preowned-fq8138-001-8-po-1,,,,,,,,,,,,,,,,,,,,,,,,,,,,,,,https://cdn.shopify.com/s/files/1/0674/5767/9557/files/d67a559c-912c-4718-82ec-1a557ded5fed.jpg?v=1790106480,2,Jordan 4 Retro White Thunder - Image 2,,,,,,,,,,,,,,,,,,,,,,,,,,,,,,,,,,,,,,,,,,,,,,,,,,,,,,,,,,
preowned-fq8138-001-8-po-1,,,,,,,,,,,,,,,,,,,,,,,,,,,,,,,https://cdn.shopify.com/s/files/1/0674/5767/9557/files/c0050c1a-db96-4ba8-8c9c-11a1692cd2ec.jpg?v=1790106480,3,Jordan 4 Retro White Thunder - Image 3,,,,,,,,,,,,,,,,,,,,,,,,,,,,,,,,,,,,,,,,,,,,,,,,,,,,,,,,,,
preowned-fq8138-001-8-po-1,,,,,,,,,,,,,,,,,,,,,,,,,,,,,,,https://cdn.shopify.com/s/files/1/0674/5767/9557/files/f594726b-3f0b-4f4c-b3a7-4b2bfe5ad59d.jpg?v=1790106480,4,Jordan 4 Retro White Thunder - Image 4,,,,,,,,,,,,,,,,,,,,,,,,,,,,,,,,,,,,,,,,,,,,,,,,,,,,,,,,,,
preowned-fq8138-001-8-po-1,,,,,,,,,,,,,,,,,,,,,,,,,,,,,,,https://cdn.shopify.com/s/files/1/0674/5767/9557/files/dfd7d4a7-8150-4f91-aa2c-a0a241e9c604.jpg?v=1790106480,5,Jordan 4 Retro White Thunder - Image 5,,,,,,,,,,,,,,,,,,,,,,,,,,,,,,,,,,,,,,,,,,,,,,,,,,,,,,,,,,
preowned-fq8138-001-8-po-1,,,,,,,,,,,,,,,,,,,,,,,,,,,,,,,https://cdn.shopify.com/s/files/1/0674/5767/9557/files/26b3ecec-3257-401c-bf42-c0bcdacc64e9.jpg?v=1790106480,6,Jordan 4 Retro White Thunder - Image 6,,,,,,,,,,,,,,,,,,,,,,,,,,,,,,,,,,,,,,,,,,,,,,,,,,,,,,,,,,
preowned-fq8138-001-8-po-1,,,,,,,,,,,,,,,,,,,,,,,,,,,,,,,https://cdn.shopify.com/s/files/1/0674/5767/9557/files/96502971-4348-4c22-ac4e-c34448dfc724.jpg?v=1790106481,7,Jordan 4 Retro White Thunder - Image 7,,,,,,,,,,,,,,,,,,,,,,,,,,,,,,,,,,,,,,,,,,,,,,,,,,,,,,,,,,
preowned-fq8138-001-8-po-1,,,,,,,,,,,,,,,,,,,,,,,,,,,,,,,https://cdn.shopify.com/s/files/1/0674/5767/9557/files/570af0f6-c5c1-417f-bd8b-321a08311dde.jpg?v=1790106480,8,Jordan 4 Retro White Thunder - Image 8,,,,,,,,,,,,,,,,,,,,,,,,,,,,,,,,,,,,,,,,,,,,,,,,,,,,,,,,,,
preowned-fn7819-400-7-po-1,Nike SB Dunk Low Born X Raised One Block At A Time 7 (Pre-Owned),"Nike SB Dunk Low Born X Raised One Block At A Time<br>SKU: FN7819-400<br>Size: 7Y / 8.5W<br>Condition: Lightly Worn<br>Box Condition: Original Box<br>Release Date: 2023-09-28<br><br>All items are shipped out quickly with safe packaging.<br>Check our reviews to see the accuracy of conditions, speed of shipping &amp; quality of service.<br><br>Please DM if you have any questions or need any more information. Thank you!",Nike,,Pre-Owned Sneakers,"lightly_worn, nike, pre-owned, Restock",TRUE,Size,7Y / 8.5W,,,,,,,,FN7819-400-7-PO-1,0,shopify,deny,manual,225,,TRUE,TRUE,,,,,0743093851,https://cdn.shopify.com/s/files/1/0674/5767/9557/files/dfcdbe29-5cdc-46bf-a4b8-f202d4b8d90b.jpg?v=1790104735,1,Nike SB Dunk Low Born X Raised One Block At A Time - Image 1,FALSE,,,,,,,,,,,,,,Pre-Owned,,,,,,,,,,,,,,,,,,,,,,,,,,,,,,,,,,,,lb,,,active,,,,
preowned-fn7819-400-7-po-1,,,,,,,,,,,,,,,,,,,,,,,,,,,,,,,https://cdn.shopify.com/s/files/1/0674/5767/9557/files/b6e2695f-d0d3-4b5a-8a29-4d668d4e3461.jpg?v=1790104736,2,Nike SB Dunk Low Born X Raised One Block At A Time - Image 2,,,,,,,,,,,,,,,,,,,,,,,,,,,,,,,,,,,,,,,,,,,,,,,,,,,,,,,,,,
preowned-fn7819-400-7-po-1,,,,,,,,,,,,,,,,,,,,,,,,,,,,,,,https://cdn.shopify.com/s/files/1/0674/5767/9557/files/a2f70578-51d8-4997-ad65-23a67249ee54.jpg?v=1790104735,3,Nike SB Dunk Low Born X Raised One Block At A Time - Image 3,,,,,,,,,,,,,,,,,,,,,,,,,,,,,,,,,,,,,,,,,,,,,,,,,,,,,,,,,,
preowned-fn7819-400-7-po-1,,,,,,,,,,,,,,,,,,,,,,,,,,,,,,,https://cdn.shopify.com/s/files/1/0674/5767/9557/files/c0ab5eec-a0df-49fc-ab5a-d5cd07af056c.jpg?v=1790104736,4,Nike SB Dunk Low Born X Raised One Block At A Time - Image 4,,,,,,,,,,,,,,,,,,,,,,,,,,,,,,,,,,,,,,,,,,,,,,,,,,,,,,,,,,
preowned-fn7819-400-7-po-1,,,,,,,,,,,,,,,,,,,,,,,,,,,,,,,https://cdn.shopify.com/s/files/1/0674/5767/9557/files/7cd7f7de-339a-460a-a1d0-e15200d56f89.jpg?v=1790104736,5,Nike SB Dunk Low Born X Raised One Block At A Time - Image 5,,,,,,,,,,,,,,,,,,,,,,,,,,,,,,,,,,,,,,,,,,,,,,,,,,,,,,,,,,
preowned-fn7819-400-7-po-1,,,,,,,,,,,,,,,,,,,,,,,,,,,,,,,https://cdn.shopify.com/s/files/1/0674/5767/9557/files/2d637498-cee4-4098-9694-27b21a68e062.jpg?v=1790104735,6,Nike SB Dunk Low Born X Raised One Block At A Time - Image 6,,,,,,,,,,,,,,,,,,,,,,,,,,,,,,,,,,,,,,,,,,,,,,,,,,,,,,,,,,
preowned-fn7819-400-7-po-1,,,,,,,,,,,,,,,,,,,,,,,,,,,,,,,https://cdn.shopify.com/s/files/1/0674/5767/9557/files/f35baa7c-3a7e-4b0e-a41f-1baaa61c9439.jpg?v=1790104735,7,Nike SB Dunk Low Born X Raised One Block At A Time - Image 7,,,,,,,,,,,,,,,,,,,,,,,,,,,,,,,,,,,,,,,,,,,,,,,,,,,,,,,,,,
preowned-fn7819-400-7-po-1,,,,,,,,,,,,,,,,,,,,,,,,,,,,,,,https://cdn.shopify.com/s/files/1/0674/5767/9557/files/62c20c81-bc22-401e-98c5-a97679fa75de.jpg?v=1790104735,8,Nike SB Dunk Low Born X Raised One Block At A Time - Image 8,,,,,,,,,,,,,,,,,,,,,,,,,,,,,,,,,,,,,,,,,,,,,,,,,,,,,,,,,,
preowned-fn7819-400-7-po-1,,,,,,,,,,,,,,,,,,,,,,,,,,,,,,,https://cdn.shopify.com/s/files/1/0674/5767/9557/files/b3438764-4c83-4bc2-b09c-7356faefefdf.jpg?v=1790104735,9,Nike SB Dunk Low Born X Raised One Block At A Time - Image 9,,,,,,,,,,,,,,,,,,,,,,,,,,,,,,,,,,,,,,,,,,,,,,,,,,,,,,,,,,
preowned-310805-100-8-po-1,Jordan 10 Retro Chicago Bulls (2012) 8 (Pre-Owned),"Jordan 10 Retro Chicago Bulls (2012)<br>SKU: 310805-100<br>Size: 8M / 9.5W<br>Condition: Moderately Worn<br>Box Condition: Original Box<br>Release Date: 2012-01-21<br><br>All items are shipped out quickly with safe packaging.<br>Check our reviews to see the accuracy of conditions, speed of shipping &amp; quality of service.<br><br>Please DM if you have any questions or need any more information. Thank you!",Jordan,,Pre-Owned Sneakers,"jordan, moderately_worn, pre-owned, Restock",TRUE,Size,8M / 9.5W,,,,,,,,310805-100-8-PO-1,0,shopify,deny,manual,135,,TRUE,TRUE,,,,,2071516394,https://cdn.shopify.com/s/files/1/0674/5767/9557/files/2f9ed5be-b84f-4ce6-9fb2-5b3665f2db2d.jpg?v=1790110434,1,Jordan 10 Retro Chicago Bulls (2012) - Image 1,FALSE,,,,,,,,,,,,,,Pre-Owned,,,,,,,,,,,,,,,,,,,,,,,,,,,,,,,,,,,,lb,,,active,,,,
preowned-310805-100-8-po-1,,,,,,,,,,,,,,,,,,,,,,,,,,,,,,,https://cdn.shopify.com/s/files/1/0674/5767/9557/files/259dcf42-3143-41d7-8098-1ada7f050246.jpg?v=1790110434,2,Jordan 10 Retro Chicago Bulls (2012) - Image 2,,,,,,,,,,,,,,,,,,,,,,,,,,,,,,,,,,,,,,,,,,,,,,,,,,,,,,,,,,
preowned-310805-100-8-po-1,,,,,,,,,,,,,,,,,,,,,,,,,,,,,,,https://cdn.shopify.com/s/files/1/0674/5767/9557/files/6344176a-1da2-4588-9c4e-cbb6af157d15.jpg?v=1790110434,3,Jordan 10 Retro Chicago Bulls (2012) - Image 3,,,,,,,,,,,,,,,,,,,,,,,,,,,,,,,,,,,,,,,,,,,,,,,,,,,,,,,,,,
preowned-310805-100-8-po-1,,,,,,,,,,,,,,,,,,,,,,,,,,,,,,,https://cdn.shopify.com/s/files/1/0674/5767/9557/files/6584198f-8d15-4d1e-a53f-5fbf7b528e57.jpg?v=1790110434,4,Jordan 10 Retro Chicago Bulls (2012) - Image 4,,,,,,,,,,,,,,,,,,,,,,,,,,,,,,,,,,,,,,,,,,,,,,,,,,,,,,,,,,
preowned-310805-100-8-po-1,,,,,,,,,,,,,,,,,,,,,,,,,,,,,,,https://cdn.shopify.com/s/files/1/0674/5767/9557/files/037a6e6e-19f8-4d46-ab98-d4334f123fb0.jpg?v=1790110434,5,Jordan 10 Retro Chicago Bulls (2012) - Image 5,,,,,,,,,,,,,,,,,,,,,,,,,,,,,,,,,,,,,,,,,,,,,,,,,,,,,,,,,,
preowned-310805-100-8-po-1,,,,,,,,,,,,,,,,,,,,,,,,,,,,,,,https://cdn.shopify.com/s/files/1/0674/5767/9557/files/109b2bee-d6a5-4d30-8891-37eb4fb511d5.jpg?v=1790110434,6,Jordan 10 Retro Chicago Bulls (2012) - Image 6,,,,,,,,,,,,,,,,,,,,,,,,,,,,,,,,,,,,,,,,,,,,,,,,,,,,,,,,,,
preowned-310805-100-8-po-1,,,,,,,,,,,,,,,,,,,,,,,,,,,,,,,https://cdn.shopify.com/s/files/1/0674/5767/9557/files/1c0b2b75-c2b7-4a84-a1d5-5786d8c237ac.jpg?v=1790110434,7,Jordan 10 Retro Chicago Bulls (2012) - Image 7,,,,,,,,,,,,,,,,,,,,,,,,,,,,,,,,,,,,,,,,,,,,,,,,,,,,,,,,,,
preowned-310805-100-8-po-1,,,,,,,,,,,,,,,,,,,,,,,,,,,,,,,https://cdn.shopify.com/s/files/1/0674/5767/9557/files/b6fcf6b6-0482-47f2-8f0b-e4a6526e2d06.jpg?v=1790110434,8,Jordan 10 Retro Chicago Bulls (2012) - Image 8,,,,,,,,,,,,,,,,,,,,,,,,,,,,,,,,,,,,,,,,,,,,,,,,,,,,,,,,,,
preowned-aq9129-103-11-5w-po-1,Jordan 4 Retro Seafoam (Women's) 11.5W (Pre-Owned),"Jordan 4 Retro Seafoam (Women's)<br>SKU: AQ9129-103<br>Size: 11.5W<br>Condition: Moderately Worn<br>Box Condition: Original Box<br>Release Date: 2023-02-09<br><br>All items are shipped out quickly with safe packaging.<br>Check our reviews to see the accuracy of conditions, speed of shipping &amp; quality of service.<br><br>Please DM if you have any questions or need any more information. Thank you!",Jordan,,Pre-Owned Sneakers,"jordan, moderately_worn, pre-owned, Restock",TRUE,Size,11.5W,,,,,,,,AQ9129-103-11.5W-PO-1,0,shopify,deny,manual,140,,TRUE,TRUE,,,,,8647463941,https://cdn.shopify.com/s/files/1/0674/5767/9557/files/2f2e2e84-26aa-46f2-82bf-662528911979.jpg?v=1790105956,1,Jordan 4 Retro Seafoam (Women's) - Image 1,FALSE,,,,,,,,,,,,,,Pre-Owned,,,,,,,,,,,,,,,,,,,,,,,,,,,,,,,,,,,,lb,,,active,,,,
preowned-aq9129-103-11-5w-po-1,,,,,,,,,,,,,,,,,,,,,,,,,,,,,,,https://cdn.shopify.com/s/files/1/0674/5767/9557/files/558281a3-58e2-49d0-b4a7-53a913a90819.jpg?v=1790105956,2,Jordan 4 Retro Seafoam (Women's) - Image 2,,,,,,,,,,,,,,,,,,,,,,,,,,,,,,,,,,,,,,,,,,,,,,,,,,,,,,,,,,
preowned-aq9129-103-11-5w-po-1,,,,,,,,,,,,,,,,,,,,,,,,,,,,,,,https://cdn.shopify.com/s/files/1/0674/5767/9557/files/ef6b5d72-88eb-456c-a73d-4866d98d5c70.jpg?v=1790105956,3,Jordan 4 Retro Seafoam (Women's) - Image 3,,,,,,,,,,,,,,,,,,,,,,,,,,,,,,,,,,,,,,,,,,,,,,,,,,,,,,,,,,
preowned-aq9129-103-11-5w-po-1,,,,,,,,,,,,,,,,,,,,,,,,,,,,,,,https://cdn.shopify.com/s/files/1/0674/5767/9557/files/e0235080-6360-414e-afa3-bf400e552c17.jpg?v=1790105955,4,Jordan 4 Retro Seafoam (Women's) - Image 4,,,,,,,,,,,,,,,,,,,,,,,,,,,,,,,,,,,,,,,,,,,,,,,,,,,,,,,,,,
preowned-aq9129-103-11-5w-po-1,,,,,,,,,,,,,,,,,,,,,,,,,,,,,,,https://cdn.shopify.com/s/files/1/0674/5767/9557/files/088f1c3b-4500-46ae-b95f-664f1e99e917.jpg?v=1790105956,5,Jordan 4 Retro Seafoam (Women's) - Image 5,,,,,,,,,,,,,,,,,,,,,,,,,,,,,,,,,,,,,,,,,,,,,,,,,,,,,,,,,,
preowned-aq9129-103-11-5w-po-1,,,,,,,,,,,,,,,,,,,,,,,,,,,,,,,https://cdn.shopify.com/s/files/1/0674/5767/9557/files/21d3648f-bc07-413d-9f71-1b59430164af.jpg?v=1790105956,6,Jordan 4 Retro Seafoam (Women's) - Image 6,,,,,,,,,,,,,,,,,,,,,,,,,,,,,,,,,,,,,,,,,,,,,,,,,,,,,,,,,,
preowned-aq9129-103-11-5w-po-1,,,,,,,,,,,,,,,,,,,,,,,,,,,,,,,https://cdn.shopify.com/s/files/1/0674/5767/9557/files/1fc5c3c5-7787-4bd9-94da-32aad62ad9e0.jpg?v=1790105956,7,Jordan 4 Retro Seafoam (Women's) - Image 7,,,,,,,,,,,,,,,,,,,,,,,,,,,,,,,,,,,,,,,,,,,,,,,,,,,,,,,,,,
preowned-aq9129-103-11-5w-po-1,,,,,,,,,,,,,,,,,,,,,,,,,,,,,,,https://cdn.shopify.com/s/files/1/0674/5767/9557/files/ae8b631a-e106-42a6-9970-634f73d45e84.jpg?v=1790105956,8,Jordan 4 Retro Seafoam (Women's) - Image 8,,,,,,,,,,,,,,,,,,,,,,,,,,,,,,,,,,,,,,,,,,,,,,,,,,,,,,,,,,
preowned-dm7866-202-11-po-1,Jordan 1 Retro Low OG SP Travis Scott Velvet Brown 11 (Pre-Owned),"Jordan 1 Retro Low OG SP Travis Scott Velvet Brown<br>SKU: DM7866-202<br>Size: 11M / 12.5W<br>Condition: Moderately Worn (missing pink lace)<br>Box Condition: Original Box<br>Release Date: 2024-12-21<br><br>All items are shipped out quickly with safe packaging.<br>Check our reviews to see the accuracy of conditions, speed of shipping &amp; quality of service.<br><br>Please DM if you have any questions or need any more information. Thank you!",Jordan,,Pre-Owned Sneakers,"jordan, moderately_worn, pre-owned, Restock",TRUE,Size,11M / 12.5W,,,,,,,,DM7866-202-11-PO-1,0,shopify,deny,manual,395,,TRUE,TRUE,,,,,3519018209,https://cdn.shopify.com/s/files/1/0674/5767/9557/files/ddcbb156-dc41-49e9-9c13-d0bc17b394f3.jpg?v=1790104540,1,Jordan 1 Retro Low OG SP Travis Scott Velvet Brown - Image 1,FALSE,,,,,,,,,,,,,,Pre-Owned,,,,,,,,,,,,,,,,,,,,,,,,,,,,,,,,,,,,lb,,,active,,,,
preowned-dm7866-202-11-po-1,,,,,,,,,,,,,,,,,,,,,,,,,,,,,,,https://cdn.shopify.com/s/files/1/0674/5767/9557/files/85a62eb1-90ea-4a8f-95c7-2c4097a714b7.jpg?v=1790104540,2,Jordan 1 Retro Low OG SP Travis Scott Velvet Brown - Image 2,,,,,,,,,,,,,,,,,,,,,,,,,,,,,,,,,,,,,,,,,,,,,,,,,,,,,,,,,,
preowned-dm7866-202-11-po-1,,,,,,,,,,,,,,,,,,,,,,,,,,,,,,,https://cdn.shopify.com/s/files/1/0674/5767/9557/files/27fa32b7-6223-49b4-80ec-10c0efb1d182.jpg?v=1790104540,3,Jordan 1 Retro Low OG SP Travis Scott Velvet Brown - Image 3,,,,,,,,,,,,,,,,,,,,,,,,,,,,,,,,,,,,,,,,,,,,,,,,,,,,,,,,,,
preowned-dm7866-202-11-po-1,,,,,,,,,,,,,,,,,,,,,,,,,,,,,,,https://cdn.shopify.com/s/files/1/0674/5767/9557/files/26880cee-94d6-448c-990c-e5a7dc391c05.jpg?v=1790104540,4,Jordan 1 Retro Low OG SP Travis Scott Velvet Brown - Image 4,,,,,,,,,,,,,,,,,,,,,,,,,,,,,,,,,,,,,,,,,,,,,,,,,,,,,,,,,,
preowned-dm7866-202-11-po-1,,,,,,,,,,,,,,,,,,,,,,,,,,,,,,,https://cdn.shopify.com/s/files/1/0674/5767/9557/files/5c581a4d-19b3-4c5b-9c9a-3c642ff3a6d9.jpg?v=1790104540,5,Jordan 1 Retro Low OG SP Travis Scott Velvet Brown - Image 5,,,,,,,,,,,,,,,,,,,,,,,,,,,,,,,,,,,,,,,,,,,,,,,,,,,,,,,,,,
preowned-dm7866-202-11-po-1,,,,,,,,,,,,,,,,,,,,,,,,,,,,,,,https://cdn.shopify.com/s/files/1/0674/5767/9557/files/8b677054-91b3-4753-b33b-ab8286e2ca76.jpg?v=1790104540,6,Jordan 1 Retro Low OG SP Travis Scott Velvet Brown - Image 6,,,,,,,,,,,,,,,,,,,,,,,,,,,,,,,,,,,,,,,,,,,,,,,,,,,,,,,,,,
preowned-dm7866-202-11-po-1,,,,,,,,,,,,,,,,,,,,,,,,,,,,,,,https://cdn.shopify.com/s/files/1/0674/5767/9557/files/e7eb4235-93ce-494b-8ab7-178b341e6705.jpg?v=1790104540,7,Jordan 1 Retro Low OG SP Travis Scott Velvet Brown - Image 7,,,,,,,,,,,,,,,,,,,,,,,,,,,,,,,,,,,,,,,,,,,,,,,,,,,,,,,,,,
preowned-dm7866-202-11-po-1,,,,,,,,,,,,,,,,,,,,,,,,,,,,,,,https://cdn.shopify.com/s/files/1/0674/5767/9557/files/1d8a9921-98de-4743-9d11-c20ed45e1ec7.jpg?v=1790104540,8,Jordan 1 Retro Low OG SP Travis Scott Velvet Brown - Image 8,,,,,,,,,,,,,,,,,,,,,,,,,,,,,,,,,,,,,,,,,,,,,,,,,,,,,,,,,,
preowned-834274-001-11-po-1,Jordan 2 Retro Alternate 87 11 (Pre-Owned),"Jordan 2 Retro Alternate 87<br>SKU: 834274-001<br>Size: 11M / 12.5W<br>Condition: Moderately Worn<br>Box Condition: Original Box<br>Release Date: 2016-02-06<br><br>All items are shipped out quickly with safe packaging.<br>Check our reviews to see the accuracy of conditions, speed of shipping &amp; quality of service.<br><br>Please DM if you have any questions or need any more information. Thank you!",Jordan,,Pre-Owned Sneakers,"jordan, moderately_worn, pre-owned, Restock",TRUE,Size,11M / 12.5W,,,,,,,,834274-001-11-PO-1,0,shopify,deny,manual,85,,TRUE,TRUE,,,,,4613100201,https://cdn.shopify.com/s/files/1/0674/5767/9557/files/c29bd4c0-8372-4853-a460-c2c52fba08c7.jpg?v=1790190535,1,Jordan 2 Retro Alternate 87 - Image 1,FALSE,,,,,,,,,,,,,,Pre-Owned,,,,,,,,,,,,,,,,,,,,,,,,,,,,,,,,,,,,lb,,,active,,,,
preowned-834274-001-11-po-1,,,,,,,,,,,,,,,,,,,,,,,,,,,,,,,https://cdn.shopify.com/s/files/1/0674/5767/9557/files/42f10002-67de-4070-9e1f-c25456614447.jpg?v=1790190535,2,Jordan 2 Retro Alternate 87 - Image 2,,,,,,,,,,,,,,,,,,,,,,,,,,,,,,,,,,,,,,,,,,,,,,,,,,,,,,,,,,
preowned-834274-001-11-po-1,,,,,,,,,,,,,,,,,,,,,,,,,,,,,,,https://cdn.shopify.com/s/files/1/0674/5767/9557/files/8ce568c5-fa9d-459a-aa25-9adcd3d4659c.jpg?v=1790190535,3,Jordan 2 Retro Alternate 87 - Image 3,,,,,,,,,,,,,,,,,,,,,,,,,,,,,,,,,,,,,,,,,,,,,,,,,,,,,,,,,,
preowned-834274-001-11-po-1,,,,,,,,,,,,,,,,,,,,,,,,,,,,,,,https://cdn.shopify.com/s/files/1/0674/5767/9557/files/58e62d4f-7dfc-4f38-819a-d9a7ffe552fb.jpg?v=1790190535,4,Jordan 2 Retro Alternate 87 - Image 4,,,,,,,,,,,,,,,,,,,,,,,,,,,,,,,,,,,,,,,,,,,,,,,,,,,,,,,,,,
preowned-834274-001-11-po-1,,,,,,,,,,,,,,,,,,,,,,,,,,,,,,,https://cdn.shopify.com/s/files/1/0674/5767/9557/files/fd4ca564-b173-4ef9-bb28-483e83baa296.jpg?v=1790190535,5,Jordan 2 Retro Alternate 87 - Image 5,,,,,,,,,,,,,,,,,,,,,,,,,,,,,,,,,,,,,,,,,,,,,,,,,,,,,,,,,,
preowned-834274-001-11-po-1,,,,,,,,,,,,,,,,,,,,,,,,,,,,,,,https://cdn.shopify.com/s/files/1/0674/5767/9557/files/3950a809-0bec-47cf-830a-5aa0edfe5d51.jpg?v=1790190535,6,Jordan 2 Retro Alternate 87 - Image 6,,,,,,,,,,,,,,,,,,,,,,,,,,,,,,,,,,,,,,,,,,,,,,,,,,,,,,,,,,
preowned-834274-001-11-po-1,,,,,,,,,,,,,,,,,,,,,,,,,,,,,,,https://cdn.shopify.com/s/files/1/0674/5767/9557/files/f55d3335-2c50-4a8d-b3f2-ff448900f167.jpg?v=1790190535,7,Jordan 2 Retro Alternate 87 - Image 7,,,,,,,,,,,,,,,,,,,,,,,,,,,,,,,,,,,,,,,,,,,,,,,,,,,,,,,,,,
preowned-834274-001-11-po-1,,,,,,,,,,,,,,,,,,,,,,,,,,,,,,,https://cdn.shopify.com/s/files/1/0674/5767/9557/files/58d4a678-2143-4eb7-a4f6-82a59b75531f.jpg?v=1790190535,8,Jordan 2 Retro Alternate 87 - Image 8,,,,,,,,,,,,,,,,,,,,,,,,,,,,,,,,,,,,,,,,,,,,,,,,,,,,,,,,,,
preowned-487214-107-11-po-1,Jordan 10 Retro Old Royal 11 (Pre-Owned),"Jordan 10 Retro Old Royal<br>SKU: 487214-107<br>Size: 11M / 12.5W<br>Condition: Moderately Worn<br>Box Condition: Original Box<br>Release Date: 2012-02-11<br><br>All items are shipped out quickly with safe packaging.<br>Check our reviews to see the accuracy of conditions, speed of shipping &amp; quality of service.<br><br>Please DM if you have any questions or need any more information. Thank you!",Jordan,,Pre-Owned Sneakers,"jordan, moderately_worn, pre-owned, Restock",TRUE,Size,11M / 12.5W,,,,,,,,487214-107-11-PO-1,0,shopify,deny,manual,125,,TRUE,TRUE,,,,,2708076945,https://cdn.shopify.com/s/files/1/0674/5767/9557/files/d38a6678-ef8d-4f5d-a037-8091eaa3674b.jpg?v=1790108883,1,Jordan 10 Retro Old Royal - Image 1,FALSE,,,,,,,,,,,,,,Pre-Owned,,,,,,,,,,,,,,,,,,,,,,,,,,,,,,,,,,,,lb,,,active,,,,
preowned-487214-107-11-po-1,,,,,,,,,,,,,,,,,,,,,,,,,,,,,,,https://cdn.shopify.com/s/files/1/0674/5767/9557/files/f32f5a21-2dbc-4aa5-b93e-34e3ef68588a.jpg?v=1790108883,2,Jordan 10 Retro Old Royal - Image 2,,,,,,,,,,,,,,,,,,,,,,,,,,,,,,,,,,,,,,,,,,,,,,,,,,,,,,,,,,
preowned-487214-107-11-po-1,,,,,,,,,,,,,,,,,,,,,,,,,,,,,,,https://cdn.shopify.com/s/files/1/0674/5767/9557/files/4326f398-b66a-4bcf-aebb-980bbaad46fa.jpg?v=1790108883,3,Jordan 10 Retro Old Royal - Image 3,,,,,,,,,,,,,,,,,,,,,,,,,,,,,,,,,,,,,,,,,,,,,,,,,,,,,,,,,,
preowned-487214-107-11-po-1,,,,,,,,,,,,,,,,,,,,,,,,,,,,,,,https://cdn.shopify.com/s/files/1/0674/5767/9557/files/5c0bfd75-7c81-45e8-8371-b24ffead1091.jpg?v=1790108883,4,Jordan 10 Retro Old Royal - Image 4,,,,,,,,,,,,,,,,,,,,,,,,,,,,,,,,,,,,,,,,,,,,,,,,,,,,,,,,,,
preowned-487214-107-11-po-1,,,,,,,,,,,,,,,,,,,,,,,,,,,,,,,https://cdn.shopify.com/s/files/1/0674/5767/9557/files/2bbc4519-27e3-4cf2-adf8-f259fa3d42d5.jpg?v=1790108883,5,Jordan 10 Retro Old Royal - Image 5,,,,,,,,,,,,,,,,,,,,,,,,,,,,,,,,,,,,,,,,,,,,,,,,,,,,,,,,,,
preowned-487214-107-11-po-1,,,,,,,,,,,,,,,,,,,,,,,,,,,,,,,https://cdn.shopify.com/s/files/1/0674/5767/9557/files/c9d86567-50bc-4221-b8f6-e0e9b8a9d40a.jpg?v=1790108883,6,Jordan 10 Retro Old Royal - Image 6,,,,,,,,,,,,,,,,,,,,,,,,,,,,,,,,,,,,,,,,,,,,,,,,,,,,,,,,,,
preowned-487214-107-11-po-1,,,,,,,,,,,,,,,,,,,,,,,,,,,,,,,https://cdn.shopify.com/s/files/1/0674/5767/9557/files/f20635ea-28b6-4ce2-9980-844e9eecb994.jpg?v=1790108883,7,Jordan 10 Retro Old Royal - Image 7,,,,,,,,,,,,,,,,,,,,,,,,,,,,,,,,,,,,,,,,,,,,,,,,,,,,,,,,,,
preowned-487214-107-11-po-1,,,,,,,,,,,,,,,,,,,,,,,,,,,,,,,https://cdn.shopify.com/s/files/1/0674/5767/9557/files/d127dec0-abcc-4b4d-9268-10d36bcec7c9.jpg?v=1790108883,8,Jordan 10 Retro Old Royal - Image 8,,,,,,,,,,,,,,,,,,,,,,,,,,,,,,,,,,,,,,,,,,,,,,,,,,,,,,,,,,
preowned-815810-900-10-po-1,Nike Kobe 10 Elite High What The 10 (Pre-Owned),"Nike Kobe 10 Elite High What The<br>SKU: 815810-900<br>Size: 10M / 11.5W<br>Condition: Moderately Worn<br>Box Condition: Original Box<br><br>All items are shipped out quickly with safe packaging.<br>Check our reviews to see the accuracy of conditions, speed of shipping &amp; quality of service.<br><br>Please DM if you have any questions or need any more information. Thank you!",Nike,,Pre-Owned Sneakers,"moderately_worn, nike, pre-owned, Restock",TRUE,Size,10M / 11.5W,,,,,,,,815810-900-10-PO-1,0,shopify,deny,manual,140,,TRUE,TRUE,,,,,7584845077,https://cdn.shopify.com/s/files/1/0674/5767/9557/files/cbb1bbd2-ac03-4e51-bd61-b2dec79481f0.jpg?v=1790105821,1,Nike Kobe 10 Elite High What The - Image 1,FALSE,,,,,,,,,,,,,,Pre-Owned,,,,,,,,,,,,,,,,,,,,,,,,,,,,,,,,,,,,lb,,,active,,,,
preowned-815810-900-10-po-1,,,,,,,,,,,,,,,,,,,,,,,,,,,,,,,https://cdn.shopify.com/s/files/1/0674/5767/9557/files/c91c3d47-909f-4f7f-8ebf-f7d2b26fa672.jpg?v=1790105821,2,Nike Kobe 10 Elite High What The - Image 2,,,,,,,,,,,,,,,,,,,,,,,,,,,,,,,,,,,,,,,,,,,,,,,,,,,,,,,,,,
preowned-815810-900-10-po-1,,,,,,,,,,,,,,,,,,,,,,,,,,,,,,,https://cdn.shopify.com/s/files/1/0674/5767/9557/files/5ba2f641-6c96-4f4b-9456-4c62592a57d0.jpg?v=1790105821,3,Nike Kobe 10 Elite High What The - Image 3,,,,,,,,,,,,,,,,,,,,,,,,,,,,,,,,,,,,,,,,,,,,,,,,,,,,,,,,,,
preowned-815810-900-10-po-1,,,,,,,,,,,,,,,,,,,,,,,,,,,,,,,https://cdn.shopify.com/s/files/1/0674/5767/9557/files/72475d09-4faa-4d0e-8d8d-1aa48d9a1fc7.jpg?v=1790105821,4,Nike Kobe 10 Elite High What The - Image 4,,,,,,,,,,,,,,,,,,,,,,,,,,,,,,,,,,,,,,,,,,,,,,,,,,,,,,,,,,
preowned-815810-900-10-po-1,,,,,,,,,,,,,,,,,,,,,,,,,,,,,,,https://cdn.shopify.com/s/files/1/0674/5767/9557/files/6a497b20-c654-463f-90cd-99f25694fecb.jpg?v=1790105821,5,Nike Kobe 10 Elite High What The - Image 5,,,,,,,,,,,,,,,,,,,,,,,,,,,,,,,,,,,,,,,,,,,,,,,,,,,,,,,,,,
preowned-815810-900-10-po-1,,,,,,,,,,,,,,,,,,,,,,,,,,,,,,,https://cdn.shopify.com/s/files/1/0674/5767/9557/files/69f6c5cf-81b9-42ef-a6d4-403665c5b39f.jpg?v=1790105821,6,Nike Kobe 10 Elite High What The - Image 6,,,,,,,,,,,,,,,,,,,,,,,,,,,,,,,,,,,,,,,,,,,,,,,,,,,,,,,,,,
preowned-815810-900-10-po-1,,,,,,,,,,,,,,,,,,,,,,,,,,,,,,,https://cdn.shopify.com/s/files/1/0674/5767/9557/files/c4df05c8-d68c-442f-ad2b-751c2fbedda9.jpg?v=1790105821,7,Nike Kobe 10 Elite High What The - Image 7,,,,,,,,,,,,,,,,,,,,,,,,,,,,,,,,,,,,,,,,,,,,,,,,,,,,,,,,,,
preowned-310805-108-9-5-po-1,Jordan 10 Retro Orlando 9.5 (Pre-Owned),"Jordan 10 Retro Orlando<br>SKU: 310805-108<br>Size: 9.5M / 11W<br>Condition: Lightly Worn<br>Box Condition: Original Box<br>Release Date: 2018-12-01<br><br>All items are shipped out quickly with safe packaging.<br>Check our reviews to see the accuracy of conditions, speed of shipping &amp; quality of service.<br><br>Please DM if you have any questions or need any more information. Thank you!",Jordan,,Pre-Owned Sneakers,"jordan, lightly_worn, pre-owned, Restock",TRUE,Size,9.5M / 11W,,,,,,,,310805-108-9.5-PO-1,0,shopify,deny,manual,145,,TRUE,TRUE,,,,,8791646911,https://cdn.shopify.com/s/files/1/0674/5767/9557/files/a4aada07-baa9-4895-8212-1781f6810a0d.jpg?v=1790190319,1,Jordan 10 Retro Orlando - Image 1,FALSE,,,,,,,,,,,,,,Pre-Owned,,,,,,,,,,,,,,,,,,,,,,,,,,,,,,,,,,,,lb,,,active,,,,
preowned-310805-108-9-5-po-1,,,,,,,,,,,,,,,,,,,,,,,,,,,,,,,https://cdn.shopify.com/s/files/1/0674/5767/9557/files/a7156b78-b2c7-4fab-ab52-f6a374d72840.jpg?v=1790190319,2,Jordan 10 Retro Orlando - Image 2,,,,,,,,,,,,,,,,,,,,,,,,,,,,,,,,,,,,,,,,,,,,,,,,,,,,,,,,,,
preowned-310805-108-9-5-po-1,,,,,,,,,,,,,,,,,,,,,,,,,,,,,,,https://cdn.shopify.com/s/files/1/0674/5767/9557/files/3add7fb5-63cd-412b-9dca-4f1d7d751862.jpg?v=1790190319,3,Jordan 10 Retro Orlando - Image 3,,,,,,,,,,,,,,,,,,,,,,,,,,,,,,,,,,,,,,,,,,,,,,,,,,,,,,,,,,
preowned-310805-108-9-5-po-1,,,,,,,,,,,,,,,,,,,,,,,,,,,,,,,https://cdn.shopify.com/s/files/1/0674/5767/9557/files/a33b22da-4a9c-437d-9983-f566cab27dad.jpg?v=1790190319,4,Jordan 10 Retro Orlando - Image 4,,,,,,,,,,,,,,,,,,,,,,,,,,,,,,,,,,,,,,,,,,,,,,,,,,,,,,,,,,
preowned-310805-108-9-5-po-1,,,,,,,,,,,,,,,,,,,,,,,,,,,,,,,https://cdn.shopify.com/s/files/1/0674/5767/9557/files/890ead0e-9700-4f68-8042-7bfb2aa2a950.jpg?v=1790190319,5,Jordan 10 Retro Orlando - Image 5,,,,,,,,,,,,,,,,,,,,,,,,,,,,,,,,,,,,,,,,,,,,,,,,,,,,,,,,,,
preowned-310805-108-9-5-po-1,,,,,,,,,,,,,,,,,,,,,,,,,,,,,,,https://cdn.shopify.com/s/files/1/0674/5767/9557/files/950958d8-655f-46f9-99dc-4c632884ab89.jpg?v=1790190319,6,Jordan 10 Retro Orlando - Image 6,,,,,,,,,,,,,,,,,,,,,,,,,,,,,,,,,,,,,,,,,,,,,,,,,,,,,,,,,,
preowned-310805-108-9-5-po-1,,,,,,,,,,,,,,,,,,,,,,,,,,,,,,,https://cdn.shopify.com/s/files/1/0674/5767/9557/files/da460665-0637-4373-8dd8-198006f14673.jpg?v=1790190319,7,Jordan 10 Retro Orlando - Image 7,,,,,,,,,,,,,,,,,,,,,,,,,,,,,,,,,,,,,,,,,,,,,,,,,,,,,,,,,,
preowned-310805-108-9-5-po-1,,,,,,,,,,,,,,,,,,,,,,,,,,,,,,,https://cdn.shopify.com/s/files/1/0674/5767/9557/files/8c8cf27f-39c4-4c48-963f-de5f09bd7e9e.jpg?v=1790190319,8,Jordan 10 Retro Orlando - Image 8,,,,,,,,,,,,,,,,,,,,,,,,,,,,,,,,,,,,,,,,,,,,,,,,,,,,,,,,,,
preowned-av5210-001-10-5-po-1,Nike Air Force 1 Low '07 Off-White MoMA (without Socks) 10.5 (Pre-Owned),"Nike Air Force 1 Low '07 Off-White MoMA (with Socks)<br>SKU: AV5210-001<br>Size: 10.5M / 12W<br>Condition: Lightly Worn (moma socks included)<br>Box Condition: Original Box<br>Release Date: 2017-01-27<br><br>All items are shipped out quickly with safe packaging.<br>Check our reviews to see the accuracy of conditions, speed of shipping &amp; quality of service.<br><br>Please DM if you have any questions or need any more information. Thank you!",Nike,,Pre-Owned Sneakers,"lightly_worn, nike, pre-owned, Restock",FALSE,Size,10.5M / 12W,,,,,,,,AV5210-001-10.5-PO-1,0,shopify,deny,manual,2000,,TRUE,TRUE,,,,,6740535434,https://cdn.shopify.com/s/files/1/0674/5767/9557/files/img01_049df3d9-0490-4520-b193-6e389980da8c.jpg?v=1790363834,1,Nike Air Force 1 Low '07 Off-White MoMA (without Socks) - Catalog Image,FALSE,,,,,,,,,,,,,,Pre-Owned,,,,,,,,,,,,,,,,,,,,,,,,,,,,,,,,,,,,lb,,,active,,,,
preowned-bb550bh1-10-po-1,New Balance 550 Joe Freshgoods Conversations Amongst Us 10 (Pre-Owned),"New Balance 550 Joe Freshgoods Conversations Amongst Us<br>SKU: BB550BH1<br>Size: 10M / 11.5W<br>Condition: Lightly Worn<br>Box Condition: Original Box<br>Release Date: 2022-04-15<br><br>All items are shipped out quickly with safe packaging.<br>Check our reviews to see the accuracy of conditions, speed of shipping &amp; quality of service.<br><br>Please DM if you have any questions or need any more information. Thank you!",New Balance,,Pre-Owned Sneakers,"lightly_worn, new balance, pre-owned, Restock",TRUE,Size,10M / 11.5W,,,,,,,,BB550BH1-10-PO-1,0,shopify,deny,manual,60,,TRUE,TRUE,,,,,9929795596,https://cdn.shopify.com/s/files/1/0674/5767/9557/files/3e389e21-0c4d-4f31-805f-6705b8c2b1cd.jpg?v=1790113957,1,New Balance 550 Joe Freshgoods Conversations Amongst Us - Image 1,FALSE,,,,,,,,,,,,,,Pre-Owned,,,,,,,,,,,,,,,,,,,,,,,,,,,,,,,,,,,,lb,,,active,,,,
preowned-bb550bh1-10-po-1,,,,,,,,,,,,,,,,,,,,,,,,,,,,,,,https://cdn.shopify.com/s/files/1/0674/5767/9557/files/c1be9664-a7f3-4d7b-a158-f2275ef724ae.jpg?v=1790113958,2,New Balance 550 Joe Freshgoods Conversations Amongst Us - Image 2,,,,,,,,,,,,,,,,,,,,,,,,,,,,,,,,,,,,,,,,,,,,,,,,,,,,,,,,,,
preowned-bb550bh1-10-po-1,,,,,,,,,,,,,,,,,,,,,,,,,,,,,,,https://cdn.shopify.com/s/files/1/0674/5767/9557/files/df5ccab9-d59b-4a29-bac3-cede91cf9b87.jpg?v=1790113958,3,New Balance 550 Joe Freshgoods Conversations Amongst Us - Image 3,,,,,,,,,,,,,,,,,,,,,,,,,,,,,,,,,,,,,,,,,,,,,,,,,,,,,,,,,,
preowned-bb550bh1-10-po-1,,,,,,,,,,,,,,,,,,,,,,,,,,,,,,,https://cdn.shopify.com/s/files/1/0674/5767/9557/files/7b3dfc52-21b0-4c3c-a8f9-819209ef63c6.jpg?v=1790113957,4,New Balance 550 Joe Freshgoods Conversations Amongst Us - Image 4,,,,,,,,,,,,,,,,,,,,,,,,,,,,,,,,,,,,,,,,,,,,,,,,,,,,,,,,,,
preowned-bb550bh1-10-po-1,,,,,,,,,,,,,,,,,,,,,,,,,,,,,,,https://cdn.shopify.com/s/files/1/0674/5767/9557/files/c0716ec3-57d5-4e9a-ae27-e5da12596399.jpg?v=1790113957,5,New Balance 550 Joe Freshgoods Conversations Amongst Us - Image 5,,,,,,,,,,,,,,,,,,,,,,,,,,,,,,,,,,,,,,,,,,,,,,,,,,,,,,,,,,
preowned-bb550bh1-10-po-1,,,,,,,,,,,,,,,,,,,,,,,,,,,,,,,https://cdn.shopify.com/s/files/1/0674/5767/9557/files/f8598532-e3da-46d8-8c4f-6815ada3fb03.jpg?v=1790113958,6,New Balance 550 Joe Freshgoods Conversations Amongst Us - Image 6,,,,,,,,,,,,,,,,,,,,,,,,,,,,,,,,,,,,,,,,,,,,,,,,,,,,,,,,,,
preowned-bb550bh1-10-po-1,,,,,,,,,,,,,,,,,,,,,,,,,,,,,,,https://cdn.shopify.com/s/files/1/0674/5767/9557/files/b4346cf8-10e2-4d50-b3ed-55db8a5e19a9.jpg?v=1790113957,7,New Balance 550 Joe Freshgoods Conversations Amongst Us - Image 7,,,,,,,,,,,,,,,,,,,,,,,,,,,,,,,,,,,,,,,,,,,,,,,,,,,,,,,,,,
preowned-bb550bh1-10-po-1,,,,,,,,,,,,,,,,,,,,,,,,,,,,,,,https://cdn.shopify.com/s/files/1/0674/5767/9557/files/b01b33ad-ed97-416d-be4d-db0d8a459d6f.jpg?v=1790113958,8,New Balance 550 Joe Freshgoods Conversations Amongst Us - Image 8,,,,,,,,,,,,,,,,,,,,,,,,,,,,,,,,,,,,,,,,,,,,,,,,,,,,,,,,,,
preowned-draft-879e47b9,Pre-Owned Draft dcbe20d7-7af3-402d-b7b0-aadabb71aba7,SKU: DRAFT-879E47B9<br><br><em>This is a pre-owned item. All sales are final.</em>,Kicks Collective PA,,Pre-Owned Sneakers,"pre-owned, Restock",FALSE,Title,Default Title,,,,,,,,DRAFT-879E47B9,0,shopify,deny,manual,0,,TRUE,TRUE,,,,,3550752974,,,,FALSE,,,,,,,,,,,,,,Pre-Owned,,,,,,,,,,,,,,,,,,,,,,,,,,,,,,,,,,,,lb,,,active,,,,
preowned-draft-926563dd,Pre-Owned Draft 8ea10751-faa3-4e52-850d-9f82fb02269f,SKU: DRAFT-926563DD<br><br><em>This is a pre-owned item. All sales are final.</em>,Kicks Collective PA,,Pre-Owned Sneakers,"pre-owned, Restock",FALSE,Title,Default Title,,,,,,,,DRAFT-926563DD,0,shopify,deny,manual,0,,TRUE,TRUE,,,,,4496110114,,,,FALSE,,,,,,,,,,,,,,Pre-Owned,,,,,,,,,,,,,,,,,,,,,,,,,,,,,,,,,,,,lb,,,active,,,,
preowned-draft-b82708ce,Pre-Owned Draft be225e1d-74d6-4840-80d7-6a76838c96f0,SKU: DRAFT-B82708CE<br><br><em>This is a pre-owned item. All sales are final.</em>,Kicks Collective PA,,Pre-Owned Sneakers,"pre-owned, Restock",FALSE,Title,Default Title,,,,,,,,DRAFT-B82708CE,0,shopify,deny,manual,0,,TRUE,TRUE,,,,,8500651258,,,,FALSE,,,,,,,,,,,,,,Pre-Owned,,,,,,,,,,,,,,,,,,,,,,,,,,,,,,,,,,,,lb,,,active,,,,
preowned-555088-610-13-po-1,Jordan 1 Retro High Bred Toe,"Jordan 1 Retro High Bred Toe<br>SKU: 555088-610<br>Size: 13<br>Condition: <br>Box Condition: Original Box<br>Release Date: 2018-02-24<br><br>All items are shipped out quickly with safe packaging.<br>Check our reviews to see the accuracy of conditions, speed of shipping &amp; quality of service.<br><br>Please DM if you have any questions or need any more information. Thank you!",Jordan,,Pre-Owned Sneakers,"pre-owned, Restock",FALSE,Size,13,,,,,,,,555088-610-13-PO-1,0,shopify,deny,manual,0,,TRUE,TRUE,,,,,5937225244,,,,FALSE,,,,,,,,,,,,,,Pre-Owned,,,,,,,,,,,,,,,,,,,,,,,,,,,,,,,,,,,,lb,,,active,,,,
jordan-12-retro-field-purple,Jordan 12 Retro Field Purple,"Jordan 12 Retro Field Purple<br>SKU: CT8013-057<br>Condition: New<br>Release Date: 2023-08-12<br><br>All items are shipped out quickly with safe packaging.<br>Check our reviews to see the accuracy of conditions, speed of shipping &amp; quality of service.<br><br>Please DM if you have any questions or need any more information. Thank you!",Jordan,,sneakers,Restock,TRUE,Size,3.5Y / 5W,,,,,,,,CT8013-057-3.5,0,shopify,deny,manual,0,,TRUE,TRUE,,,,,5576478518,https://cdn.shopify.com/s/files/1/0674/5767/9557/files/img01_4ce3a1ab-f156-4a8e-a792-e039bd87a1d2.jpg?v=1790072524,1,Jordan 12 Retro Field Purple - Kicks Collective PA - Jordan - CT8013-057-3.5 - sneakers - 3.5Y / 5W,FALSE,,,,,,,,,,,,,,,,,,,,,,,,,,,,,,,,,,,,,,,,,,,,,,,,,,lb,,,active,,,,
jordan-12-retro-field-purple,,,,,,,,,4Y / 5.5W,,,,,,,,CT8013-057-4,0,shopify,deny,manual,0,,TRUE,TRUE,,,,,5176395990,,,,,,,,,,,,,,,,,,,,,,,,,,,,,,,,,,,,,,,,,,,,,,,,,,,,,,lb,,,,,,,
jordan-12-retro-field-purple,,,,,,,,,4.5Y / 6W,,,,,,,,CT8013-057-4.5,0,shopify,deny,manual,0,,TRUE,TRUE,,,,,7644472128,,,,,,,,,,,,,,,,,,,,,,,,,,,,,,,,,,,,,,,,,,,,,,,,,,,,,,lb,,,,,,,
jordan-12-retro-field-purple,,,,,,,,,5Y / 6.5W,,,,,,,,CT8013-057-5,0,shopify,deny,manual,0,,TRUE,TRUE,,,,,3235128279,,,,,,,,,,,,,,,,,,,,,,,,,,,,,,,,,,,,,,,,,,,,,,,,,,,,,,lb,,,,,,,
jordan-12-retro-field-purple,,,,,,,,,5.5Y / 7W,,,,,,,,CT8013-057-5.5,0,shopify,deny,manual,0,,TRUE,TRUE,,,,,5900284803,,,,,,,,,,,,,,,,,,,,,,,,,,,,,,,,,,,,,,,,,,,,,,,,,,,,,,lb,,,,,,,
jordan-12-retro-field-purple,,,,,,,,,6Y / 7.5W,,,,,,,,CT8013-057-6,0,shopify,deny,manual,0,,TRUE,TRUE,,,,,7725892104,,,,,,,,,,,,,,,,,,,,,,,,,,,,,,,,,,,,,,,,,,,,,,,,,,,,,,lb,,,,,,,
jordan-12-retro-field-purple,,,,,,,,,6.5Y / 8W,,,,,,,,CT8013-057-6.5,0,shopify,deny,manual,0,,TRUE,TRUE,,,,,7262767387,,,,,,,,,,,,,,,,,,,,,,,,,,,,,,,,,,,,,,,,,,,,,,,,,,,,,,lb,,,,,,,
jordan-12-retro-field-purple,,,,,,,,,7Y / 8.5W,,,,,,,,CT8013-057-7,0,shopify,deny,manual,0,,TRUE,TRUE,,,,,0941310578,,,,,,,,,,,,,,,,,,,,,,,,,,,,,,,,,,,,,,,,,,,,,,,,,,,,,,lb,,,,,,,
jordan-12-retro-field-purple,,,,,,,,,7.5M / 9W,,,,,,,,CT8013-057-7.5,0,shopify,deny,manual,0,,TRUE,TRUE,,,,,1112463215,,,,,,,,,,,,,,,,,,,,,,,,,,,,,,,,,,,,,,,,,,,,,,,,,,,,,,lb,,,,,,,
jordan-12-retro-field-purple,,,,,,,,,8M / 9.5W,,,,,,,,CT8013-057-8,0,shopify,deny,manual,0,,TRUE,TRUE,,,,,7311250532,,,,,,,,,,,,,,,,,,,,,,,,,,,,,,,,,,,,,,,,,,,,,,,,,,,,,,lb,,,,,,,
jordan-12-retro-field-purple,,,,,,,,,8.5M / 10W,,,,,,,,CT8013-057-8.5,0,shopify,deny,manual,0,,TRUE,TRUE,,,,,5769656309,,,,,,,,,,,,,,,,,,,,,,,,,,,,,,,,,,,,,,,,,,,,,,,,,,,,,,lb,,,,,,,
jordan-12-retro-field-purple,,,,,,,,,9M / 10.5W,,,,,,,,CT8013-057-9,0,shopify,deny,manual,0,,TRUE,TRUE,,,,,1860531981,,,,,,,,,,,,,,,,,,,,,,,,,,,,,,,,,,,,,,,,,,,,,,,,,,,,,,lb,,,,,,,
jordan-12-retro-field-purple,,,,,,,,,9.5M / 11W,,,,,,,,CT8013-057-9.5,0,shopify,deny,manual,210,,TRUE,TRUE,,,,,2440491159,,,,,,,,,,,,,,,,,,,,,,,,,,,,,,,,,,,,,,,,,,,,,,,,,,,,,,lb,,,,,,,
jordan-12-retro-field-purple,,,,,,,,,10M / 11.5W,,,,,,,,CT8013-057-10,0,shopify,deny,manual,0,,TRUE,TRUE,,,,,2560778072,,,,,,,,,,,,,,,,,,,,,,,,,,,,,,,,,,,,,,,,,,,,,,,,,,,,,,lb,,,,,,,
jordan-12-retro-field-purple,,,,,,,,,10.5M / 12W,,,,,,,,CT8013-057-10.5,0,shopify,deny,manual,0,,TRUE,TRUE,,,,,0161462288,,,,,,,,,,,,,,,,,,,,,,,,,,,,,,,,,,,,,,,,,,,,,,,,,,,,,,lb,,,,,,,
jordan-12-retro-field-purple,,,,,,,,,11M / 12.5W,,,,,,,,CT8013-057-11,0,shopify,deny,manual,0,,TRUE,TRUE,,,,,7674914933,,,,,,,,,,,,,,,,,,,,,,,,,,,,,,,,,,,,,,,,,,,,,,,,,,,,,,lb,,,,,,,
jordan-12-retro-field-purple,,,,,,,,,11.5M / 13W,,,,,,,,CT8013-057-11.5,0,shopify,deny,manual,0,,TRUE,TRUE,,,,,8961853426,,,,,,,,,,,,,,,,,,,,,,,,,,,,,,,,,,,,,,,,,,,,,,,,,,,,,,lb,,,,,,,
jordan-12-retro-field-purple,,,,,,,,,12M / 13.5W,,,,,,,,CT8013-057-12,0,shopify,deny,manual,0,,TRUE,TRUE,,,,,7859017219,,,,,,,,,,,,,,,,,,,,,,,,,,,,,,,,,,,,,,,,,,,,,,,,,,,,,,lb,,,,,,,
jordan-12-retro-field-purple,,,,,,,,,12.5M / 14W,,,,,,,,CT8013-057-12.5,0,shopify,deny,manual,0,,TRUE,TRUE,,,,,5972624616,,,,,,,,,,,,,,,,,,,,,,,,,,,,,,,,,,,,,,,,,,,,,,,,,,,,,,lb,,,,,,,
jordan-12-retro-field-purple,,,,,,,,,13M / 14.5W,,,,,,,,CT8013-057-13,0,shopify,deny,manual,0,,TRUE,TRUE,,,,,4027745625,,,,,,,,,,,,,,,,,,,,,,,,,,,,,,,,,,,,,,,,,,,,,,,,,,,,,,lb,,,,,,,
jordan-12-retro-field-purple,,,,,,,,,14M / 15.5W,,,,,,,,CT8013-057-14,0,shopify,deny,manual,0,,TRUE,TRUE,,,,,8988876493,,,,,,,,,,,,,,,,,,,,,,,,,,,,,,,,,,,,,,,,,,,,,,,,,,,,,,lb,,,,,,,
jordan-12-retro-field-purple,,,,,,,,,15M / 16.5W,,,,,,,,CT8013-057-15,0,shopify,deny,manual,0,,TRUE,TRUE,,,,,5808359945,,,,,,,,,,,,,,,,,,,,,,,,,,,,,,,,,,,,,,,,,,,,,,,,,,,,,,lb,,,,,,,
jordan-12-retro-field-purple,,,,,,,,,16M / 17.5W,,,,,,,,CT8013-057-16,0,shopify,deny,manual,0,,TRUE,TRUE,,,,,7722790758,,,,,,,,,,,,,,,,,,,,,,,,,,,,,,,,,,,,,,,,,,,,,,,,,,,,,,lb,,,,,,,
jordan-12-retro-field-purple,,,,,,,,,17M / 18.5W,,,,,,,,CT8013-057-17,0,shopify,deny,manual,0,,TRUE,TRUE,,,,,0150176435,,,,,,,,,,,,,,,,,,,,,,,,,,,,,,,,,,,,,,,,,,,,,,,,,,,,,,lb,,,,,,,
jordan-12-retro-field-purple,,,,,,,,,18M / 19.5W,,,,,,,,CT8013-057-18,0,shopify,deny,manual,0,,TRUE,TRUE,,,,,4703908968,,,,,,,,,,,,,,,,,,,,,,,,,,,,,,,,,,,,,,,,,,,,,,,,,,,,,,lb,,,,,,,
nike-air-max-270-react-tortoise-shell-sail-womens,Nike Air Max 270 React Tortoise Shell Sail (Women's),"Nike Air Max 270 React Tortoise Shell Sail (Women's)<br>SKU: CU4752-100<br>Condition: New<br>Release Date: 2020-06-29<br><br>All items are shipped out quickly with safe packaging.<br>Check our reviews to see the accuracy of conditions, speed of shipping &amp; quality of service.<br><br>Please DM if you have any questions or need any more information. Thank you!",Nike,,sneakers,Restock,TRUE,Size,3.5Y / 5W,,,,,,,,CU4752-100-5W,0,shopify,deny,manual,0,,TRUE,TRUE,,,,,3719571877,https://cdn.shopify.com/s/files/1/0674/5767/9557/files/img01_b427f470-9b9e-4970-838a-1c9879c6f138.jpg?v=1790054769,1,Nike Air Max 270 React Tortoise Shell Sail (Women's) - Kicks Collective PA - Nike - CU4752-100-5W - sneakers - 3.5Y / 5W,FALSE,,,,,,,,,,,,,,,,,,,,,,,,,,,,,,,,,,,,,,,,,,,,,,,,,,lb,,,active,,,,
nike-air-max-270-react-tortoise-shell-sail-womens,,,,,,,,,4Y / 5.5W,,,,,,,,CU4752-100-5.5W,0,shopify,deny,manual,0,,TRUE,TRUE,,,,,4830825067,,,,,,,,,,,,,,,,,,,,,,,,,,,,,,,,,,,,,,,,,,,,,,,,,,,,,,lb,,,,,,,
nike-air-max-270-react-tortoise-shell-sail-womens,,,,,,,,,4.5Y / 6W,,,,,,,,CU4752-100-6W,0,shopify,deny,manual,0,,TRUE,TRUE,,,,,1874820868,,,,,,,,,,,,,,,,,,,,,,,,,,,,,,,,,,,,,,,,,,,,,,,,,,,,,,lb,,,,,,,
nike-air-max-270-react-tortoise-shell-sail-womens,,,,,,,,,5Y / 6.5W,,,,,,,,CU4752-100-6.5W,0,shopify,deny,manual,0,,TRUE,TRUE,,,,,4681400516,,,,,,,,,,,,,,,,,,,,,,,,,,,,,,,,,,,,,,,,,,,,,,,,,,,,,,lb,,,,,,,
nike-air-max-270-react-tortoise-shell-sail-womens,,,,,,,,,5.5Y / 7W,,,,,,,,CU4752-100-7W,0,shopify,deny,manual,0,,TRUE,TRUE,,,,,3051031056,,,,,,,,,,,,,,,,,,,,,,,,,,,,,,,,,,,,,,,,,,,,,,,,,,,,,,lb,,,,,,,
nike-air-max-270-react-tortoise-shell-sail-womens,,,,,,,,,6Y / 7.5W,,,,,,,,CU4752-100-7.5W,0,shopify,deny,manual,0,,TRUE,TRUE,,,,,0099955906,,,,,,,,,,,,,,,,,,,,,,,,,,,,,,,,,,,,,,,,,,,,,,,,,,,,,,lb,,,,,,,
nike-air-max-270-react-tortoise-shell-sail-womens,,,,,,,,,6.5Y / 8W,,,,,,,,CU4752-100-8W,0,shopify,deny,manual,0,,TRUE,TRUE,,,,,3099541699,,,,,,,,,,,,,,,,,,,,,,,,,,,,,,,,,,,,,,,,,,,,,,,,,,,,,,lb,,,,,,,
nike-air-max-270-react-tortoise-shell-sail-womens,,,,,,,,,7Y / 8.5W,,,,,,,,CU4752-100-8.5W,0,shopify,deny,manual,0,,TRUE,TRUE,,,,,6112870354,,,,,,,,,,,,,,,,,,,,,,,,,,,,,,,,,,,,,,,,,,,,,,,,,,,,,,lb,,,,,,,
nike-air-max-270-react-tortoise-shell-sail-womens,,,,,,,,,7.5M / 9W,,,,,,,,CU4752-100-9W,0,shopify,deny,manual,70,,TRUE,TRUE,,,,,4088682386,,,,,,,,,,,,,,,,,,,,,,,,,,,,,,,,,,,,,,,,,,,,,,,,,,,,,,lb,,,,,,,
nike-air-max-270-react-tortoise-shell-sail-womens,,,,,,,,,8M / 9.5W,,,,,,,,CU4752-100-9.5W,0,shopify,deny,manual,0,,TRUE,TRUE,,,,,4326818925,,,,,,,,,,,,,,,,,,,,,,,,,,,,,,,,,,,,,,,,,,,,,,,,,,,,,,lb,,,,,,,
nike-air-max-270-react-tortoise-shell-sail-womens,,,,,,,,,8.5M / 10W,,,,,,,,CU4752-100-10W,0,shopify,deny,manual,0,,TRUE,TRUE,,,,,9563520612,,,,,,,,,,,,,,,,,,,,,,,,,,,,,,,,,,,,,,,,,,,,,,,,,,,,,,lb,,,,,,,
nike-air-max-270-react-tortoise-shell-sail-womens,,,,,,,,,9M / 10.5W,,,,,,,,CU4752-100-10.5W,0,shopify,deny,manual,0,,TRUE,TRUE,,,,,7740816354,,,,,,,,,,,,,,,,,,,,,,,,,,,,,,,,,,,,,,,,,,,,,,,,,,,,,,lb,,,,,,,
nike-air-max-270-react-tortoise-shell-sail-womens,,,,,,,,,9.5M / 11W,,,,,,,,CU4752-100-11W,0,shopify,deny,manual,0,,TRUE,TRUE,,,,,0237786233,,,,,,,,,,,,,,,,,,,,,,,,,,,,,,,,,,,,,,,,,,,,,,,,,,,,,,lb,,,,,,,
nike-air-max-270-react-tortoise-shell-sail-womens,,,,,,,,,10M / 11.5W,,,,,,,,CU4752-100-11.5W,0,shopify,deny,manual,0,,TRUE,TRUE,,,,,0358261053,,,,,,,,,,,,,,,,,,,,,,,,,,,,,,,,,,,,,,,,,,,,,,,,,,,,,,lb,,,,,,,
nike-air-max-270-react-tortoise-shell-sail-womens,,,,,,,,,10.5M / 12W,,,,,,,,CU4752-100-12W,0,shopify,deny,manual,0,,TRUE,TRUE,,,,,4861509530,,,,,,,,,,,,,,,,,,,,,,,,,,,,,,,,,,,,,,,,,,,,,,,,,,,,,,lb,,,,,,,
nike-lebron-8-v-2-entourage,Nike LeBron 8 V/2 Entourage,"Nike LeBron 8 V/2 Entourage<br>SKU: 429676-401<br>Condition: New<br>Release Date: 2011-03-04<br><br>All items are shipped out quickly with safe packaging.<br>Check our reviews to see the accuracy of conditions, speed of shipping &amp; quality of service.<br><br>Please DM if you have any questions or need any more information. Thank you!",Nike,,sneakers,Restock,TRUE,Size,3.5Y / 5W,,,,,,,,429676-401-3.5,0,shopify,deny,manual,0,,TRUE,TRUE,,,,,1505324168,https://cdn.shopify.com/s/files/1/0674/5767/9557/files/img01_f6daa1c9-928a-4231-aedc-64197790cce1.jpg?v=1790072525,1,Nike LeBron 8 V/2 Entourage - Kicks Collective PA - Nike - 429676-401-3.5 - sneakers - 3.5Y / 5W,FALSE,,,,,,,,,,,,,,,,,,,,,,,,,,,,,,,,,,,,,,,,,,,,,,,,,,lb,,,active,,,,
nike-lebron-8-v-2-entourage,,,,,,,,,4Y / 5.5W,,,,,,,,429676-401-4,0,shopify,deny,manual,0,,TRUE,TRUE,,,,,4771605148,,,,,,,,,,,,,,,,,,,,,,,,,,,,,,,,,,,,,,,,,,,,,,,,,,,,,,lb,,,,,,,
nike-lebron-8-v-2-entourage,,,,,,,,,4.5Y / 6W,,,,,,,,429676-401-4.5,0,shopify,deny,manual,0,,TRUE,TRUE,,,,,1348353974,,,,,,,,,,,,,,,,,,,,,,,,,,,,,,,,,,,,,,,,,,,,,,,,,,,,,,lb,,,,,,,
nike-lebron-8-v-2-entourage,,,,,,,,,5Y / 6.5W,,,,,,,,429676-401-5,0,shopify,deny,manual,0,,TRUE,TRUE,,,,,8587664091,,,,,,,,,,,,,,,,,,,,,,,,,,,,,,,,,,,,,,,,,,,,,,,,,,,,,,lb,,,,,,,
nike-lebron-8-v-2-entourage,,,,,,,,,5.5Y / 7W,,,,,,,,429676-401-5.5,0,shopify,deny,manual,0,,TRUE,TRUE,,,,,1792895334,,,,,,,,,,,,,,,,,,,,,,,,,,,,,,,,,,,,,,,,,,,,,,,,,,,,,,lb,,,,,,,
nike-lebron-8-v-2-entourage,,,,,,,,,6Y / 7.5W,,,,,,,,429676-401-6,0,shopify,deny,manual,0,,TRUE,TRUE,,,,,4730561030,,,,,,,,,,,,,,,,,,,,,,,,,,,,,,,,,,,,,,,,,,,,,,,,,,,,,,lb,,,,,,,
nike-lebron-8-v-2-entourage,,,,,,,,,6.5Y / 8W,,,,,,,,429676-401-6.5,0,shopify,deny,manual,0,,TRUE,TRUE,,,,,6356768329,,,,,,,,,,,,,,,,,,,,,,,,,,,,,,,,,,,,,,,,,,,,,,,,,,,,,,lb,,,,,,,
nike-lebron-8-v-2-entourage,,,,,,,,,7Y / 8.5W,,,,,,,,429676-401-7,0,shopify,deny,manual,0,,TRUE,TRUE,,,,,2977154075,,,,,,,,,,,,,,,,,,,,,,,,,,,,,,,,,,,,,,,,,,,,,,,,,,,,,,lb,,,,,,,
nike-lebron-8-v-2-entourage,,,,,,,,,7.5M / 9W,,,,,,,,429676-401-7.5,0,shopify,deny,manual,0,,TRUE,TRUE,,,,,9458881922,,,,,,,,,,,,,,,,,,,,,,,,,,,,,,,,,,,,,,,,,,,,,,,,,,,,,,lb,,,,,,,
nike-lebron-8-v-2-entourage,,,,,,,,,8M / 9.5W,,,,,,,,429676-401-8,0,shopify,deny,manual,0,,TRUE,TRUE,,,,,6142567143,,,,,,,,,,,,,,,,,,,,,,,,,,,,,,,,,,,,,,,,,,,,,,,,,,,,,,lb,,,,,,,
nike-lebron-8-v-2-entourage,,,,,,,,,8.5M / 10W,,,,,,,,429676-401-8.5,0,shopify,deny,manual,0,,TRUE,TRUE,,,,,2967547175,,,,,,,,,,,,,,,,,,,,,,,,,,,,,,,,,,,,,,,,,,,,,,,,,,,,,,lb,,,,,,,
nike-lebron-8-v-2-entourage,,,,,,,,,9M / 10.5W,,,,,,,,429676-401-9,0,shopify,deny,manual,0,,TRUE,TRUE,,,,,0602126221,,,,,,,,,,,,,,,,,,,,,,,,,,,,,,,,,,,,,,,,,,,,,,,,,,,,,,lb,,,,,,,
nike-lebron-8-v-2-entourage,,,,,,,,,9.5M / 11W,,,,,,,,429676-401-9.5,0,shopify,deny,manual,120,,TRUE,TRUE,,,,,1652673143,,,,,,,,,,,,,,,,,,,,,,,,,,,,,,,,,,,,,,,,,,,,,,,,,,,,,,lb,,,,,,,
nike-lebron-8-v-2-entourage,,,,,,,,,10M / 11.5W,,,,,,,,429676-401-10,0,shopify,deny,manual,0,,TRUE,TRUE,,,,,0986106273,,,,,,,,,,,,,,,,,,,,,,,,,,,,,,,,,,,,,,,,,,,,,,,,,,,,,,lb,,,,,,,
nike-lebron-8-v-2-entourage,,,,,,,,,10.5M / 12W,,,,,,,,429676-401-10.5,0,shopify,deny,manual,0,,TRUE,TRUE,,,,,1419577244,,,,,,,,,,,,,,,,,,,,,,,,,,,,,,,,,,,,,,,,,,,,,,,,,,,,,,lb,,,,,,,
nike-lebron-8-v-2-entourage,,,,,,,,,11M / 12.5W,,,,,,,,429676-401-11,0,shopify,deny,manual,0,,TRUE,TRUE,,,,,7152254247,,,,,,,,,,,,,,,,,,,,,,,,,,,,,,,,,,,,,,,,,,,,,,,,,,,,,,lb,,,,,,,
nike-lebron-8-v-2-entourage,,,,,,,,,11.5M / 13W,,,,,,,,429676-401-11.5,0,shopify,deny,manual,0,,TRUE,TRUE,,,,,5569828018,,,,,,,,,,,,,,,,,,,,,,,,,,,,,,,,,,,,,,,,,,,,,,,,,,,,,,lb,,,,,,,
nike-lebron-8-v-2-entourage,,,,,,,,,12M / 13.5W,,,,,,,,429676-401-12,0,shopify,deny,manual,0,,TRUE,TRUE,,,,,4980514955,,,,,,,,,,,,,,,,,,,,,,,,,,,,,,,,,,,,,,,,,,,,,,,,,,,,,,lb,,,,,,,
nike-lebron-8-v-2-entourage,,,,,,,,,12.5M / 14W,,,,,,,,429676-401-12.5,0,shopify,deny,manual,0,,TRUE,TRUE,,,,,9884902188,,,,,,,,,,,,,,,,,,,,,,,,,,,,,,,,,,,,,,,,,,,,,,,,,,,,,,lb,,,,,,,
nike-lebron-8-v-2-entourage,,,,,,,,,13M / 14.5W,,,,,,,,429676-401-13,0,shopify,deny,manual,0,,TRUE,TRUE,,,,,8083553897,,,,,,,,,,,,,,,,,,,,,,,,,,,,,,,,,,,,,,,,,,,,,,,,,,,,,,lb,,,,,,,
nike-lebron-8-v-2-entourage,,,,,,,,,13.5M / 15W,,,,,,,,429676-401-13.5,0,shopify,deny,manual,0,,TRUE,TRUE,,,,,2910513119,,,,,,,,,,,,,,,,,,,,,,,,,,,,,,,,,,,,,,,,,,,,,,,,,,,,,,lb,,,,,,,
nike-lebron-8-v-2-entourage,,,,,,,,,14M / 15.5W,,,,,,,,429676-401-14,0,shopify,deny,manual,0,,TRUE,TRUE,,,,,7350099774,,,,,,,,,,,,,,,,,,,,,,,,,,,,,,,,,,,,,,,,,,,,,,,,,,,,,,lb,,,,,,,
nike-lebron-8-v-2-entourage,,,,,,,,,14.5M / 16W,,,,,,,,429676-401-14.5,0,shopify,deny,manual,0,,TRUE,TRUE,,,,,2945644232,,,,,,,,,,,,,,,,,,,,,,,,,,,,,,,,,,,,,,,,,,,,,,,,,,,,,,lb,,,,,,,
nike-lebron-8-v-2-entourage,,,,,,,,,15M / 16.5W,,,,,,,,429676-401-15,0,shopify,deny,manual,0,,TRUE,TRUE,,,,,1348767178,,,,,,,,,,,,,,,,,,,,,,,,,,,,,,,,,,,,,,,,,,,,,,,,,,,,,,lb,,,,,,,
nike-lebron-8-v-2-entourage,,,,,,,,,16M / 17.5W,,,,,,,,429676-401-16,0,shopify,deny,manual,0,,TRUE,TRUE,,,,,4893051595,,,,,,,,,,,,,,,,,,,,,,,,,,,,,,,,,,,,,,,,,,,,,,,,,,,,,,lb,,,,,,,
nike-lebron-8-v-2-entourage,,,,,,,,,17M / 18.5W,,,,,,,,429676-401-17,0,shopify,deny,manual,0,,TRUE,TRUE,,,,,5415238688,,,,,,,,,,,,,,,,,,,,,,,,,,,,,,,,,,,,,,,,,,,,,,,,,,,,,,lb,,,,,,,
nike-lebron-8-v-2-entourage,,,,,,,,,18M / 19.5W,,,,,,,,429676-401-18,0,shopify,deny,manual,0,,TRUE,TRUE,,,,,5357497242,,,,,,,,,,,,,,,,,,,,,,,,,,,,,,,,,,,,,,,,,,,,,,,,,,,,,,lb,,,,,,,
nike-kobe-9-elite-low-protro-michael-jackson-moonwalker-2025,Nike Kobe 9 Elite Low Protro Michael Jackson Moonwalker (2025),"Nike Kobe 9 Elite Low Protro Michael Jackson Moonwalker (2025)<br>SKU: IM0465-500<br>Condition: New<br>Release Date: 2025-10-30<br><br>All items are shipped out quickly with safe packaging.<br>Check our reviews to see the accuracy of conditions, speed of shipping &amp; quality of service.<br><br>Please DM if you have any questions or need any more information. Thank you!",Nike,,sneakers,Restock,TRUE,Size,3.5Y / 5W,,,,,,,,IM0465-500-3.5,0,shopify,deny,manual,0,,TRUE,TRUE,,,,,0517382494,https://cdn.shopify.com/s/files/1/0674/5767/9557/files/img01_90e9d042-b1d8-4a7b-8947-363c4f4e7339.jpg?v=1790072525,1,Nike Kobe 9 Elite Low Protro Michael Jackson Moonwalker (2025) - Kicks Collective PA - Nike - IM0465-500-3.5 - sneakers - 3.5Y / 5W,FALSE,,,,,,,,,,,,,,,,,,,,,,,,,,,,,,,,,,,,,,,,,,,,,,,,,,lb,,,active,,,,
nike-kobe-9-elite-low-protro-michael-jackson-moonwalker-2025,,,,,,,,,4Y / 5.5W,,,,,,,,IM0465-500-4,0,shopify,deny,manual,0,,TRUE,TRUE,,,,,4207473444,,,,,,,,,,,,,,,,,,,,,,,,,,,,,,,,,,,,,,,,,,,,,,,,,,,,,,lb,,,,,,,
nike-kobe-9-elite-low-protro-michael-jackson-moonwalker-2025,,,,,,,,,4.5Y / 6W,,,,,,,,IM0465-500-4.5,0,shopify,deny,manual,0,,TRUE,TRUE,,,,,5650474916,,,,,,,,,,,,,,,,,,,,,,,,,,,,,,,,,,,,,,,,,,,,,,,,,,,,,,lb,,,,,,,
nike-kobe-9-elite-low-protro-michael-jackson-moonwalker-2025,,,,,,,,,5Y / 6.5W,,,,,,,,IM0465-500-5,0,shopify,deny,manual,0,,TRUE,TRUE,,,,,6868460734,,,,,,,,,,,,,,,,,,,,,,,,,,,,,,,,,,,,,,,,,,,,,,,,,,,,,,lb,,,,,,,
nike-kobe-9-elite-low-protro-michael-jackson-moonwalker-2025,,,,,,,,,5.5Y / 7W,,,,,,,,IM0465-500-5.5,0,shopify,deny,manual,0,,TRUE,TRUE,,,,,0860274198,,,,,,,,,,,,,,,,,,,,,,,,,,,,,,,,,,,,,,,,,,,,,,,,,,,,,,lb,,,,,,,
nike-kobe-9-elite-low-protro-michael-jackson-moonwalker-2025,,,,,,,,,6Y / 7.5W,,,,,,,,IM0465-500-6,0,shopify,deny,manual,0,,TRUE,TRUE,,,,,0308767847,,,,,,,,,,,,,,,,,,,,,,,,,,,,,,,,,,,,,,,,,,,,,,,,,,,,,,lb,,,,,,,
nike-kobe-9-elite-low-protro-michael-jackson-moonwalker-2025,,,,,,,,,6.5Y / 8W,,,,,,,,IM0465-500-6.5,0,shopify,deny,manual,0,,TRUE,TRUE,,,,,7280974189,,,,,,,,,,,,,,,,,,,,,,,,,,,,,,,,,,,,,,,,,,,,,,,,,,,,,,lb,,,,,,,
nike-kobe-9-elite-low-protro-michael-jackson-moonwalker-2025,,,,,,,,,7Y / 8.5W,,,,,,,,IM0465-500-7,0,shopify,deny,manual,0,,TRUE,TRUE,,,,,0608484869,,,,,,,,,,,,,,,,,,,,,,,,,,,,,,,,,,,,,,,,,,,,,,,,,,,,,,lb,,,,,,,
nike-kobe-9-elite-low-protro-michael-jackson-moonwalker-2025,,,,,,,,,7.5M / 9W,,,,,,,,IM0465-500-7.5,0,shopify,deny,manual,0,,TRUE,TRUE,,,,,9442313821,,,,,,,,,,,,,,,,,,,,,,,,,,,,,,,,,,,,,,,,,,,,,,,,,,,,,,lb,,,,,,,
nike-kobe-9-elite-low-protro-michael-jackson-moonwalker-2025,,,,,,,,,8M / 9.5W,,,,,,,,IM0465-500-8,0,shopify,deny,manual,0,,TRUE,TRUE,,,,,1076120049,,,,,,,,,,,,,,,,,,,,,,,,,,,,,,,,,,,,,,,,,,,,,,,,,,,,,,lb,,,,,,,
nike-kobe-9-elite-low-protro-michael-jackson-moonwalker-2025,,,,,,,,,8.5M / 10W,,,,,,,,IM0465-500-8.5,0,shopify,deny,manual,0,,TRUE,TRUE,,,,,2469829556,,,,,,,,,,,,,,,,,,,,,,,,,,,,,,,,,,,,,,,,,,,,,,,,,,,,,,lb,,,,,,,
nike-kobe-9-elite-low-protro-michael-jackson-moonwalker-2025,,,,,,,,,9M / 10.5W,,,,,,,,IM0465-500-9,0,shopify,deny,manual,0,,TRUE,TRUE,,,,,1405375525,,,,,,,,,,,,,,,,,,,,,,,,,,,,,,,,,,,,,,,,,,,,,,,,,,,,,,lb,,,,,,,
nike-kobe-9-elite-low-protro-michael-jackson-moonwalker-2025,,,,,,,,,9.5M / 11W,,,,,,,,IM0465-500-9.5,0,shopify,deny,manual,0,,TRUE,TRUE,,,,,0368854948,,,,,,,,,,,,,,,,,,,,,,,,,,,,,,,,,,,,,,,,,,,,,,,,,,,,,,lb,,,,,,,
nike-kobe-9-elite-low-protro-michael-jackson-moonwalker-2025,,,,,,,,,10M / 11.5W,,,,,,,,IM0465-500-10,0,shopify,deny,manual,0,,TRUE,TRUE,,,,,3400400112,,,,,,,,,,,,,,,,,,,,,,,,,,,,,,,,,,,,,,,,,,,,,,,,,,,,,,lb,,,,,,,
nike-kobe-9-elite-low-protro-michael-jackson-moonwalker-2025,,,,,,,,,10.5M / 12W,,,,,,,,IM0465-500-10.5,0,shopify,deny,manual,250,,TRUE,TRUE,,,,,6822054888,,,,,,,,,,,,,,,,,,,,,,,,,,,,,,,,,,,,,,,,,,,,,,,,,,,,,,lb,,,,,,,
nike-kobe-9-elite-low-protro-michael-jackson-moonwalker-2025,,,,,,,,,11M / 12.5W,,,,,,,,IM0465-500-11,0,shopify,deny,manual,0,,TRUE,TRUE,,,,,0072928785,,,,,,,,,,,,,,,,,,,,,,,,,,,,,,,,,,,,,,,,,,,,,,,,,,,,,,lb,,,,,,,
nike-kobe-9-elite-low-protro-michael-jackson-moonwalker-2025,,,,,,,,,11.5M / 13W,,,,,,,,IM0465-500-11.5,0,shopify,deny,manual,0,,TRUE,TRUE,,,,,4836888777,,,,,,,,,,,,,,,,,,,,,,,,,,,,,,,,,,,,,,,,,,,,,,,,,,,,,,lb,,,,,,,
nike-kobe-9-elite-low-protro-michael-jackson-moonwalker-2025,,,,,,,,,12M / 13.5W,,,,,,,,IM0465-500-12,0,shopify,deny,manual,0,,TRUE,TRUE,,,,,7645491047,,,,,,,,,,,,,,,,,,,,,,,,,,,,,,,,,,,,,,,,,,,,,,,,,,,,,,lb,,,,,,,
nike-kobe-9-elite-low-protro-michael-jackson-moonwalker-2025,,,,,,,,,12.5M / 14W,,,,,,,,IM0465-500-12.5,0,shopify,deny,manual,0,,TRUE,TRUE,,,,,5729416278,,,,,,,,,,,,,,,,,,,,,,,,,,,,,,,,,,,,,,,,,,,,,,,,,,,,,,lb,,,,,,,
nike-kobe-9-elite-low-protro-michael-jackson-moonwalker-2025,,,,,,,,,13M / 14.5W,,,,,,,,IM0465-500-13,0,shopify,deny,manual,0,,TRUE,TRUE,,,,,4111455283,,,,,,,,,,,,,,,,,,,,,,,,,,,,,,,,,,,,,,,,,,,,,,,,,,,,,,lb,,,,,,,
nike-kobe-9-elite-low-protro-michael-jackson-moonwalker-2025,,,,,,,,,13.5M / 15W,,,,,,,,IM0465-500-13.5,0,shopify,deny,manual,0,,TRUE,TRUE,,,,,8055276562,,,,,,,,,,,,,,,,,,,,,,,,,,,,,,,,,,,,,,,,,,,,,,,,,,,,,,lb,,,,,,,
nike-kobe-9-elite-low-protro-michael-jackson-moonwalker-2025,,,,,,,,,14M / 15.5W,,,,,,,,IM0465-500-14,0,shopify,deny,manual,0,,TRUE,TRUE,,,,,7135835365,,,,,,,,,,,,,,,,,,,,,,,,,,,,,,,,,,,,,,,,,,,,,,,,,,,,,,lb,,,,,,,
nike-kobe-9-elite-low-protro-michael-jackson-moonwalker-2025,,,,,,,,,14.5M / 16W,,,,,,,,IM0465-500-14.5,0,shopify,deny,manual,0,,TRUE,TRUE,,,,,0619894133,,,,,,,,,,,,,,,,,,,,,,,,,,,,,,,,,,,,,,,,,,,,,,,,,,,,,,lb,,,,,,,
nike-kobe-9-elite-low-protro-michael-jackson-moonwalker-2025,,,,,,,,,15M / 16.5W,,,,,,,,IM0465-500-15,0,shopify,deny,manual,0,,TRUE,TRUE,,,,,8000088830,,,,,,,,,,,,,,,,,,,,,,,,,,,,,,,,,,,,,,,,,,,,,,,,,,,,,,lb,,,,,,,
nike-kobe-9-elite-low-protro-michael-jackson-moonwalker-2025,,,,,,,,,16M / 17.5W,,,,,,,,IM0465-500-16,0,shopify,deny,manual,0,,TRUE,TRUE,,,,,7064348036,,,,,,,,,,,,,,,,,,,,,,,,,,,,,,,,,,,,,,,,,,,,,,,,,,,,,,lb,,,,,,,
nike-kobe-9-elite-low-protro-michael-jackson-moonwalker-2025,,,,,,,,,17M / 18.5W,,,,,,,,IM0465-500-17,0,shopify,deny,manual,0,,TRUE,TRUE,,,,,7580131447,,,,,,,,,,,,,,,,,,,,,,,,,,,,,,,,,,,,,,,,,,,,,,,,,,,,,,lb,,,,,,,
nike-kobe-9-elite-low-protro-michael-jackson-moonwalker-2025,,,,,,,,,18M / 19.5W,,,,,,,,IM0465-500-18,0,shopify,deny,manual,0,,TRUE,TRUE,,,,,4023429487,,,,,,,,,,,,,,,,,,,,,,,,,,,,,,,,,,,,,,,,,,,,,,,,,,,,,,lb,,,,,,,
nike-air-max-90-legacy-womens,Nike Air Max 90 Legacy (Women's),"Nike Air Max 90 Legacy (Women's)<br>SKU: DJ4878-400<br>Condition: New<br>Release Date: 2021-07-14<br><br>All items are shipped out quickly with safe packaging.<br>Check our reviews to see the accuracy of conditions, speed of shipping &amp; quality of service.<br><br>Please DM if you have any questions or need any more information. Thank you!",Nike,,sneakers,Restock,TRUE,Size,3.5Y / 5W,,,,,,,,DJ4878-400-5W,0,shopify,deny,manual,0,,TRUE,TRUE,,,,,5286327509,https://cdn.shopify.com/s/files/1/0674/5767/9557/files/img01_ebd17f16-f79d-469a-ad97-1ce4eb8111f4.jpg?v=1790072525,1,Nike Air Max 90 Legacy (Women's) - Kicks Collective PA - Nike - DJ4878-400-5W - sneakers - 3.5Y / 5W,FALSE,,,,,,,,,,,,,,,,,,,,,,,,,,,,,,,,,,,,,,,,,,,,,,,,,,lb,,,active,,,,
nike-air-max-90-legacy-womens,,,,,,,,,4Y / 5.5W,,,,,,,,DJ4878-400-5.5W,0,shopify,deny,manual,0,,TRUE,TRUE,,,,,8600658294,,,,,,,,,,,,,,,,,,,,,,,,,,,,,,,,,,,,,,,,,,,,,,,,,,,,,,lb,,,,,,,
nike-air-max-90-legacy-womens,,,,,,,,,4.5Y / 6W,,,,,,,,DJ4878-400-6W,0,shopify,deny,manual,0,,TRUE,TRUE,,,,,8809286509,,,,,,,,,,,,,,,,,,,,,,,,,,,,,,,,,,,,,,,,,,,,,,,,,,,,,,lb,,,,,,,
nike-air-max-90-legacy-womens,,,,,,,,,5Y / 6.5W,,,,,,,,DJ4878-400-6.5W,0,shopify,deny,manual,0,,TRUE,TRUE,,,,,2660459517,,,,,,,,,,,,,,,,,,,,,,,,,,,,,,,,,,,,,,,,,,,,,,,,,,,,,,lb,,,,,,,
nike-air-max-90-legacy-womens,,,,,,,,,5.5Y / 7W,,,,,,,,DJ4878-400-7W,0,shopify,deny,manual,0,,TRUE,TRUE,,,,,5798643839,,,,,,,,,,,,,,,,,,,,,,,,,,,,,,,,,,,,,,,,,,,,,,,,,,,,,,lb,,,,,,,
nike-air-max-90-legacy-womens,,,,,,,,,6Y / 7.5W,,,,,,,,DJ4878-400-7.5W,0,shopify,deny,manual,0,,TRUE,TRUE,,,,,5799320101,,,,,,,,,,,,,,,,,,,,,,,,,,,,,,,,,,,,,,,,,,,,,,,,,,,,,,lb,,,,,,,
nike-air-max-90-legacy-womens,,,,,,,,,6.5Y / 8W,,,,,,,,DJ4878-400-8W,0,shopify,deny,manual,0,,TRUE,TRUE,,,,,4722827376,,,,,,,,,,,,,,,,,,,,,,,,,,,,,,,,,,,,,,,,,,,,,,,,,,,,,,lb,,,,,,,
nike-air-max-90-legacy-womens,,,,,,,,,7Y / 8.5W,,,,,,,,DJ4878-400-8.5W,0,shopify,deny,manual,0,,TRUE,TRUE,,,,,6377817761,,,,,,,,,,,,,,,,,,,,,,,,,,,,,,,,,,,,,,,,,,,,,,,,,,,,,,lb,,,,,,,
nike-air-max-90-legacy-womens,,,,,,,,,7.5M / 9W,,,,,,,,DJ4878-400-9W,0,shopify,deny,manual,120,,TRUE,TRUE,,,,,5267909853,,,,,,,,,,,,,,,,,,,,,,,,,,,,,,,,,,,,,,,,,,,,,,,,,,,,,,lb,,,,,,,
nike-air-max-90-legacy-womens,,,,,,,,,8M / 9.5W,,,,,,,,DJ4878-400-9.5W,0,shopify,deny,manual,0,,TRUE,TRUE,,,,,4056086580,,,,,,,,,,,,,,,,,,,,,,,,,,,,,,,,,,,,,,,,,,,,,,,,,,,,,,lb,,,,,,,
nike-air-max-90-legacy-womens,,,,,,,,,8.5M / 10W,,,,,,,,DJ4878-400-10W,0,shopify,deny,manual,0,,TRUE,TRUE,,,,,1558206448,,,,,,,,,,,,,,,,,,,,,,,,,,,,,,,,,,,,,,,,,,,,,,,,,,,,,,lb,,,,,,,
nike-air-max-90-legacy-womens,,,,,,,,,9M / 10.5W,,,,,,,,DJ4878-400-10.5W,0,shopify,deny,manual,0,,TRUE,TRUE,,,,,8397715896,,,,,,,,,,,,,,,,,,,,,,,,,,,,,,,,,,,,,,,,,,,,,,,,,,,,,,lb,,,,,,,
nike-air-max-90-legacy-womens,,,,,,,,,9.5M / 11W,,,,,,,,DJ4878-400-11W,0,shopify,deny,manual,0,,TRUE,TRUE,,,,,2797190778,,,,,,,,,,,,,,,,,,,,,,,,,,,,,,,,,,,,,,,,,,,,,,,,,,,,,,lb,,,,,,,
nike-air-max-90-legacy-womens,,,,,,,,,10M / 11.5W,,,,,,,,DJ4878-400-11.5W,0,shopify,deny,manual,0,,TRUE,TRUE,,,,,4177694586,,,,,,,,,,,,,,,,,,,,,,,,,,,,,,,,,,,,,,,,,,,,,,,,,,,,,,lb,,,,,,,
nike-air-max-90-legacy-womens,,,,,,,,,10.5M / 12W,,,,,,,,DJ4878-400-12W,0,shopify,deny,manual,0,,TRUE,TRUE,,,,,4314428667,,,,,,,,,,,,,,,,,,,,,,,,,,,,,,,,,,,,,,,,,,,,,,,,,,,,,,lb,,,,,,,
nike-dunk-low-tweed-midnight-navy-corduroy,Nike Dunk Low Tweed Midnight Navy Corduroy,"Nike Dunk Low Tweed Midnight Navy Corduroy<br>SKU: FQ8746-410<br>Condition: New<br>Release Date: 2023-11-08<br><br>All items are shipped out quickly with safe packaging.<br>Check our reviews to see the accuracy of conditions, speed of shipping &amp; quality of service.<br><br>Please DM if you have any questions or need any more information. Thank you!",Nike,,sneakers,Restock,TRUE,Size,3.5Y / 5W,,,,,,,,FQ8746-410-3.5,0,shopify,deny,manual,0,,TRUE,TRUE,,,,,7993205115,https://cdn.shopify.com/s/files/1/0674/5767/9557/files/img01_7d2fc6e6-67c4-4b28-b379-5a9fc248646a.jpg?v=1790072525,1,Nike Dunk Low Tweed Midnight Navy Corduroy - Kicks Collective PA - Nike - FQ8746-410-3.5 - sneakers - 3.5Y / 5W,FALSE,,,,,,,,,,,,,,,,,,,,,,,,,,,,,,,,,,,,,,,,,,,,,,,,,,lb,,,active,,,,
nike-dunk-low-tweed-midnight-navy-corduroy,,,,,,,,,4Y / 5.5W,,,,,,,,FQ8746-410-4,0,shopify,deny,manual,0,,TRUE,TRUE,,,,,2797864053,,,,,,,,,,,,,,,,,,,,,,,,,,,,,,,,,,,,,,,,,,,,,,,,,,,,,,lb,,,,,,,
nike-dunk-low-tweed-midnight-navy-corduroy,,,,,,,,,4.5Y / 6W,,,,,,,,FQ8746-410-4.5,0,shopify,deny,manual,0,,TRUE,TRUE,,,,,7105213295,,,,,,,,,,,,,,,,,,,,,,,,,,,,,,,,,,,,,,,,,,,,,,,,,,,,,,lb,,,,,,,
nike-dunk-low-tweed-midnight-navy-corduroy,,,,,,,,,5Y / 6.5W,,,,,,,,FQ8746-410-5,0,shopify,deny,manual,0,,TRUE,TRUE,,,,,8665952939,,,,,,,,,,,,,,,,,,,,,,,,,,,,,,,,,,,,,,,,,,,,,,,,,,,,,,lb,,,,,,,
nike-dunk-low-tweed-midnight-navy-corduroy,,,,,,,,,5.5Y / 7W,,,,,,,,FQ8746-410-5.5,0,shopify,deny,manual,0,,TRUE,TRUE,,,,,2605066030,,,,,,,,,,,,,,,,,,,,,,,,,,,,,,,,,,,,,,,,,,,,,,,,,,,,,,lb,,,,,,,
nike-dunk-low-tweed-midnight-navy-corduroy,,,,,,,,,6Y / 7.5W,,,,,,,,FQ8746-410-6,0,shopify,deny,manual,0,,TRUE,TRUE,,,,,9256719116,,,,,,,,,,,,,,,,,,,,,,,,,,,,,,,,,,,,,,,,,,,,,,,,,,,,,,lb,,,,,,,
nike-dunk-low-tweed-midnight-navy-corduroy,,,,,,,,,6.5Y / 8W,,,,,,,,FQ8746-410-6.5,0,shopify,deny,manual,0,,TRUE,TRUE,,,,,6555145671,,,,,,,,,,,,,,,,,,,,,,,,,,,,,,,,,,,,,,,,,,,,,,,,,,,,,,lb,,,,,,,
nike-dunk-low-tweed-midnight-navy-corduroy,,,,,,,,,7Y / 8.5W,,,,,,,,FQ8746-410-7,0,shopify,deny,manual,0,,TRUE,TRUE,,,,,2689992372,,,,,,,,,,,,,,,,,,,,,,,,,,,,,,,,,,,,,,,,,,,,,,,,,,,,,,lb,,,,,,,
nike-dunk-low-tweed-midnight-navy-corduroy,,,,,,,,,7.5M / 9W,,,,,,,,FQ8746-410-7.5,0,shopify,deny,manual,0,,TRUE,TRUE,,,,,9166463037,,,,,,,,,,,,,,,,,,,,,,,,,,,,,,,,,,,,,,,,,,,,,,,,,,,,,,lb,,,,,,,
nike-dunk-low-tweed-midnight-navy-corduroy,,,,,,,,,8M / 9.5W,,,,,,,,FQ8746-410-8,0,shopify,deny,manual,0,,TRUE,TRUE,,,,,1156589649,,,,,,,,,,,,,,,,,,,,,,,,,,,,,,,,,,,,,,,,,,,,,,,,,,,,,,lb,,,,,,,
nike-dunk-low-tweed-midnight-navy-corduroy,,,,,,,,,8.5M / 10W,,,,,,,,FQ8746-410-8.5,0,shopify,deny,manual,0,,TRUE,TRUE,,,,,7346877841,,,,,,,,,,,,,,,,,,,,,,,,,,,,,,,,,,,,,,,,,,,,,,,,,,,,,,lb,,,,,,,
nike-dunk-low-tweed-midnight-navy-corduroy,,,,,,,,,9M / 10.5W,,,,,,,,FQ8746-410-9,0,shopify,deny,manual,125,,TRUE,TRUE,,,,,2672123849,,,,,,,,,,,,,,,,,,,,,,,,,,,,,,,,,,,,,,,,,,,,,,,,,,,,,,lb,,,,,,,
nike-dunk-low-tweed-midnight-navy-corduroy,,,,,,,,,9.5M / 11W,,,,,,,,FQ8746-410-9.5,0,shopify,deny,manual,0,,TRUE,TRUE,,,,,3408600017,,,,,,,,,,,,,,,,,,,,,,,,,,,,,,,,,,,,,,,,,,,,,,,,,,,,,,lb,,,,,,,
nike-dunk-low-tweed-midnight-navy-corduroy,,,,,,,,,10M / 11.5W,,,,,,,,FQ8746-410-10,0,shopify,deny,manual,0,,TRUE,TRUE,,,,,8010851195,,,,,,,,,,,,,,,,,,,,,,,,,,,,,,,,,,,,,,,,,,,,,,,,,,,,,,lb,,,,,,,
nike-dunk-low-tweed-midnight-navy-corduroy,,,,,,,,,10.5M / 12W,,,,,,,,FQ8746-410-10.5,0,shopify,deny,manual,0,,TRUE,TRUE,,,,,1701256065,,,,,,,,,,,,,,,,,,,,,,,,,,,,,,,,,,,,,,,,,,,,,,,,,,,,,,lb,,,,,,,
nike-dunk-low-tweed-midnight-navy-corduroy,,,,,,,,,11M / 12.5W,,,,,,,,FQ8746-410-11,0,shopify,deny,manual,0,,TRUE,TRUE,,,,,6767863981,,,,,,,,,,,,,,,,,,,,,,,,,,,,,,,,,,,,,,,,,,,,,,,,,,,,,,lb,,,,,,,
nike-dunk-low-tweed-midnight-navy-corduroy,,,,,,,,,11.5M / 13W,,,,,,,,FQ8746-410-11.5,0,shopify,deny,manual,0,,TRUE,TRUE,,,,,0581383392,,,,,,,,,,,,,,,,,,,,,,,,,,,,,,,,,,,,,,,,,,,,,,,,,,,,,,lb,,,,,,,
nike-dunk-low-tweed-midnight-navy-corduroy,,,,,,,,,12M / 13.5W,,,,,,,,FQ8746-410-12,0,shopify,deny,manual,0,,TRUE,TRUE,,,,,4806073316,,,,,,,,,,,,,,,,,,,,,,,,,,,,,,,,,,,,,,,,,,,,,,,,,,,,,,lb,,,,,,,
nike-dunk-low-tweed-midnight-navy-corduroy,,,,,,,,,12.5M / 14W,,,,,,,,FQ8746-410-12.5,0,shopify,deny,manual,0,,TRUE,TRUE,,,,,4028865061,,,,,,,,,,,,,,,,,,,,,,,,,,,,,,,,,,,,,,,,,,,,,,,,,,,,,,lb,,,,,,,
nike-dunk-low-tweed-midnight-navy-corduroy,,,,,,,,,13M / 14.5W,,,,,,,,FQ8746-410-13,0,shopify,deny,manual,0,,TRUE,TRUE,,,,,5222251113,,,,,,,,,,,,,,,,,,,,,,,,,,,,,,,,,,,,,,,,,,,,,,,,,,,,,,lb,,,,,,,
nike-dunk-low-tweed-midnight-navy-corduroy,,,,,,,,,14M / 15.5W,,,,,,,,FQ8746-410-14,0,shopify,deny,manual,0,,TRUE,TRUE,,,,,0214198971,,,,,,,,,,,,,,,,,,,,,,,,,,,,,,,,,,,,,,,,,,,,,,,,,,,,,,lb,,,,,,,
nike-dunk-low-tweed-midnight-navy-corduroy,,,,,,,,,15M / 16.5W,,,,,,,,FQ8746-410-15,0,shopify,deny,manual,0,,TRUE,TRUE,,,,,9772365540,,,,,,,,,,,,,,,,,,,,,,,,,,,,,,,,,,,,,,,,,,,,,,,,,,,,,,lb,,,,,,,
nike-dunk-low-teddy-bear-womens,Nike Dunk Low Teddy Bear (Women's),"Nike Dunk Low Teddy Bear (Women's)<br>SKU: DZ5318-640<br>Condition: New<br>Release Date: 2022-10-01<br><br>All items are shipped out quickly with safe packaging.<br>Check our reviews to see the accuracy of conditions, speed of shipping &amp; quality of service.<br><br>Please DM if you have any questions or need any more information. Thank you!",Nike,,sneakers,Restock,TRUE,Size,3.5Y / 5W,,,,,,,,DZ5318-640-5W,0,shopify,deny,manual,0,,TRUE,TRUE,,,,,0951713602,https://cdn.shopify.com/s/files/1/0674/5767/9557/files/img01_8525249c-c742-4083-9825-2a23c5d14029.jpg?v=1790072525,1,Nike Dunk Low Teddy Bear (Women's) - Kicks Collective PA - Nike - DZ5318-640-5W - sneakers - 3.5Y / 5W,FALSE,,,,,,,,,,,,,,,,,,,,,,,,,,,,,,,,,,,,,,,,,,,,,,,,,,lb,,,active,,,,
nike-dunk-low-teddy-bear-womens,,,,,,,,,4Y / 5.5W,,,,,,,,DZ5318-640-5.5W,0,shopify,deny,manual,0,,TRUE,TRUE,,,,,1241127234,,,,,,,,,,,,,,,,,,,,,,,,,,,,,,,,,,,,,,,,,,,,,,,,,,,,,,lb,,,,,,,
nike-dunk-low-teddy-bear-womens,,,,,,,,,4.5Y / 6W,,,,,,,,DZ5318-640-6W,0,shopify,deny,manual,0,,TRUE,TRUE,,,,,7993230276,,,,,,,,,,,,,,,,,,,,,,,,,,,,,,,,,,,,,,,,,,,,,,,,,,,,,,lb,,,,,,,
nike-dunk-low-teddy-bear-womens,,,,,,,,,5Y / 6.5W,,,,,,,,DZ5318-640-6.5W,0,shopify,deny,manual,0,,TRUE,TRUE,,,,,2642855373,,,,,,,,,,,,,,,,,,,,,,,,,,,,,,,,,,,,,,,,,,,,,,,,,,,,,,lb,,,,,,,
nike-dunk-low-teddy-bear-womens,,,,,,,,,5.5Y / 7W,,,,,,,,DZ5318-640-7W,0,shopify,deny,manual,0,,TRUE,TRUE,,,,,6982247537,,,,,,,,,,,,,,,,,,,,,,,,,,,,,,,,,,,,,,,,,,,,,,,,,,,,,,lb,,,,,,,
nike-dunk-low-teddy-bear-womens,,,,,,,,,6Y / 7.5W,,,,,,,,DZ5318-640-7.5W,0,shopify,deny,manual,0,,TRUE,TRUE,,,,,7284915637,,,,,,,,,,,,,,,,,,,,,,,,,,,,,,,,,,,,,,,,,,,,,,,,,,,,,,lb,,,,,,,
nike-dunk-low-teddy-bear-womens,,,,,,,,,6.5Y / 8W,,,,,,,,DZ5318-640-8W,0,shopify,deny,manual,0,,TRUE,TRUE,,,,,5277814858,,,,,,,,,,,,,,,,,,,,,,,,,,,,,,,,,,,,,,,,,,,,,,,,,,,,,,lb,,,,,,,
nike-dunk-low-teddy-bear-womens,,,,,,,,,7Y / 8.5W,,,,,,,,DZ5318-640-8.5W,0,shopify,deny,manual,155,,TRUE,TRUE,,,,,1135795411,,,,,,,,,,,,,,,,,,,,,,,,,,,,,,,,,,,,,,,,,,,,,,,,,,,,,,lb,,,,,,,
nike-dunk-low-teddy-bear-womens,,,,,,,,,7.5M / 9W,,,,,,,,DZ5318-640-9W,0,shopify,deny,manual,0,,TRUE,TRUE,,,,,4744984939,,,,,,,,,,,,,,,,,,,,,,,,,,,,,,,,,,,,,,,,,,,,,,,,,,,,,,lb,,,,,,,
nike-dunk-low-teddy-bear-womens,,,,,,,,,8M / 9.5W,,,,,,,,DZ5318-640-9.5W,0,shopify,deny,manual,0,,TRUE,TRUE,,,,,6648327658,,,,,,,,,,,,,,,,,,,,,,,,,,,,,,,,,,,,,,,,,,,,,,,,,,,,,,lb,,,,,,,
nike-dunk-low-teddy-bear-womens,,,,,,,,,8.5M / 10W,,,,,,,,DZ5318-640-10W,0,shopify,deny,manual,0,,TRUE,TRUE,,,,,2084121622,,,,,,,,,,,,,,,,,,,,,,,,,,,,,,,,,,,,,,,,,,,,,,,,,,,,,,lb,,,,,,,
nike-dunk-low-teddy-bear-womens,,,,,,,,,9M / 10.5W,,,,,,,,DZ5318-640-10.5W,0,shopify,deny,manual,0,,TRUE,TRUE,,,,,0513960635,,,,,,,,,,,,,,,,,,,,,,,,,,,,,,,,,,,,,,,,,,,,,,,,,,,,,,lb,,,,,,,
nike-dunk-low-teddy-bear-womens,,,,,,,,,9.5M / 11W,,,,,,,,DZ5318-640-11W,0,shopify,deny,manual,0,,TRUE,TRUE,,,,,5755344723,,,,,,,,,,,,,,,,,,,,,,,,,,,,,,,,,,,,,,,,,,,,,,,,,,,,,,lb,,,,,,,
nike-dunk-low-teddy-bear-womens,,,,,,,,,10M / 11.5W,,,,,,,,DZ5318-640-11.5W,0,shopify,deny,manual,0,,TRUE,TRUE,,,,,5783459638,,,,,,,,,,,,,,,,,,,,,,,,,,,,,,,,,,,,,,,,,,,,,,,,,,,,,,lb,,,,,,,
nike-dunk-low-teddy-bear-womens,,,,,,,,,10.5M / 12W,,,,,,,,DZ5318-640-12W,0,shopify,deny,manual,0,,TRUE,TRUE,,,,,7304124404,,,,,,,,,,,,,,,,,,,,,,,,,,,,,,,,,,,,,,,,,,,,,,,,,,,,,,lb,,,,,,,
nike-total-90-3-sp-white-metallic-gold,Nike Total 90 3 SP White Metallic Gold,"Nike Total 90 3 SP White Metallic Gold<br>SKU: HJ9351-101<br>Condition: New<br>Release Date: 2025-05-01<br><br>All items are shipped out quickly with safe packaging.<br>Check our reviews to see the accuracy of conditions, speed of shipping &amp; quality of service.<br><br>Please DM if you have any questions or need any more information. Thank you!",Nike,,sneakers,Restock,TRUE,Size,3.5Y / 5W,,,,,,,,HJ9351-101-3.5,0,shopify,deny,manual,0,,TRUE,TRUE,,,,,7377314721,https://cdn.shopify.com/s/files/1/0674/5767/9557/files/img01_37d8e5d3-da82-4fd8-8e15-8ad862aa5633.jpg?v=1790072585,1,Nike Total 90 3 SP White Metallic Gold - Kicks Collective PA - Nike - HJ9351-101-3.5 - sneakers - 3.5Y / 5W,FALSE,,,,,,,,,,,,,,,,,,,,,,,,,,,,,,,,,,,,,,,,,,,,,,,,,,lb,,,active,,,,
nike-total-90-3-sp-white-metallic-gold,,,,,,,,,4Y / 5.5W,,,,,,,,HJ9351-101-4,0,shopify,deny,manual,0,,TRUE,TRUE,,,,,8855190820,,,,,,,,,,,,,,,,,,,,,,,,,,,,,,,,,,,,,,,,,,,,,,,,,,,,,,lb,,,,,,,
nike-total-90-3-sp-white-metallic-gold,,,,,,,,,4.5Y / 6W,,,,,,,,HJ9351-101-4.5,0,shopify,deny,manual,0,,TRUE,TRUE,,,,,2934931115,,,,,,,,,,,,,,,,,,,,,,,,,,,,,,,,,,,,,,,,,,,,,,,,,,,,,,lb,,,,,,,
nike-total-90-3-sp-white-metallic-gold,,,,,,,,,5Y / 6.5W,,,,,,,,HJ9351-101-5,0,shopify,deny,manual,0,,TRUE,TRUE,,,,,7146435766,,,,,,,,,,,,,,,,,,,,,,,,,,,,,,,,,,,,,,,,,,,,,,,,,,,,,,lb,,,,,,,
nike-total-90-3-sp-white-metallic-gold,,,,,,,,,5.5Y / 7W,,,,,,,,HJ9351-101-5.5,0,shopify,deny,manual,0,,TRUE,TRUE,,,,,7290594099,,,,,,,,,,,,,,,,,,,,,,,,,,,,,,,,,,,,,,,,,,,,,,,,,,,,,,lb,,,,,,,
nike-total-90-3-sp-white-metallic-gold,,,,,,,,,6Y / 7.5W,,,,,,,,HJ9351-101-6,0,shopify,deny,manual,0,,TRUE,TRUE,,,,,1837081425,,,,,,,,,,,,,,,,,,,,,,,,,,,,,,,,,,,,,,,,,,,,,,,,,,,,,,lb,,,,,,,
nike-total-90-3-sp-white-metallic-gold,,,,,,,,,6.5Y / 8W,,,,,,,,HJ9351-101-6.5,0,shopify,deny,manual,0,,TRUE,TRUE,,,,,5018128886,,,,,,,,,,,,,,,,,,,,,,,,,,,,,,,,,,,,,,,,,,,,,,,,,,,,,,lb,,,,,,,
nike-total-90-3-sp-white-metallic-gold,,,,,,,,,7Y / 8.5W,,,,,,,,HJ9351-101-7,0,shopify,deny,manual,0,,TRUE,TRUE,,,,,0989297787,,,,,,,,,,,,,,,,,,,,,,,,,,,,,,,,,,,,,,,,,,,,,,,,,,,,,,lb,,,,,,,
nike-total-90-3-sp-white-metallic-gold,,,,,,,,,7.5M / 9W,,,,,,,,HJ9351-101-7.5,0,shopify,deny,manual,0,,TRUE,TRUE,,,,,1984875111,,,,,,,,,,,,,,,,,,,,,,,,,,,,,,,,,,,,,,,,,,,,,,,,,,,,,,lb,,,,,,,
nike-total-90-3-sp-white-metallic-gold,,,,,,,,,8M / 9.5W,,,,,,,,HJ9351-101-8,0,shopify,deny,manual,0,,TRUE,TRUE,,,,,4827954163,,,,,,,,,,,,,,,,,,,,,,,,,,,,,,,,,,,,,,,,,,,,,,,,,,,,,,lb,,,,,,,
nike-total-90-3-sp-white-metallic-gold,,,,,,,,,8.5M / 10W,,,,,,,,HJ9351-101-8.5,0,shopify,deny,manual,0,,TRUE,TRUE,,,,,2153853972,,,,,,,,,,,,,,,,,,,,,,,,,,,,,,,,,,,,,,,,,,,,,,,,,,,,,,lb,,,,,,,
nike-total-90-3-sp-white-metallic-gold,,,,,,,,,9M / 10.5W,,,,,,,,HJ9351-101-9,0,shopify,deny,manual,0,,TRUE,TRUE,,,,,8540932081,,,,,,,,,,,,,,,,,,,,,,,,,,,,,,,,,,,,,,,,,,,,,,,,,,,,,,lb,,,,,,,
nike-total-90-3-sp-white-metallic-gold,,,,,,,,,9.5M / 11W,,,,,,,,HJ9351-101-9.5,0,shopify,deny,manual,0,,TRUE,TRUE,,,,,9044130441,,,,,,,,,,,,,,,,,,,,,,,,,,,,,,,,,,,,,,,,,,,,,,,,,,,,,,lb,,,,,,,
nike-total-90-3-sp-white-metallic-gold,,,,,,,,,10M / 11.5W,,,,,,,,HJ9351-101-10,0,shopify,deny,manual,0,,TRUE,TRUE,,,,,9496015918,,,,,,,,,,,,,,,,,,,,,,,,,,,,,,,,,,,,,,,,,,,,,,,,,,,,,,lb,,,,,,,
nike-total-90-3-sp-white-metallic-gold,,,,,,,,,10.5M / 12W,,,,,,,,HJ9351-101-10.5,0,shopify,deny,manual,65,,TRUE,TRUE,,,,,5259887181,,,,,,,,,,,,,,,,,,,,,,,,,,,,,,,,,,,,,,,,,,,,,,,,,,,,,,lb,,,,,,,
nike-total-90-3-sp-white-metallic-gold,,,,,,,,,11M / 12.5W,,,,,,,,HJ9351-101-11,0,shopify,deny,manual,0,,TRUE,TRUE,,,,,4485696846,,,,,,,,,,,,,,,,,,,,,,,,,,,,,,,,,,,,,,,,,,,,,,,,,,,,,,lb,,,,,,,
nike-total-90-3-sp-white-metallic-gold,,,,,,,,,11.5M / 13W,,,,,,,,HJ9351-101-11.5,0,shopify,deny,manual,0,,TRUE,TRUE,,,,,2931815341,,,,,,,,,,,,,,,,,,,,,,,,,,,,,,,,,,,,,,,,,,,,,,,,,,,,,,lb,,,,,,,
nike-total-90-3-sp-white-metallic-gold,,,,,,,,,12M / 13.5W,,,,,,,,HJ9351-101-12,0,shopify,deny,manual,0,,TRUE,TRUE,,,,,3426377001,,,,,,,,,,,,,,,,,,,,,,,,,,,,,,,,,,,,,,,,,,,,,,,,,,,,,,lb,,,,,,,
nike-total-90-3-sp-white-metallic-gold,,,,,,,,,12.5M / 14W,,,,,,,,HJ9351-101-12.5,0,shopify,deny,manual,0,,TRUE,TRUE,,,,,2897201381,,,,,,,,,,,,,,,,,,,,,,,,,,,,,,,,,,,,,,,,,,,,,,,,,,,,,,lb,,,,,,,
nike-total-90-3-sp-white-metallic-gold,,,,,,,,,13M / 14.5W,,,,,,,,HJ9351-101-13,0,shopify,deny,manual,0,,TRUE,TRUE,,,,,1894088186,,,,,,,,,,,,,,,,,,,,,,,,,,,,,,,,,,,,,,,,,,,,,,,,,,,,,,lb,,,,,,,
nike-total-90-3-sp-white-metallic-gold,,,,,,,,,14M / 15.5W,,,,,,,,HJ9351-101-14,0,shopify,deny,manual,0,,TRUE,TRUE,,,,,9584264452,,,,,,,,,,,,,,,,,,,,,,,,,,,,,,,,,,,,,,,,,,,,,,,,,,,,,,lb,,,,,,,
nike-total-90-3-sp-white-metallic-gold,,,,,,,,,15M / 16.5W,,,,,,,,HJ9351-101-15,0,shopify,deny,manual,0,,TRUE,TRUE,,,,,6665278802,,,,,,,,,,,,,,,,,,,,,,,,,,,,,,,,,,,,,,,,,,,,,,,,,,,,,,lb,,,,,,,
preowned-dz5485-400-9-5-po-1,Jordan 1 Retro High OG UNC Toe 9.5 (Pre-Owned),"Jordan 1 Retro High OG UNC Toe<br>SKU: DZ5485-400<br>Size: 9.5M / 11W<br>Condition: Lightly Worn<br>Box Condition: Original Box<br>Release Date: 2023-07-22<br><br>All items are shipped out quickly with safe packaging.<br>Check our reviews to see the accuracy of conditions, speed of shipping &amp; quality of service.<br><br>Please DM if you have any questions or need any more information. Thank you!",Jordan,,Pre-Owned Sneakers,"jordan, lightly_worn, pre-owned, Restock",FALSE,Size,9.5M / 11W,,,,,,,,DZ5485-400-9.5-PO-1,0,shopify,deny,manual,75,,TRUE,TRUE,,,,,2043570418,https://cdn.shopify.com/s/files/1/0674/5767/9557/files/19146f77-9a33-4204-8d8b-5077fc6d0ece.jpg?v=1790804012,1,Jordan 1 Retro High OG UNC Toe 9.5 (Pre-Owned) - front,FALSE,,,,,,,,,,,,,,Pre-Owned,,,,,,,,,,,,,,,,,,,,,,,,,,,,,,,,,,,,lb,,,active,,,,
preowned-dz5485-400-9-5-po-1,,,,,,,,,,,,,,,,,,,,,,,,,,,,,,,https://cdn.shopify.com/s/files/1/0674/5767/9557/files/78acf1f5-9e12-462d-8e54-726799f6a4d8.jpg?v=1790804011,2,Jordan 1 Retro High OG UNC Toe 9.5 (Pre-Owned) - back,,,,,,,,,,,,,,,,,,,,,,,,,,,,,,,,,,,,,,,,,,,,,,,,,,,,,,,,,,
preowned-dz5485-400-9-5-po-1,,,,,,,,,,,,,,,,,,,,,,,,,,,,,,,https://cdn.shopify.com/s/files/1/0674/5767/9557/files/b052a112-ebbf-4a1c-8741-107625a55bcd.jpg?v=1790804011,3,Jordan 1 Retro High OG UNC Toe 9.5 (Pre-Owned) - tag,,,,,,,,,,,,,,,,,,,,,,,,,,,,,,,,,,,,,,,,,,,,,,,,,,,,,,,,,,
preowned-dz5485-400-9-5-po-1,,,,,,,,,,,,,,,,,,,,,,,,,,,,,,,https://cdn.shopify.com/s/files/1/0674/5767/9557/files/086acdf0-6f3c-4875-b79d-491590b819ea.jpg?v=1790804011,4,Jordan 1 Retro High OG UNC Toe 9.5 (Pre-Owned) - aux,,,,,,,,,,,,,,,,,,,,,,,,,,,,,,,,,,,,,,,,,,,,,,,,,,,,,,,,,,
preowned-dz5485-400-9-5-po-1,,,,,,,,,,,,,,,,,,,,,,,,,,,,,,,https://cdn.shopify.com/s/files/1/0674/5767/9557/files/fde653f5-3232-4655-a0b9-ee57a0069e35.jpg?v=1790804012,5,Jordan 1 Retro High OG UNC Toe 9.5 (Pre-Owned) - aux,,,,,,,,,,,,,,,,,,,,,,,,,,,,,,,,,,,,,,,,,,,,,,,,,,,,,,,,,,
preowned-dz5485-400-9-5-po-1,,,,,,,,,,,,,,,,,,,,,,,,,,,,,,,https://cdn.shopify.com/s/files/1/0674/5767/9557/files/3160b180-5d64-47de-8075-e4bfe73cdef6.jpg?v=1790804012,6,Jordan 1 Retro High OG UNC Toe 9.5 (Pre-Owned) - aux,,,,,,,,,,,,,,,,,,,,,,,,,,,,,,,,,,,,,,,,,,,,,,,,,,,,,,,,,,
preowned-dz5485-400-9-5-po-1,,,,,,,,,,,,,,,,,,,,,,,,,,,,,,,https://cdn.shopify.com/s/files/1/0674/5767/9557/files/d8c90e87-eeb4-4ac1-8317-9996bc3e0b41.jpg?v=1790804012,7,Jordan 1 Retro High OG UNC Toe 9.5 (Pre-Owned) - aux,,,,,,,,,,,,,,,,,,,,,,,,,,,,,,,,,,,,,,,,,,,,,,,,,,,,,,,,,,
preowned-dz5485-400-9-5-po-1,,,,,,,,,,,,,,,,,,,,,,,,,,,,,,,https://cdn.shopify.com/s/files/1/0674/5767/9557/files/89a82209-ce45-4015-b860-9ba72da76b86.jpg?v=1790804012,8,Jordan 1 Retro High OG UNC Toe 9.5 (Pre-Owned) - aux,,,,,,,,,,,,,,,,,,,,,,,,,,,,,,,,,,,,,,,,,,,,,,,,,,,,,,,,,,
preowned-555088-302-9-5-po-1,Jordan 1 Retro High Pine Green 9.5 (Pre-Owned),"Jordan 1 Retro High Pine Green<br>SKU: 555088-302<br>Size: 9.5M / 11W<br>Condition: Moderately Worn<br>Box Condition: Original Box<br>Release Date: 2018-09-22<br><br>All items are shipped out quickly with safe packaging.<br>Check our reviews to see the accuracy of conditions, speed of shipping &amp; quality of service.<br><br>Please DM if you have any questions or need any more information. Thank you!",Jordan,,Pre-Owned Sneakers,"jordan, moderately_worn, pre-owned, Restock",FALSE,Size,9.5M / 11W,,,,,,,,555088-302-9.5-PO-1,0,shopify,deny,manual,120,,TRUE,TRUE,,,,,4129666231,https://cdn.shopify.com/s/files/1/0674/5767/9557/files/5cac457a-c93f-4221-bab1-ca658a577be8.jpg?v=1790804545,1,Jordan 1 Retro High Pine Green 9.5 (Pre-Owned) - front,FALSE,,,,,,,,,,,,,,Pre-Owned,,,,,,,,,,,,,,,,,,,,,,,,,,,,,,,,,,,,lb,,,active,,,,
preowned-555088-302-9-5-po-1,,,,,,,,,,,,,,,,,,,,,,,,,,,,,,,https://cdn.shopify.com/s/files/1/0674/5767/9557/files/695f6b96-91c7-4d15-89f3-eb3fee065fa4.jpg?v=1790804545,2,Jordan 1 Retro High Pine Green 9.5 (Pre-Owned) - back,,,,,,,,,,,,,,,,,,,,,,,,,,,,,,,,,,,,,,,,,,,,,,,,,,,,,,,,,,
preowned-555088-302-9-5-po-1,,,,,,,,,,,,,,,,,,,,,,,,,,,,,,,https://cdn.shopify.com/s/files/1/0674/5767/9557/files/2e24979a-749f-462a-891f-9d66e2129ab1.jpg?v=1790804545,3,Jordan 1 Retro High Pine Green 9.5 (Pre-Owned) - tag,,,,,,,,,,,,,,,,,,,,,,,,,,,,,,,,,,,,,,,,,,,,,,,,,,,,,,,,,,
preowned-555088-302-9-5-po-1,,,,,,,,,,,,,,,,,,,,,,,,,,,,,,,https://cdn.shopify.com/s/files/1/0674/5767/9557/files/2b562820-dea3-4c62-97ee-be92af059fe3.jpg?v=1790804545,4,Jordan 1 Retro High Pine Green 9.5 (Pre-Owned) - aux,,,,,,,,,,,,,,,,,,,,,,,,,,,,,,,,,,,,,,,,,,,,,,,,,,,,,,,,,,
preowned-555088-302-9-5-po-1,,,,,,,,,,,,,,,,,,,,,,,,,,,,,,,https://cdn.shopify.com/s/files/1/0674/5767/9557/files/c234334e-a6ec-4f32-bf89-7fd0dee2d3d6.jpg?v=1790804545,5,Jordan 1 Retro High Pine Green 9.5 (Pre-Owned) - aux,,,,,,,,,,,,,,,,,,,,,,,,,,,,,,,,,,,,,,,,,,,,,,,,,,,,,,,,,,
preowned-555088-302-9-5-po-1,,,,,,,,,,,,,,,,,,,,,,,,,,,,,,,https://cdn.shopify.com/s/files/1/0674/5767/9557/files/f48f5ef7-8e37-423c-83be-5308f588da3d.jpg?v=1790804545,6,Jordan 1 Retro High Pine Green 9.5 (Pre-Owned) - aux,,,,,,,,,,,,,,,,,,,,,,,,,,,,,,,,,,,,,,,,,,,,,,,,,,,,,,,,,,
preowned-555088-302-9-5-po-1,,,,,,,,,,,,,,,,,,,,,,,,,,,,,,,https://cdn.shopify.com/s/files/1/0674/5767/9557/files/3a48275a-4fc5-4080-8c02-b61c130ef489.jpg?v=1790804545,7,Jordan 1 Retro High Pine Green 9.5 (Pre-Owned) - aux,,,,,,,,,,,,,,,,,,,,,,,,,,,,,,,,,,,,,,,,,,,,,,,,,,,,,,,,,,
preowned-555088-302-9-5-po-1,,,,,,,,,,,,,,,,,,,,,,,,,,,,,,,https://cdn.shopify.com/s/files/1/0674/5767/9557/files/e306a256-10d6-4bb9-bc47-921afbf4c484.jpg?v=1790804545,8,Jordan 1 Retro High Pine Green 9.5 (Pre-Owned) - aux,,,,,,,,,,,,,,,,,,,,,,,,,,,,,,,,,,,,,,,,,,,,,,,,,,,,,,,,,,
preowned-555088-403-12-po-1,Jordan 1 Retro High Game Royal 12 (Pre-Owned),"Jordan 1 Retro High Game Royal<br>SKU: 555088-403<br>Size: 12M / 13.5W<br>Condition: Moderately Worn<br>Box Condition: Original Box<br><br>All items are shipped out quickly with safe packaging.<br>Check our reviews to see the accuracy of conditions, speed of shipping &amp; quality of service.<br><br>Please DM if you have any questions or need any more information. Thank you!",Jordan,,Pre-Owned Sneakers,"jordan, moderately_worn, pre-owned, Restock",FALSE,Size,12M / 13.5W,,,,,,,,555088-403-12-PO-1,0,shopify,deny,manual,95,,TRUE,TRUE,,,,,3626472447,https://cdn.shopify.com/s/files/1/0674/5767/9557/files/img01_dceef29c-995b-4425-b960-608d7ad34674.jpg?v=1790381827,1,Jordan 1 Retro High Game Royal - Catalog Image,FALSE,,,,,,,,,,,,,,Pre-Owned,,,,,,,,,,,,,,,,,,,,,,,,,,,,,,,,,,,,lb,,,active,,,,
preowned-cz0790-400-12-po-1,Jordan 1 Low OG Obsidian UNC 12 (Pre-Owned),"Jordan 1 Low OG Obsidian UNC<br>SKU: CZ0790-400<br>Size: 12M / 13.5W<br>Condition: Lightly Worn<br>Box Condition: Original Box<br>Release Date: 2025-03-29<br><br>All items are shipped out quickly with safe packaging.<br>Check our reviews to see the accuracy of conditions, speed of shipping &amp; quality of service.<br><br>Please DM if you have any questions or need any more information. Thank you!",Jordan,,Pre-Owned Sneakers,"jordan, lightly_worn, pre-owned, Restock",FALSE,Size,12M / 13.5W,,,,,,,,CZ0790-400-12-PO-1,0,shopify,deny,manual,70,,TRUE,TRUE,,,,,0358094148,https://cdn.shopify.com/s/files/1/0674/5767/9557/files/img01_8e98503f-7c54-4342-b829-0c1876a4309a.jpg?v=1790381856,1,Jordan 1 Low OG Obsidian UNC - Catalog Image,FALSE,,,,,,,,,,,,,,Pre-Owned,,,,,,,,,,,,,,,,,,,,,,,,,,,,,,,,,,,,lb,,,active,,,,
preowned-fq8992-101-9-po-1,Jordan 9 Retro Powder Blue (2024) 9 (Pre-Owned),"Jordan 9 Retro Powder Blue (2024)<br>SKU: FQ8992-101<br>Size: 9M / 10.5W<br>Condition: Lightly Worn<br>Box Condition: Original Box<br>Release Date: 2024-03-23<br><br>All items are shipped out quickly with safe packaging.<br>Check our reviews to see the accuracy of conditions, speed of shipping &amp; quality of service.<br><br>Please DM if you have any questions or need any more information. Thank you!",Jordan,,Pre-Owned Sneakers,"jordan, lightly_worn, pre-owned",FALSE,Size,9M / 10.5W,,,,,,,,FQ8992-101-9-PO-1,0,shopify,deny,manual,100,,TRUE,TRUE,,,,,4956471773,https://cdn.shopify.com/s/files/1/0674/5767/9557/files/dc279fd0-0847-4d16-bb8d-9b7394c7b155.jpg?v=1790794239,1,Jordan 9 Retro Powder Blue (2024) 9 (Pre-Owned) - front,FALSE,,,,,,,,,,,,,,Pre-Owned,,,,,,,,,,,,,,,,,,,,,,,,,,,,,,,,,,,,lb,,,active,,,,
preowned-fq8992-101-9-po-1,,,,,,,,,,,,,,,,,,,,,,,,,,,,,,,https://cdn.shopify.com/s/files/1/0674/5767/9557/files/1a84ab59-eece-4861-b261-acdd7b0c2b44.jpg?v=1790794239,2,Jordan 9 Retro Powder Blue (2024) 9 (Pre-Owned) - back,,,,,,,,,,,,,,,,,,,,,,,,,,,,,,,,,,,,,,,,,,,,,,,,,,,,,,,,,,
preowned-fq8992-101-9-po-1,,,,,,,,,,,,,,,,,,,,,,,,,,,,,,,https://cdn.shopify.com/s/files/1/0674/5767/9557/files/21782092-f89f-487d-a987-34492dac5280.jpg?v=1790794239,3,Jordan 9 Retro Powder Blue (2024) 9 (Pre-Owned) - tag,,,,,,,,,,,,,,,,,,,,,,,,,,,,,,,,,,,,,,,,,,,,,,,,,,,,,,,,,,
preowned-fq8992-101-9-po-1,,,,,,,,,,,,,,,,,,,,,,,,,,,,,,,https://cdn.shopify.com/s/files/1/0674/5767/9557/files/8eb07c13-1066-45c7-b7c6-7c3bc6d46c23.jpg?v=1790794239,4,Jordan 9 Retro Powder Blue (2024) 9 (Pre-Owned) - aux,,,,,,,,,,,,,,,,,,,,,,,,,,,,,,,,,,,,,,,,,,,,,,,,,,,,,,,,,,
preowned-fq8992-101-9-po-1,,,,,,,,,,,,,,,,,,,,,,,,,,,,,,,https://cdn.shopify.com/s/files/1/0674/5767/9557/files/3106ec81-edc2-4665-93c0-65fca79c4acb.jpg?v=1790794239,5,Jordan 9 Retro Powder Blue (2024) 9 (Pre-Owned) - aux,,,,,,,,,,,,,,,,,,,,,,,,,,,,,,,,,,,,,,,,,,,,,,,,,,,,,,,,,,
preowned-fq8992-101-9-po-1,,,,,,,,,,,,,,,,,,,,,,,,,,,,,,,https://cdn.shopify.com/s/files/1/0674/5767/9557/files/6d96aee1-8b4d-40af-834c-edd965ff8e6f.jpg?v=1790794239,6,Jordan 9 Retro Powder Blue (2024) 9 (Pre-Owned) - aux,,,,,,,,,,,,,,,,,,,,,,,,,,,,,,,,,,,,,,,,,,,,,,,,,,,,,,,,,,
preowned-fq8992-101-9-po-1,,,,,,,,,,,,,,,,,,,,,,,,,,,,,,,https://cdn.shopify.com/s/files/1/0674/5767/9557/files/e20b8672-fb8d-408d-a7bb-3c4bfd006e19.jpg?v=1790794239,7,Jordan 9 Retro Powder Blue (2024) 9 (Pre-Owned) - aux,,,,,,,,,,,,,,,,,,,,,,,,,,,,,,,,,,,,,,,,,,,,,,,,,,,,,,,,,,
preowned-fq8992-101-9-po-1,,,,,,,,,,,,,,,,,,,,,,,,,,,,,,,https://cdn.shopify.com/s/files/1/0674/5767/9557/files/cfc67ef4-60cc-4322-9f74-d0e37d848f14.jpg?v=1790794239,8,Jordan 9 Retro Powder Blue (2024) 9 (Pre-Owned) - aux,,,,,,,,,,,,,,,,,,,,,,,,,,,,,,,,,,,,,,,,,,,,,,,,,,,,,,,,,,
preowned-ct8013-015-10-5-po-1,Jordan 12 Retro Stealth 10.5 (Pre-Owned),"Jordan 12 Retro Stealth<br>SKU: CT8013-015<br>Size: 10.5M / 12W<br>Condition: Moderately Worn<br>Box Condition: Original Box<br><br>All items are shipped out quickly with safe packaging.<br>Check our reviews to see the accuracy of conditions, speed of shipping &amp; quality of service.<br><br>Please DM if you have any questions or need any more information. Thank you!",Jordan,,Pre-Owned Sneakers,"jordan, moderately_worn, pre-owned",FALSE,Size,10.5M / 12W,,,,,,,,CT8013-015-10.5-PO-1,0,shopify,deny,manual,100,,TRUE,TRUE,,,,,6128208588,https://cdn.shopify.com/s/files/1/0674/5767/9557/files/80eb6850-5197-4d10-8d5b-ba54b85bf1a3.jpg?v=1790794475,1,Jordan 12 Retro Stealth 10.5 (Pre-Owned) - front,FALSE,,,,,,,,,,,,,,Pre-Owned,,,,,,,,,,,,,,,,,,,,,,,,,,,,,,,,,,,,lb,,,active,,,,
preowned-ct8013-015-10-5-po-1,,,,,,,,,,,,,,,,,,,,,,,,,,,,,,,https://cdn.shopify.com/s/files/1/0674/5767/9557/files/4c33cd3f-93f9-4708-a802-29f03b6e27f0.jpg?v=1790794475,2,Jordan 12 Retro Stealth 10.5 (Pre-Owned) - back,,,,,,,,,,,,,,,,,,,,,,,,,,,,,,,,,,,,,,,,,,,,,,,,,,,,,,,,,,
preowned-ct8013-015-10-5-po-1,,,,,,,,,,,,,,,,,,,,,,,,,,,,,,,https://cdn.shopify.com/s/files/1/0674/5767/9557/files/c02399e5-a5c7-4b99-8bf0-50a5f4b6801c.jpg?v=1790794475,3,Jordan 12 Retro Stealth 10.5 (Pre-Owned) - tag,,,,,,,,,,,,,,,,,,,,,,,,,,,,,,,,,,,,,,,,,,,,,,,,,,,,,,,,,,
preowned-ct8013-015-10-5-po-1,,,,,,,,,,,,,,,,,,,,,,,,,,,,,,,https://cdn.shopify.com/s/files/1/0674/5767/9557/files/1adf3593-2e77-4a46-9b83-9e71f1487f91.jpg?v=1790794475,4,Jordan 12 Retro Stealth 10.5 (Pre-Owned) - aux,,,,,,,,,,,,,,,,,,,,,,,,,,,,,,,,,,,,,,,,,,,,,,,,,,,,,,,,,,
preowned-ct8013-015-10-5-po-1,,,,,,,,,,,,,,,,,,,,,,,,,,,,,,,https://cdn.shopify.com/s/files/1/0674/5767/9557/files/f4f9d6b4-c471-493e-8f6e-e0b4676ef387.jpg?v=1790794475,5,Jordan 12 Retro Stealth 10.5 (Pre-Owned) - aux,,,,,,,,,,,,,,,,,,,,,,,,,,,,,,,,,,,,,,,,,,,,,,,,,,,,,,,,,,
preowned-ct8013-015-10-5-po-1,,,,,,,,,,,,,,,,,,,,,,,,,,,,,,,https://cdn.shopify.com/s/files/1/0674/5767/9557/files/3e8be9b2-4659-4b36-a183-78d77d57c175.jpg?v=1790794475,6,Jordan 12 Retro Stealth 10.5 (Pre-Owned) - aux,,,,,,,,,,,,,,,,,,,,,,,,,,,,,,,,,,,,,,,,,,,,,,,,,,,,,,,,,,
preowned-ct8013-015-10-5-po-1,,,,,,,,,,,,,,,,,,,,,,,,,,,,,,,https://cdn.shopify.com/s/files/1/0674/5767/9557/files/47169dcc-94e7-4f16-bde4-821aba73185b.jpg?v=1790794475,7,Jordan 12 Retro Stealth 10.5 (Pre-Owned) - aux,,,,,,,,,,,,,,,,,,,,,,,,,,,,,,,,,,,,,,,,,,,,,,,,,,,,,,,,,,
preowned-ct8013-015-10-5-po-1,,,,,,,,,,,,,,,,,,,,,,,,,,,,,,,https://cdn.shopify.com/s/files/1/0674/5767/9557/files/16750495-01ac-487b-ab67-2008b39cef3e.jpg?v=1790794475,8,Jordan 12 Retro Stealth 10.5 (Pre-Owned) - aux,,,,,,,,,,,,,,,,,,,,,,,,,,,,,,,,,,,,,,,,,,,,,,,,,,,,,,,,,,
preowned-fj5755-100-9-5-po-1,Nike Air Force 1 Low QS Terror Squad Loyalty 9.5 (Pre-Owned),"Nike Air Force 1 Low QS Terror Squad Loyalty<br>SKU: FJ5755-100<br>Size: 9.5M / 11W<br>Condition: Moderately Worn<br>Box Condition: Original Box<br>Release Date: 2023-09-15<br><br>All items are shipped out quickly with safe packaging.<br>Check our reviews to see the accuracy of conditions, speed of shipping &amp; quality of service.<br><br>Please DM if you have any questions or need any more information. Thank you!",Nike,,Pre-Owned Sneakers,"moderately_worn, nike, pre-owned",FALSE,Size,9.5M / 11W,,,,,,,,FJ5755-100-9.5-PO-1,0,shopify,deny,manual,75,,TRUE,TRUE,,,,,6060858691,https://cdn.shopify.com/s/files/1/0674/5767/9557/files/c59109e2-c05b-4af1-987a-5391ccad0293.jpg?v=1790805297,1,Nike Air Force 1 Low QS Terror Squad Loyalty 9.5 (Pre-Owned) - front,FALSE,,,,,,,,,,,,,,Pre-Owned,,,,,,,,,,,,,,,,,,,,,,,,,,,,,,,,,,,,lb,,,active,,,,
preowned-fj5755-100-9-5-po-1,,,,,,,,,,,,,,,,,,,,,,,,,,,,,,,https://cdn.shopify.com/s/files/1/0674/5767/9557/files/8eaa5517-5c25-4453-9e82-5bd50e62c661.jpg?v=1790805297,2,Nike Air Force 1 Low QS Terror Squad Loyalty 9.5 (Pre-Owned) - back,,,,,,,,,,,,,,,,,,,,,,,,,,,,,,,,,,,,,,,,,,,,,,,,,,,,,,,,,,
preowned-fj5755-100-9-5-po-1,,,,,,,,,,,,,,,,,,,,,,,,,,,,,,,https://cdn.shopify.com/s/files/1/0674/5767/9557/files/8b128720-5b66-4bfd-9e6f-c6bf62e37257.jpg?v=1790805297,3,Nike Air Force 1 Low QS Terror Squad Loyalty 9.5 (Pre-Owned) - tag,,,,,,,,,,,,,,,,,,,,,,,,,,,,,,,,,,,,,,,,,,,,,,,,,,,,,,,,,,
preowned-fj5755-100-9-5-po-1,,,,,,,,,,,,,,,,,,,,,,,,,,,,,,,https://cdn.shopify.com/s/files/1/0674/5767/9557/files/65aff5b2-5f6b-492e-9e1a-0a178a04495d.jpg?v=1790805297,4,Nike Air Force 1 Low QS Terror Squad Loyalty 9.5 (Pre-Owned) - aux,,,,,,,,,,,,,,,,,,,,,,,,,,,,,,,,,,,,,,,,,,,,,,,,,,,,,,,,,,
preowned-fj5755-100-9-5-po-1,,,,,,,,,,,,,,,,,,,,,,,,,,,,,,,https://cdn.shopify.com/s/files/1/0674/5767/9557/files/22c05c07-0277-4d91-9154-fcf406597092.jpg?v=1790805297,5,Nike Air Force 1 Low QS Terror Squad Loyalty 9.5 (Pre-Owned) - aux,,,,,,,,,,,,,,,,,,,,,,,,,,,,,,,,,,,,,,,,,,,,,,,,,,,,,,,,,,
preowned-fj5755-100-9-5-po-1,,,,,,,,,,,,,,,,,,,,,,,,,,,,,,,https://cdn.shopify.com/s/files/1/0674/5767/9557/files/2f61764e-1b9f-417b-b813-9100231b0cfa.jpg?v=1790805297,6,Nike Air Force 1 Low QS Terror Squad Loyalty 9.5 (Pre-Owned) - aux,,,,,,,,,,,,,,,,,,,,,,,,,,,,,,,,,,,,,,,,,,,,,,,,,,,,,,,,,,
preowned-fj5755-100-9-5-po-1,,,,,,,,,,,,,,,,,,,,,,,,,,,,,,,https://cdn.shopify.com/s/files/1/0674/5767/9557/files/d2f01c54-ec55-4e71-b3f5-1228f0114f46.jpg?v=1790805297,7,Nike Air Force 1 Low QS Terror Squad Loyalty 9.5 (Pre-Owned) - aux,,,,,,,,,,,,,,,,,,,,,,,,,,,,,,,,,,,,,,,,,,,,,,,,,,,,,,,,,,
preowned-fj5755-100-9-5-po-1,,,,,,,,,,,,,,,,,,,,,,,,,,,,,,,https://cdn.shopify.com/s/files/1/0674/5767/9557/files/e7c1f4d4-fdae-4f5b-b26d-a02e493d9b2e.jpg?v=1790805297,8,Nike Air Force 1 Low QS Terror Squad Loyalty 9.5 (Pre-Owned) - aux,,,,,,,,,,,,,,,,,,,,,,,,,,,,,,,,,,,,,,,,,,,,,,,,,,,,,,,,,,
preowned-555088-134-10-5-po-7,Jordan 1 Retro High OG University Blue 10.5 (Pre-Owned),"Jordan 1 Retro High OG University Blue<br>SKU: 555088-134<br>Size: 10.5M / 12W<br>Condition: Moderately Worn<br>Box Condition: Original Box<br>Release Date: 2021-03-06<br><br>All items are shipped out quickly with safe packaging.<br>Check our reviews to see the accuracy of conditions, speed of shipping &amp; quality of service.<br><br>Please DM if you have any questions or need any more information. Thank you!",Jordan,,Pre-Owned Sneakers,"jordan, moderately_worn, pre-owned",FALSE,Size,10.5M / 12W,,,,,,,,555088-134-10.5-PO-7,0,shopify,deny,manual,125,,TRUE,TRUE,,,,,6201452055,https://cdn.shopify.com/s/files/1/0674/5767/9557/files/bb9f2071-5062-4a48-b302-2d17098cb9d2.jpg?v=1790803003,1,Jordan 1 Retro High OG University Blue 10.5 (Pre-Owned) - front,FALSE,,,,,,,,,,,,,,Pre-Owned,,,,,,,,,,,,,,,,,,,,,,,,,,,,,,,,,,,,lb,,,active,,,,
preowned-555088-134-10-5-po-7,,,,,,,,,,,,,,,,,,,,,,,,,,,,,,,https://cdn.shopify.com/s/files/1/0674/5767/9557/files/fba8ea72-e349-4163-afa2-124b6568d6c6.jpg?v=1790803004,2,Jordan 1 Retro High OG University Blue 10.5 (Pre-Owned) - back,,,,,,,,,,,,,,,,,,,,,,,,,,,,,,,,,,,,,,,,,,,,,,,,,,,,,,,,,,
preowned-555088-134-10-5-po-7,,,,,,,,,,,,,,,,,,,,,,,,,,,,,,,https://cdn.shopify.com/s/files/1/0674/5767/9557/files/fd6bfcc4-6954-40db-a4c6-0206c3726aba.jpg?v=1790803004,3,Jordan 1 Retro High OG University Blue 10.5 (Pre-Owned) - tag,,,,,,,,,,,,,,,,,,,,,,,,,,,,,,,,,,,,,,,,,,,,,,,,,,,,,,,,,,
preowned-555088-134-10-5-po-7,,,,,,,,,,,,,,,,,,,,,,,,,,,,,,,https://cdn.shopify.com/s/files/1/0674/5767/9557/files/9a837d3c-4f3e-4e13-8681-03719657fae8.jpg?v=1790803004,4,Jordan 1 Retro High OG University Blue 10.5 (Pre-Owned) - aux,,,,,,,,,,,,,,,,,,,,,,,,,,,,,,,,,,,,,,,,,,,,,,,,,,,,,,,,,,
preowned-555088-134-10-5-po-7,,,,,,,,,,,,,,,,,,,,,,,,,,,,,,,https://cdn.shopify.com/s/files/1/0674/5767/9557/files/c709c142-1921-49d4-bd19-c2d4941b26ce.jpg?v=1790803004,5,Jordan 1 Retro High OG University Blue 10.5 (Pre-Owned) - aux,,,,,,,,,,,,,,,,,,,,,,,,,,,,,,,,,,,,,,,,,,,,,,,,,,,,,,,,,,
preowned-555088-134-10-5-po-7,,,,,,,,,,,,,,,,,,,,,,,,,,,,,,,https://cdn.shopify.com/s/files/1/0674/5767/9557/files/95079d2d-aa4d-466a-9f18-010559f562d5.jpg?v=1790803003,6,Jordan 1 Retro High OG University Blue 10.5 (Pre-Owned) - aux,,,,,,,,,,,,,,,,,,,,,,,,,,,,,,,,,,,,,,,,,,,,,,,,,,,,,,,,,,
preowned-555088-134-10-5-po-7,,,,,,,,,,,,,,,,,,,,,,,,,,,,,,,https://cdn.shopify.com/s/files/1/0674/5767/9557/files/8da30c43-ae95-4e96-bea9-24eff06b95f1.jpg?v=1790803004,7,Jordan 1 Retro High OG University Blue 10.5 (Pre-Owned) - aux,,,,,,,,,,,,,,,,,,,,,,,,,,,,,,,,,,,,,,,,,,,,,,,,,,,,,,,,,,
preowned-555088-134-10-5-po-7,,,,,,,,,,,,,,,,,,,,,,,,,,,,,,,https://cdn.shopify.com/s/files/1/0674/5767/9557/files/f128d4db-f32e-4446-8e76-67b7f602b60c.jpg?v=1790803003,8,Jordan 1 Retro High OG University Blue 10.5 (Pre-Owned) - aux,,,,,,,,,,,,,,,,,,,,,,,,,,,,,,,,,,,,,,,,,,,,,,,,,,,,,,,,,,
preowned-555088-134-10-5-po-7,,,,,,,,,,,,,,,,,,,,,,,,,,,,,,,https://cdn.shopify.com/s/files/1/0674/5767/9557/files/7b02f809-fd73-4a94-a889-deb605b73164.jpg?v=1790803003,9,Jordan 1 Retro High OG University Blue 10.5 (Pre-Owned) - aux,,,,,,,,,,,,,,,,,,,,,,,,,,,,,,,,,,,,,,,,,,,,,,,,,,,,,,,,,,
preowned-dc7770-160-11-po-1,Jordan 4 Retro Fire Red (2020) 11 (Pre-Owned),"Jordan 4 Retro Fire Red (2020)<br>SKU: DC7770-160<br>Size: 11M / 12.5W<br>Condition: Moderately Worn<br>Box Condition: Original Box<br>Release Date: 2020-11-28<br><br>All items are shipped out quickly with safe packaging.<br>Check our reviews to see the accuracy of conditions, speed of shipping &amp; quality of service.<br><br>Please DM if you have any questions or need any more information. Thank you!",Jordan,,Pre-Owned Sneakers,"jordan, moderately_worn, pre-owned",FALSE,Size,11M / 12.5W,,,,,,,,DC7770-160-11-PO-1,0,shopify,deny,manual,120,,TRUE,TRUE,,,,,7502637426,https://cdn.shopify.com/s/files/1/0674/5767/9557/files/1b5b5499-19da-4053-83e4-85b9d489bb46.jpg?v=1790804133,1,Jordan 4 Retro Fire Red (2020) 11 (Pre-Owned) - front,FALSE,,,,,,,,,,,,,,Pre-Owned,,,,,,,,,,,,,,,,,,,,,,,,,,,,,,,,,,,,lb,,,active,,,,
preowned-dc7770-160-11-po-1,,,,,,,,,,,,,,,,,,,,,,,,,,,,,,,https://cdn.shopify.com/s/files/1/0674/5767/9557/files/38954576-e076-46ae-a0b8-a2a4a450689c.jpg?v=1790804133,2,Jordan 4 Retro Fire Red (2020) 11 (Pre-Owned) - back,,,,,,,,,,,,,,,,,,,,,,,,,,,,,,,,,,,,,,,,,,,,,,,,,,,,,,,,,,
preowned-dc7770-160-11-po-1,,,,,,,,,,,,,,,,,,,,,,,,,,,,,,,https://cdn.shopify.com/s/files/1/0674/5767/9557/files/f55fb3b6-cd59-473f-83c4-83a410ad71c0.jpg?v=1790804133,3,Jordan 4 Retro Fire Red (2020) 11 (Pre-Owned) - tag,,,,,,,,,,,,,,,,,,,,,,,,,,,,,,,,,,,,,,,,,,,,,,,,,,,,,,,,,,
preowned-dc7770-160-11-po-1,,,,,,,,,,,,,,,,,,,,,,,,,,,,,,,https://cdn.shopify.com/s/files/1/0674/5767/9557/files/3ca6ca64-f086-40c7-bc84-2cd7874059c6.jpg?v=1790804133,4,Jordan 4 Retro Fire Red (2020) 11 (Pre-Owned) - aux,,,,,,,,,,,,,,,,,,,,,,,,,,,,,,,,,,,,,,,,,,,,,,,,,,,,,,,,,,
preowned-dc7770-160-11-po-1,,,,,,,,,,,,,,,,,,,,,,,,,,,,,,,https://cdn.shopify.com/s/files/1/0674/5767/9557/files/087e0a87-65b7-494a-9e83-912b6630e2ce.jpg?v=1790804133,5,Jordan 4 Retro Fire Red (2020) 11 (Pre-Owned) - aux,,,,,,,,,,,,,,,,,,,,,,,,,,,,,,,,,,,,,,,,,,,,,,,,,,,,,,,,,,
preowned-dc7770-160-11-po-1,,,,,,,,,,,,,,,,,,,,,,,,,,,,,,,https://cdn.shopify.com/s/files/1/0674/5767/9557/files/6022d155-ee82-44b7-b2d0-b4bcb70253c1.jpg?v=1790804133,6,Jordan 4 Retro Fire Red (2020) 11 (Pre-Owned) - aux,,,,,,,,,,,,,,,,,,,,,,,,,,,,,,,,,,,,,,,,,,,,,,,,,,,,,,,,,,
preowned-dc7770-160-11-po-1,,,,,,,,,,,,,,,,,,,,,,,,,,,,,,,https://cdn.shopify.com/s/files/1/0674/5767/9557/files/26ce07f1-04bf-457b-beec-ea36a4d5e256.jpg?v=1790804133,7,Jordan 4 Retro Fire Red (2020) 11 (Pre-Owned) - aux,,,,,,,,,,,,,,,,,,,,,,,,,,,,,,,,,,,,,,,,,,,,,,,,,,,,,,,,,,
preowned-dc7770-160-11-po-1,,,,,,,,,,,,,,,,,,,,,,,,,,,,,,,https://cdn.shopify.com/s/files/1/0674/5767/9557/files/fd773f4a-4750-4c08-a0b1-1bd64fd8e8bc.jpg?v=1790804133,8,Jordan 4 Retro Fire Red (2020) 11 (Pre-Owned) - aux,,,,,,,,,,,,,,,,,,,,,,,,,,,,,,,,,,,,,,,,,,,,,,,,,,,,,,,,,,
jordan-1-retro-high-sports-illustrated-a-star-is-born,Jordan 1 Retro High Sports Illustrated (A Star Is Born),"Jordan 1 Retro High Sports Illustrated (A Star Is Born)<br>SKU: 555088-015<br>Condition: New<br>Release Date: 2018-12-27<br><br>All items are shipped out quickly with safe packaging.<br>Check our reviews to see the accuracy of conditions, speed of shipping &amp; quality of service.<br><br>Please DM if you have any questions or need any more information. Thank you!",Jordan,,sneakers,Restock,TRUE,Size,7Y / 8.5W,,,,,,,,555088-015-7,0,shopify,deny,manual,0,,TRUE,TRUE,,,,,7964782269,https://cdn.shopify.com/s/files/1/0674/5767/9557/files/img01_d53cef28-92ac-4d5a-9618-6ff3bf53f138.jpg?v=1790116001,1,Jordan 1 Retro High Sports Illustrated (A Star Is Born),FALSE,,,,,,,,,,,,,,,,,,,,,,,,,,,,,,,,,,,,,,,,,,,,,,,,,,lb,,,active,,,,
jordan-1-retro-high-sports-illustrated-a-star-is-born,,,,,,,,,7.5M / 9W,,,,,,,,555088-015-7.5,0,shopify,deny,manual,0,,TRUE,TRUE,,,,,6843052949,,,,,,,,,,,,,,,,,,,,,,,,,,,,,,,,,,,,,,,,,,,,,,,,,,,,,,lb,,,,,,,
jordan-1-retro-high-sports-illustrated-a-star-is-born,,,,,,,,,8M / 9.5W,,,,,,,,555088-015-8,0,shopify,deny,manual,0,,TRUE,TRUE,,,,,1776162705,,,,,,,,,,,,,,,,,,,,,,,,,,,,,,,,,,,,,,,,,,,,,,,,,,,,,,lb,,,,,,,
jordan-1-retro-high-sports-illustrated-a-star-is-born,,,,,,,,,8.5M / 10W,,,,,,,,555088-015-8.5,0,shopify,deny,manual,0,,TRUE,TRUE,,,,,5695675482,,,,,,,,,,,,,,,,,,,,,,,,,,,,,,,,,,,,,,,,,,,,,,,,,,,,,,lb,,,,,,,
jordan-1-retro-high-sports-illustrated-a-star-is-born,,,,,,,,,9M / 10.5W,,,,,,,,555088-015-9,0,shopify,deny,manual,0,,TRUE,TRUE,,,,,5971269851,,,,,,,,,,,,,,,,,,,,,,,,,,,,,,,,,,,,,,,,,,,,,,,,,,,,,,lb,,,,,,,
jordan-1-retro-high-sports-illustrated-a-star-is-born,,,,,,,,,9.5M / 11W,,,,,,,,555088-015-9.5,0,shopify,deny,manual,0,,TRUE,TRUE,,,,,8919846616,,,,,,,,,,,,,,,,,,,,,,,,,,,,,,,,,,,,,,,,,,,,,,,,,,,,,,lb,,,,,,,
jordan-1-retro-high-sports-illustrated-a-star-is-born,,,,,,,,,10M / 11.5W,,,,,,,,555088-015-10,0,shopify,deny,manual,85,,TRUE,TRUE,,,,,0301140346,,,,,,,,,,,,,,,,,,,,,,,,,,,,,,,,,,,,,,,,,,,,,,,,,,,,,,lb,,,,,,,
jordan-1-retro-high-sports-illustrated-a-star-is-born,,,,,,,,,10.5M / 12W,,,,,,,,555088-015-10.5,0,shopify,deny,manual,0,,TRUE,TRUE,,,,,2539560245,,,,,,,,,,,,,,,,,,,,,,,,,,,,,,,,,,,,,,,,,,,,,,,,,,,,,,lb,,,,,,,
jordan-1-retro-high-sports-illustrated-a-star-is-born,,,,,,,,,11M / 12.5W,,,,,,,,555088-015-11,0,shopify,deny,manual,0,,TRUE,TRUE,,,,,8527204464,,,,,,,,,,,,,,,,,,,,,,,,,,,,,,,,,,,,,,,,,,,,,,,,,,,,,,lb,,,,,,,
jordan-1-retro-high-sports-illustrated-a-star-is-born,,,,,,,,,11.5M / 13W,,,,,,,,555088-015-11.5,0,shopify,deny,manual,0,,TRUE,TRUE,,,,,8924134080,,,,,,,,,,,,,,,,,,,,,,,,,,,,,,,,,,,,,,,,,,,,,,,,,,,,,,lb,,,,,,,
jordan-1-retro-high-sports-illustrated-a-star-is-born,,,,,,,,,12M / 13.5W,,,,,,,,555088-015-12,0,shopify,deny,manual,0,,TRUE,TRUE,,,,,7756001422,,,,,,,,,,,,,,,,,,,,,,,,,,,,,,,,,,,,,,,,,,,,,,,,,,,,,,lb,,,,,,,
jordan-1-retro-high-sports-illustrated-a-star-is-born,,,,,,,,,12.5M / 14W,,,,,,,,555088-015-12.5,0,shopify,deny,manual,0,,TRUE,TRUE,,,,,9730635041,,,,,,,,,,,,,,,,,,,,,,,,,,,,,,,,,,,,,,,,,,,,,,,,,,,,,,lb,,,,,,,
jordan-1-retro-high-sports-illustrated-a-star-is-born,,,,,,,,,13M / 14.5W,,,,,,,,555088-015-13,0,shopify,deny,manual,0,,TRUE,TRUE,,,,,2366210639,,,,,,,,,,,,,,,,,,,,,,,,,,,,,,,,,,,,,,,,,,,,,,,,,,,,,,lb,,,,,,,
jordan-1-retro-high-sports-illustrated-a-star-is-born,,,,,,,,,14M / 15.5W,,,,,,,,555088-015-14,0,shopify,deny,manual,0,,TRUE,TRUE,,,,,9659518507,,,,,,,,,,,,,,,,,,,,,,,,,,,,,,,,,,,,,,,,,,,,,,,,,,,,,,lb,,,,,,,
jordan-1-retro-high-sports-illustrated-a-star-is-born,,,,,,,,,15M / 16.5W,,,,,,,,555088-015-15,0,shopify,deny,manual,0,,TRUE,TRUE,,,,,8786556527,,,,,,,,,,,,,,,,,,,,,,,,,,,,,,,,,,,,,,,,,,,,,,,,,,,,,,lb,,,,,,,
jordan-1-retro-high-sports-illustrated-a-star-is-born,,,,,,,,,16M / 17.5W,,,,,,,,555088-015-16,0,shopify,deny,manual,0,,TRUE,TRUE,,,,,2156562665,,,,,,,,,,,,,,,,,,,,,,,,,,,,,,,,,,,,,,,,,,,,,,,,,,,,,,lb,,,,,,,
jordan-1-retro-high-sports-illustrated-a-star-is-born,,,,,,,,,17M / 18.5W,,,,,,,,555088-015-17,0,shopify,deny,manual,0,,TRUE,TRUE,,,,,1719022081,,,,,,,,,,,,,,,,,,,,,,,,,,,,,,,,,,,,,,,,,,,,,,,,,,,,,,lb,,,,,,,
jordan-1-retro-high-sports-illustrated-a-star-is-born,,,,,,,,,18M / 19.5W,,,,,,,,555088-015-18,0,shopify,deny,manual,0,,TRUE,TRUE,,,,,9536769302,,,,,,,,,,,,,,,,,,,,,,,,,,,,,,,,,,,,,,,,,,,,,,,,,,,,,,lb,,,,,,,
nikecraft-general-purpose-shoe-tom-sachs,NikeCraft General Purpose Shoe Tom Sachs,"NikeCraft General Purpose Shoe Tom Sachs<br>SKU: DA6672-200<br>Condition: New<br>Release Date: 2022-06-10<br><br>All items are shipped out quickly with safe packaging.<br>Check our reviews to see the accuracy of conditions, speed of shipping &amp; quality of service.<br><br>Please DM if you have any questions or need any more information. Thank you!",Nike,,sneakers,Restock,TRUE,Size,3.5Y / 5W,,,,,,,,DA6672-200-5W / 3.5M,0,shopify,deny,manual,0,,TRUE,TRUE,,,,,9525123571,https://cdn.shopify.com/s/files/1/0674/5767/9557/files/img01_1b49f1ab-0de5-4fbd-9c5e-7cd83084dd77.jpg?v=1790116003,1,NikeCraft General Purpose Shoe Tom Sachs,FALSE,,,,,,,,,,,,,,,,,,,,,,,,,,,,,,,,,,,,,,,,,,,,,,,,,,lb,,,active,,,,
nikecraft-general-purpose-shoe-tom-sachs,,,,,,,,,4Y / 5.5W,,,,,,,,DA6672-200-5.5W / 4M,0,shopify,deny,manual,0,,TRUE,TRUE,,,,,4387688948,,,,,,,,,,,,,,,,,,,,,,,,,,,,,,,,,,,,,,,,,,,,,,,,,,,,,,lb,,,,,,,
nikecraft-general-purpose-shoe-tom-sachs,,,,,,,,,4.5Y / 6W,,,,,,,,DA6672-200-6W / 4.5M,0,shopify,deny,manual,0,,TRUE,TRUE,,,,,1456311751,,,,,,,,,,,,,,,,,,,,,,,,,,,,,,,,,,,,,,,,,,,,,,,,,,,,,,lb,,,,,,,
nikecraft-general-purpose-shoe-tom-sachs,,,,,,,,,5Y / 6.5W,,,,,,,,DA6672-200-6.5W / 5M,0,shopify,deny,manual,0,,TRUE,TRUE,,,,,9569312044,,,,,,,,,,,,,,,,,,,,,,,,,,,,,,,,,,,,,,,,,,,,,,,,,,,,,,lb,,,,,,,
nikecraft-general-purpose-shoe-tom-sachs,,,,,,,,,5.5Y / 7W,,,,,,,,DA6672-200-7W / 5.5M,0,shopify,deny,manual,0,,TRUE,TRUE,,,,,8291132742,,,,,,,,,,,,,,,,,,,,,,,,,,,,,,,,,,,,,,,,,,,,,,,,,,,,,,lb,,,,,,,
nikecraft-general-purpose-shoe-tom-sachs,,,,,,,,,6Y / 7.5W,,,,,,,,DA6672-200-7.5W / 6M,0,shopify,deny,manual,0,,TRUE,TRUE,,,,,1947477907,,,,,,,,,,,,,,,,,,,,,,,,,,,,,,,,,,,,,,,,,,,,,,,,,,,,,,lb,,,,,,,
nikecraft-general-purpose-shoe-tom-sachs,,,,,,,,,6.5Y / 8W,,,,,,,,DA6672-200-8W / 6.5M,0,shopify,deny,manual,0,,TRUE,TRUE,,,,,2658849510,,,,,,,,,,,,,,,,,,,,,,,,,,,,,,,,,,,,,,,,,,,,,,,,,,,,,,lb,,,,,,,
nikecraft-general-purpose-shoe-tom-sachs,,,,,,,,,7Y / 8.5W,,,,,,,,DA6672-200-8.5W / 7M,0,shopify,deny,manual,0,,TRUE,TRUE,,,,,6179646129,,,,,,,,,,,,,,,,,,,,,,,,,,,,,,,,,,,,,,,,,,,,,,,,,,,,,,lb,,,,,,,
nikecraft-general-purpose-shoe-tom-sachs,,,,,,,,,7.5M / 9W,,,,,,,,DA6672-200-9W / 7.5M,0,shopify,deny,manual,0,,TRUE,TRUE,,,,,0315362638,,,,,,,,,,,,,,,,,,,,,,,,,,,,,,,,,,,,,,,,,,,,,,,,,,,,,,lb,,,,,,,
nikecraft-general-purpose-shoe-tom-sachs,,,,,,,,,8M / 9.5W,,,,,,,,DA6672-200-9.5W / 8M,0,shopify,deny,manual,0,,TRUE,TRUE,,,,,2637134670,,,,,,,,,,,,,,,,,,,,,,,,,,,,,,,,,,,,,,,,,,,,,,,,,,,,,,lb,,,,,,,
nikecraft-general-purpose-shoe-tom-sachs,,,,,,,,,8.5M / 10W,,,,,,,,DA6672-200-10W / 8.5M,0,shopify,deny,manual,0,,TRUE,TRUE,,,,,4396983040,,,,,,,,,,,,,,,,,,,,,,,,,,,,,,,,,,,,,,,,,,,,,,,,,,,,,,lb,,,,,,,
nikecraft-general-purpose-shoe-tom-sachs,,,,,,,,,9M / 10.5W,,,,,,,,DA6672-200-10.5W / 9M,0,shopify,deny,manual,145,,TRUE,TRUE,,,,,1466484950,,,,,,,,,,,,,,,,,,,,,,,,,,,,,,,,,,,,,,,,,,,,,,,,,,,,,,lb,,,,,,,
nikecraft-general-purpose-shoe-tom-sachs,,,,,,,,,9.5M / 11W,,,,,,,,DA6672-200-11W / 9.5M,0,shopify,deny,manual,0,,TRUE,TRUE,,,,,6885329936,,,,,,,,,,,,,,,,,,,,,,,,,,,,,,,,,,,,,,,,,,,,,,,,,,,,,,lb,,,,,,,
nikecraft-general-purpose-shoe-tom-sachs,,,,,,,,,10M / 11.5W,,,,,,,,DA6672-200-11.5W / 10M,0,shopify,deny,manual,0,,TRUE,TRUE,,,,,3222858034,,,,,,,,,,,,,,,,,,,,,,,,,,,,,,,,,,,,,,,,,,,,,,,,,,,,,,lb,,,,,,,
nikecraft-general-purpose-shoe-tom-sachs,,,,,,,,,10.5M / 12W,,,,,,,,DA6672-200-12W / 10.5M,0,shopify,deny,manual,0,,TRUE,TRUE,,,,,3387912267,,,,,,,,,,,,,,,,,,,,,,,,,,,,,,,,,,,,,,,,,,,,,,,,,,,,,,lb,,,,,,,
nikecraft-general-purpose-shoe-tom-sachs,,,,,,,,,11M / 12.5W,,,,,,,,DA6672-200-12.5W / 11M,0,shopify,deny,manual,0,,TRUE,TRUE,,,,,3270006876,,,,,,,,,,,,,,,,,,,,,,,,,,,,,,,,,,,,,,,,,,,,,,,,,,,,,,lb,,,,,,,
nikecraft-general-purpose-shoe-tom-sachs,,,,,,,,,11.5M / 13W,,,,,,,,DA6672-200-13W / 11.5M,0,shopify,deny,manual,0,,TRUE,TRUE,,,,,3687628319,,,,,,,,,,,,,,,,,,,,,,,,,,,,,,,,,,,,,,,,,,,,,,,,,,,,,,lb,,,,,,,
nikecraft-general-purpose-shoe-tom-sachs,,,,,,,,,12M / 13.5W,,,,,,,,DA6672-200-13.5W / 12M,0,shopify,deny,manual,0,,TRUE,TRUE,,,,,6455103241,,,,,,,,,,,,,,,,,,,,,,,,,,,,,,,,,,,,,,,,,,,,,,,,,,,,,,lb,,,,,,,
nikecraft-general-purpose-shoe-tom-sachs,,,,,,,,,12.5M / 14W,,,,,,,,DA6672-200-14W / 12.5M,0,shopify,deny,manual,0,,TRUE,TRUE,,,,,4924744941,,,,,,,,,,,,,,,,,,,,,,,,,,,,,,,,,,,,,,,,,,,,,,,,,,,,,,lb,,,,,,,
nikecraft-general-purpose-shoe-tom-sachs,,,,,,,,,13M / 14.5W,,,,,,,,DA6672-200-14.5W / 13M,0,shopify,deny,manual,0,,TRUE,TRUE,,,,,5004421712,,,,,,,,,,,,,,,,,,,,,,,,,,,,,,,,,,,,,,,,,,,,,,,,,,,,,,lb,,,,,,,
nikecraft-general-purpose-shoe-tom-sachs,,,,,,,,,14M / 15.5W,,,,,,,,DA6672-200-15.5W / 14M,0,shopify,deny,manual,0,,TRUE,TRUE,,,,,2885948440,,,,,,,,,,,,,,,,,,,,,,,,,,,,,,,,,,,,,,,,,,,,,,,,,,,,,,lb,,,,,,,
nikecraft-general-purpose-shoe-tom-sachs,,,,,,,,,15M / 16.5W,,,,,,,,DA6672-200-16.5W / 15M,0,shopify,deny,manual,0,,TRUE,TRUE,,,,,1645283389,,,,,,,,,,,,,,,,,,,,,,,,,,,,,,,,,,,,,,,,,,,,,,,,,,,,,,lb,,,,,,,
asics-gel-kayano-14-sneaker-politics-just-say-no,ASICS Gel-Kayano 14 Sneaker Politics Just Say No,"ASICS Gel-Kayano 14 Sneaker Politics Just Say No<br>SKU: 1203A692-100<br>Condition: New<br>Release Date: 2025-03-22<br><br>All items are shipped out quickly with safe packaging.<br>Check our reviews to see the accuracy of conditions, speed of shipping &amp; quality of service.<br><br>Please DM if you have any questions or need any more information. Thank you!",ASICS,,sneakers,Restock,TRUE,Size,3.5Y / 5W,,,,,,,,1203A692-100-3.5,0,shopify,deny,manual,0,,TRUE,TRUE,,,,,1033454117,https://cdn.shopify.com/s/files/1/0674/5767/9557/files/img01_e7394043-607e-49da-8569-cd72b5bce1d3.jpg?v=1790116004,1,ASICS Gel-Kayano 14 Sneaker Politics Just Say No,FALSE,,,,,,,,,,,,,,,,,,,,,,,,,,,,,,,,,,,,,,,,,,,,,,,,,,lb,,,active,,,,
asics-gel-kayano-14-sneaker-politics-just-say-no,,,,,,,,,4Y / 5.5W,,,,,,,,1203A692-100-4,0,shopify,deny,manual,0,,TRUE,TRUE,,,,,6495795480,,,,,,,,,,,,,,,,,,,,,,,,,,,,,,,,,,,,,,,,,,,,,,,,,,,,,,lb,,,,,,,
asics-gel-kayano-14-sneaker-politics-just-say-no,,,,,,,,,4.5Y / 6W,,,,,,,,1203A692-100-4.5,0,shopify,deny,manual,0,,TRUE,TRUE,,,,,6728796386,,,,,,,,,,,,,,,,,,,,,,,,,,,,,,,,,,,,,,,,,,,,,,,,,,,,,,lb,,,,,,,
asics-gel-kayano-14-sneaker-politics-just-say-no,,,,,,,,,5Y / 6.5W,,,,,,,,1203A692-100-5,0,shopify,deny,manual,0,,TRUE,TRUE,,,,,5108734836,,,,,,,,,,,,,,,,,,,,,,,,,,,,,,,,,,,,,,,,,,,,,,,,,,,,,,lb,,,,,,,
asics-gel-kayano-14-sneaker-politics-just-say-no,,,,,,,,,5.5Y / 7W,,,,,,,,1203A692-100-5.5,0,shopify,deny,manual,0,,TRUE,TRUE,,,,,2926036972,,,,,,,,,,,,,,,,,,,,,,,,,,,,,,,,,,,,,,,,,,,,,,,,,,,,,,lb,,,,,,,
asics-gel-kayano-14-sneaker-politics-just-say-no,,,,,,,,,6Y / 7.5W,,,,,,,,1203A692-100-6,0,shopify,deny,manual,0,,TRUE,TRUE,,,,,6869498840,,,,,,,,,,,,,,,,,,,,,,,,,,,,,,,,,,,,,,,,,,,,,,,,,,,,,,lb,,,,,,,
asics-gel-kayano-14-sneaker-politics-just-say-no,,,,,,,,,6.5Y / 8W,,,,,,,,1203A692-100-6.5,0,shopify,deny,manual,0,,TRUE,TRUE,,,,,7266746068,,,,,,,,,,,,,,,,,,,,,,,,,,,,,,,,,,,,,,,,,,,,,,,,,,,,,,lb,,,,,,,
asics-gel-kayano-14-sneaker-politics-just-say-no,,,,,,,,,7Y / 8.5W,,,,,,,,1203A692-100-7,0,shopify,deny,manual,275,,TRUE,TRUE,,,,,7890122008,,,,,,,,,,,,,,,,,,,,,,,,,,,,,,,,,,,,,,,,,,,,,,,,,,,,,,lb,,,,,,,
asics-gel-kayano-14-sneaker-politics-just-say-no,,,,,,,,,7.5M / 9W,,,,,,,,1203A692-100-7.5,0,shopify,deny,manual,0,,TRUE,TRUE,,,,,1515953605,,,,,,,,,,,,,,,,,,,,,,,,,,,,,,,,,,,,,,,,,,,,,,,,,,,,,,lb,,,,,,,
asics-gel-kayano-14-sneaker-politics-just-say-no,,,,,,,,,8M / 9.5W,,,,,,,,1203A692-100-8,0,shopify,deny,manual,0,,TRUE,TRUE,,,,,9729895324,,,,,,,,,,,,,,,,,,,,,,,,,,,,,,,,,,,,,,,,,,,,,,,,,,,,,,lb,,,,,,,
asics-gel-kayano-14-sneaker-politics-just-say-no,,,,,,,,,8.5M / 10W,,,,,,,,1203A692-100-8.5,0,shopify,deny,manual,0,,TRUE,TRUE,,,,,9301825936,,,,,,,,,,,,,,,,,,,,,,,,,,,,,,,,,,,,,,,,,,,,,,,,,,,,,,lb,,,,,,,
asics-gel-kayano-14-sneaker-politics-just-say-no,,,,,,,,,9M / 10.5W,,,,,,,,1203A692-100-9,0,shopify,deny,manual,0,,TRUE,TRUE,,,,,0725595124,,,,,,,,,,,,,,,,,,,,,,,,,,,,,,,,,,,,,,,,,,,,,,,,,,,,,,lb,,,,,,,
asics-gel-kayano-14-sneaker-politics-just-say-no,,,,,,,,,9.5M / 11W,,,,,,,,1203A692-100-9.5,0,shopify,deny,manual,0,,TRUE,TRUE,,,,,3678093355,,,,,,,,,,,,,,,,,,,,,,,,,,,,,,,,,,,,,,,,,,,,,,,,,,,,,,lb,,,,,,,
asics-gel-kayano-14-sneaker-politics-just-say-no,,,,,,,,,10M / 11.5W,,,,,,,,1203A692-100-10,0,shopify,deny,manual,0,,TRUE,TRUE,,,,,2043456815,,,,,,,,,,,,,,,,,,,,,,,,,,,,,,,,,,,,,,,,,,,,,,,,,,,,,,lb,,,,,,,
asics-gel-kayano-14-sneaker-politics-just-say-no,,,,,,,,,10.5M / 12W,,,,,,,,1203A692-100-10.5,0,shopify,deny,manual,0,,TRUE,TRUE,,,,,9342201526,,,,,,,,,,,,,,,,,,,,,,,,,,,,,,,,,,,,,,,,,,,,,,,,,,,,,,lb,,,,,,,
asics-gel-kayano-14-sneaker-politics-just-say-no,,,,,,,,,11M / 12.5W,,,,,,,,1203A692-100-11,0,shopify,deny,manual,0,,TRUE,TRUE,,,,,4641519083,,,,,,,,,,,,,,,,,,,,,,,,,,,,,,,,,,,,,,,,,,,,,,,,,,,,,,lb,,,,,,,
asics-gel-kayano-14-sneaker-politics-just-say-no,,,,,,,,,11.5M / 13W,,,,,,,,1203A692-100-11.5,0,shopify,deny,manual,0,,TRUE,TRUE,,,,,9469021779,,,,,,,,,,,,,,,,,,,,,,,,,,,,,,,,,,,,,,,,,,,,,,,,,,,,,,lb,,,,,,,
asics-gel-kayano-14-sneaker-politics-just-say-no,,,,,,,,,12M / 13.5W,,,,,,,,1203A692-100-12,0,shopify,deny,manual,0,,TRUE,TRUE,,,,,2801798888,,,,,,,,,,,,,,,,,,,,,,,,,,,,,,,,,,,,,,,,,,,,,,,,,,,,,,lb,,,,,,,
asics-gel-kayano-14-sneaker-politics-just-say-no,,,,,,,,,13M / 14.5W,,,,,,,,1203A692-100-13,0,shopify,deny,manual,0,,TRUE,TRUE,,,,,1930274398,,,,,,,,,,,,,,,,,,,,,,,,,,,,,,,,,,,,,,,,,,,,,,,,,,,,,,lb,,,,,,,
asics-gel-kayano-14-sneaker-politics-just-say-no,,,,,,,,,14M / 15.5W,,,,,,,,1203A692-100-14,0,shopify,deny,manual,0,,TRUE,TRUE,,,,,8705973105,,,,,,,,,,,,,,,,,,,,,,,,,,,,,,,,,,,,,,,,,,,,,,,,,,,,,,lb,,,,,,,
nike-air-huarache-stussy-dark-olive-2021,Nike Air Huarache Stussy Dark Olive (2021),"Nike Air Huarache Stussy Dark Olive (2021)<br>SKU: DD1381-300<br>Condition: New<br>Release Date: 2021-02-12<br><br>All items are shipped out quickly with safe packaging.<br>Check our reviews to see the accuracy of conditions, speed of shipping &amp; quality of service.<br><br>Please DM if you have any questions or need any more information. Thank you!",Nike,,sneakers,Restock,TRUE,Size,4Y / 5.5W,,,,,,,,DD1381-300-4,0,shopify,deny,manual,0,,TRUE,TRUE,,,,,3912048219,https://cdn.shopify.com/s/files/1/0674/5767/9557/files/Nike-Air-Huarache-LE-Stussy-Dark-Olive-2021-Product.jpg?v=1790116005,1,Nike Air Huarache Stussy Dark Olive (2021),FALSE,,,,,,,,,,,,,,,,,,,,,,,,,,,,,,,,,,,,,,,,,,,,,,,,,,lb,,,active,,,,
nike-air-huarache-stussy-dark-olive-2021,,,,,,,,,4.5Y / 6W,,,,,,,,DD1381-300-4.5,0,shopify,deny,manual,0,,TRUE,TRUE,,,,,8517301400,,,,,,,,,,,,,,,,,,,,,,,,,,,,,,,,,,,,,,,,,,,,,,,,,,,,,,lb,,,,,,,
nike-air-huarache-stussy-dark-olive-2021,,,,,,,,,5Y / 6.5W,,,,,,,,DD1381-300-5,0,shopify,deny,manual,0,,TRUE,TRUE,,,,,5882080612,,,,,,,,,,,,,,,,,,,,,,,,,,,,,,,,,,,,,,,,,,,,,,,,,,,,,,lb,,,,,,,
nike-air-huarache-stussy-dark-olive-2021,,,,,,,,,5.5Y / 7W,,,,,,,,DD1381-300-5.5,0,shopify,deny,manual,0,,TRUE,TRUE,,,,,6666939055,,,,,,,,,,,,,,,,,,,,,,,,,,,,,,,,,,,,,,,,,,,,,,,,,,,,,,lb,,,,,,,
nike-air-huarache-stussy-dark-olive-2021,,,,,,,,,6Y / 7.5W,,,,,,,,DD1381-300-6,0,shopify,deny,manual,0,,TRUE,TRUE,,,,,0021999591,,,,,,,,,,,,,,,,,,,,,,,,,,,,,,,,,,,,,,,,,,,,,,,,,,,,,,lb,,,,,,,
nike-air-huarache-stussy-dark-olive-2021,,,,,,,,,6.5Y / 8W,,,,,,,,DD1381-300-6.5,0,shopify,deny,manual,0,,TRUE,TRUE,,,,,6625267952,,,,,,,,,,,,,,,,,,,,,,,,,,,,,,,,,,,,,,,,,,,,,,,,,,,,,,lb,,,,,,,
nike-air-huarache-stussy-dark-olive-2021,,,,,,,,,7Y / 8.5W,,,,,,,,DD1381-300-7,0,shopify,deny,manual,0,,TRUE,TRUE,,,,,7621436472,,,,,,,,,,,,,,,,,,,,,,,,,,,,,,,,,,,,,,,,,,,,,,,,,,,,,,lb,,,,,,,
nike-air-huarache-stussy-dark-olive-2021,,,,,,,,,7.5M / 9W,,,,,,,,DD1381-300-7.5,0,shopify,deny,manual,0,,TRUE,TRUE,,,,,9986244787,,,,,,,,,,,,,,,,,,,,,,,,,,,,,,,,,,,,,,,,,,,,,,,,,,,,,,lb,,,,,,,
nike-air-huarache-stussy-dark-olive-2021,,,,,,,,,8M / 9.5W,,,,,,,,DD1381-300-8,0,shopify,deny,manual,0,,TRUE,TRUE,,,,,3982648790,,,,,,,,,,,,,,,,,,,,,,,,,,,,,,,,,,,,,,,,,,,,,,,,,,,,,,lb,,,,,,,
nike-air-huarache-stussy-dark-olive-2021,,,,,,,,,8.5M / 10W,,,,,,,,DD1381-300-8.5,0,shopify,deny,manual,80,,TRUE,TRUE,,,,,2880438249,,,,,,,,,,,,,,,,,,,,,,,,,,,,,,,,,,,,,,,,,,,,,,,,,,,,,,lb,,,,,,,
nike-air-huarache-stussy-dark-olive-2021,,,,,,,,,9M / 10.5W,,,,,,,,DD1381-300-9,0,shopify,deny,manual,0,,TRUE,TRUE,,,,,1573560401,,,,,,,,,,,,,,,,,,,,,,,,,,,,,,,,,,,,,,,,,,,,,,,,,,,,,,lb,,,,,,,
nike-air-huarache-stussy-dark-olive-2021,,,,,,,,,9.5M / 11W,,,,,,,,DD1381-300-9.5,0,shopify,deny,manual,0,,TRUE,TRUE,,,,,5580346865,,,,,,,,,,,,,,,,,,,,,,,,,,,,,,,,,,,,,,,,,,,,,,,,,,,,,,lb,,,,,,,
nike-air-huarache-stussy-dark-olive-2021,,,,,,,,,10M / 11.5W,,,,,,,,DD1381-300-10,0,shopify,deny,manual,0,,TRUE,TRUE,,,,,2854615579,,,,,,,,,,,,,,,,,,,,,,,,,,,,,,,,,,,,,,,,,,,,,,,,,,,,,,lb,,,,,,,
nike-air-huarache-stussy-dark-olive-2021,,,,,,,,,10.5M / 12W,,,,,,,,DD1381-300-10.5,0,shopify,deny,manual,0,,TRUE,TRUE,,,,,7539401674,,,,,,,,,,,,,,,,,,,,,,,,,,,,,,,,,,,,,,,,,,,,,,,,,,,,,,lb,,,,,,,
nike-air-huarache-stussy-dark-olive-2021,,,,,,,,,11M / 12.5W,,,,,,,,DD1381-300-11,0,shopify,deny,manual,0,,TRUE,TRUE,,,,,2450310050,,,,,,,,,,,,,,,,,,,,,,,,,,,,,,,,,,,,,,,,,,,,,,,,,,,,,,lb,,,,,,,
nike-air-huarache-stussy-dark-olive-2021,,,,,,,,,11.5M / 13W,,,,,,,,DD1381-300-11.5,0,shopify,deny,manual,0,,TRUE,TRUE,,,,,8433826882,,,,,,,,,,,,,,,,,,,,,,,,,,,,,,,,,,,,,,,,,,,,,,,,,,,,,,lb,,,,,,,
nike-air-huarache-stussy-dark-olive-2021,,,,,,,,,12M / 13.5W,,,,,,,,DD1381-300-12,0,shopify,deny,manual,0,,TRUE,TRUE,,,,,3935061522,,,,,,,,,,,,,,,,,,,,,,,,,,,,,,,,,,,,,,,,,,,,,,,,,,,,,,lb,,,,,,,
nike-air-huarache-stussy-dark-olive-2021,,,,,,,,,12.5M / 14W,,,,,,,,DD1381-300-12.5,0,shopify,deny,manual,0,,TRUE,TRUE,,,,,1743172233,,,,,,,,,,,,,,,,,,,,,,,,,,,,,,,,,,,,,,,,,,,,,,,,,,,,,,lb,,,,,,,
nike-air-huarache-stussy-dark-olive-2021,,,,,,,,,13M / 14.5W,,,,,,,,DD1381-300-13,0,shopify,deny,manual,0,,TRUE,TRUE,,,,,7379561860,,,,,,,,,,,,,,,,,,,,,,,,,,,,,,,,,,,,,,,,,,,,,,,,,,,,,,lb,,,,,,,
nike-air-huarache-stussy-dark-olive-2021,,,,,,,,,14M / 15.5W,,,,,,,,DD1381-300-14,0,shopify,deny,manual,0,,TRUE,TRUE,,,,,7330663617,,,,,,,,,,,,,,,,,,,,,,,,,,,,,,,,,,,,,,,,,,,,,,,,,,,,,,lb,,,,,,,
nike-air-huarache-stussy-dark-olive-2021,,,,,,,,,15M / 16.5W,,,,,,,,DD1381-300-15,0,shopify,deny,manual,0,,TRUE,TRUE,,,,,4697156289,,,,,,,,,,,,,,,,,,,,,,,,,,,,,,,,,,,,,,,,,,,,,,,,,,,,,,lb,,,,,,,
nike-jordan-air-ship-pe-sp-a-ma-maniere-green-stone,Nike Jordan Air Ship PE SP A Ma Maniére Green Stone,"Nike Jordan Air Ship PE SP A Ma Maniére Green Stone<br>SKU: FQ2942-100<br>Condition: New<br>Release Date: 2024-03-22<br><br>All items are shipped out quickly with safe packaging.<br>Check our reviews to see the accuracy of conditions, speed of shipping &amp; quality of service.<br><br>Please DM if you have any questions or need any more information. Thank you!",Jordan,,sneakers,Restock,TRUE,Size,4Y / 5.5W,,,,,,,,FQ2942-100-4,0,shopify,deny,manual,0,,TRUE,TRUE,,,,,6620519054,https://cdn.shopify.com/s/files/1/0674/5767/9557/files/img01_9ea215e5-97d2-4c30-8562-72078fc33ca8.jpg?v=1790116006,1,Nike Jordan Air Ship PE SP A Ma Maniére Green Stone,FALSE,,,,,,,,,,,,,,,,,,,,,,,,,,,,,,,,,,,,,,,,,,,,,,,,,,lb,,,active,,,,
nike-jordan-air-ship-pe-sp-a-ma-maniere-green-stone,,,,,,,,,4.5Y / 6W,,,,,,,,FQ2942-100-4.5,0,shopify,deny,manual,0,,TRUE,TRUE,,,,,9867601422,,,,,,,,,,,,,,,,,,,,,,,,,,,,,,,,,,,,,,,,,,,,,,,,,,,,,,lb,,,,,,,
nike-jordan-air-ship-pe-sp-a-ma-maniere-green-stone,,,,,,,,,5Y / 6.5W,,,,,,,,FQ2942-100-5,0,shopify,deny,manual,0,,TRUE,TRUE,,,,,0615969031,,,,,,,,,,,,,,,,,,,,,,,,,,,,,,,,,,,,,,,,,,,,,,,,,,,,,,lb,,,,,,,
nike-jordan-air-ship-pe-sp-a-ma-maniere-green-stone,,,,,,,,,5.5Y / 7W,,,,,,,,FQ2942-100-5.5,0,shopify,deny,manual,0,,TRUE,TRUE,,,,,2454654170,,,,,,,,,,,,,,,,,,,,,,,,,,,,,,,,,,,,,,,,,,,,,,,,,,,,,,lb,,,,,,,
nike-jordan-air-ship-pe-sp-a-ma-maniere-green-stone,,,,,,,,,6Y / 7.5W,,,,,,,,FQ2942-100-6,0,shopify,deny,manual,0,,TRUE,TRUE,,,,,0257978238,,,,,,,,,,,,,,,,,,,,,,,,,,,,,,,,,,,,,,,,,,,,,,,,,,,,,,lb,,,,,,,
nike-jordan-air-ship-pe-sp-a-ma-maniere-green-stone,,,,,,,,,6.5Y / 8W,,,,,,,,FQ2942-100-6.5,0,shopify,deny,manual,0,,TRUE,TRUE,,,,,8909382555,,,,,,,,,,,,,,,,,,,,,,,,,,,,,,,,,,,,,,,,,,,,,,,,,,,,,,lb,,,,,,,
nike-jordan-air-ship-pe-sp-a-ma-maniere-green-stone,,,,,,,,,7Y / 8.5W,,,,,,,,FQ2942-100-7,0,shopify,deny,manual,0,,TRUE,TRUE,,,,,7302869211,,,,,,,,,,,,,,,,,,,,,,,,,,,,,,,,,,,,,,,,,,,,,,,,,,,,,,lb,,,,,,,
nike-jordan-air-ship-pe-sp-a-ma-maniere-green-stone,,,,,,,,,7.5M / 9W,,,,,,,,FQ2942-100-7.5,0,shopify,deny,manual,0,,TRUE,TRUE,,,,,3552620585,,,,,,,,,,,,,,,,,,,,,,,,,,,,,,,,,,,,,,,,,,,,,,,,,,,,,,lb,,,,,,,
nike-jordan-air-ship-pe-sp-a-ma-maniere-green-stone,,,,,,,,,8M / 9.5W,,,,,,,,FQ2942-100-8,0,shopify,deny,manual,0,,TRUE,TRUE,,,,,2081458501,,,,,,,,,,,,,,,,,,,,,,,,,,,,,,,,,,,,,,,,,,,,,,,,,,,,,,lb,,,,,,,
nike-jordan-air-ship-pe-sp-a-ma-maniere-green-stone,,,,,,,,,8.5M / 10W,,,,,,,,FQ2942-100-8.5,0,shopify,deny,manual,0,,TRUE,TRUE,,,,,2039353626,,,,,,,,,,,,,,,,,,,,,,,,,,,,,,,,,,,,,,,,,,,,,,,,,,,,,,lb,,,,,,,
nike-jordan-air-ship-pe-sp-a-ma-maniere-green-stone,,,,,,,,,9M / 10.5W,,,,,,,,FQ2942-100-9,0,shopify,deny,manual,0,,TRUE,TRUE,,,,,4400960577,,,,,,,,,,,,,,,,,,,,,,,,,,,,,,,,,,,,,,,,,,,,,,,,,,,,,,lb,,,,,,,
nike-jordan-air-ship-pe-sp-a-ma-maniere-green-stone,,,,,,,,,9.5M / 11W,,,,,,,,FQ2942-100-9.5,0,shopify,deny,manual,95,,TRUE,TRUE,,,,,5045823141,,,,,,,,,,,,,,,,,,,,,,,,,,,,,,,,,,,,,,,,,,,,,,,,,,,,,,lb,,,,,,,
nike-jordan-air-ship-pe-sp-a-ma-maniere-green-stone,,,,,,,,,10M / 11.5W,,,,,,,,FQ2942-100-10,0,shopify,deny,manual,0,,TRUE,TRUE,,,,,5584109378,,,,,,,,,,,,,,,,,,,,,,,,,,,,,,,,,,,,,,,,,,,,,,,,,,,,,,lb,,,,,,,
nike-jordan-air-ship-pe-sp-a-ma-maniere-green-stone,,,,,,,,,10.5M / 12W,,,,,,,,FQ2942-100-10.5,0,shopify,deny,manual,0,,TRUE,TRUE,,,,,9966671912,,,,,,,,,,,,,,,,,,,,,,,,,,,,,,,,,,,,,,,,,,,,,,,,,,,,,,lb,,,,,,,
nike-jordan-air-ship-pe-sp-a-ma-maniere-green-stone,,,,,,,,,11M / 12.5W,,,,,,,,FQ2942-100-11,0,shopify,deny,manual,0,,TRUE,TRUE,,,,,9665624835,,,,,,,,,,,,,,,,,,,,,,,,,,,,,,,,,,,,,,,,,,,,,,,,,,,,,,lb,,,,,,,
nike-jordan-air-ship-pe-sp-a-ma-maniere-green-stone,,,,,,,,,11.5M / 13W,,,,,,,,FQ2942-100-11.5,0,shopify,deny,manual,0,,TRUE,TRUE,,,,,9039656200,,,,,,,,,,,,,,,,,,,,,,,,,,,,,,,,,,,,,,,,,,,,,,,,,,,,,,lb,,,,,,,
nike-jordan-air-ship-pe-sp-a-ma-maniere-green-stone,,,,,,,,,12M / 13.5W,,,,,,,,FQ2942-100-12,0,shopify,deny,manual,0,,TRUE,TRUE,,,,,9535933494,,,,,,,,,,,,,,,,,,,,,,,,,,,,,,,,,,,,,,,,,,,,,,,,,,,,,,lb,,,,,,,
nike-jordan-air-ship-pe-sp-a-ma-maniere-green-stone,,,,,,,,,12.5M / 14W,,,,,,,,FQ2942-100-12.5,0,shopify,deny,manual,0,,TRUE,TRUE,,,,,6625898180,,,,,,,,,,,,,,,,,,,,,,,,,,,,,,,,,,,,,,,,,,,,,,,,,,,,,,lb,,,,,,,
nike-jordan-air-ship-pe-sp-a-ma-maniere-green-stone,,,,,,,,,13M / 14.5W,,,,,,,,FQ2942-100-13,0,shopify,deny,manual,0,,TRUE,TRUE,,,,,3001311205,,,,,,,,,,,,,,,,,,,,,,,,,,,,,,,,,,,,,,,,,,,,,,,,,,,,,,lb,,,,,,,
nike-jordan-air-ship-pe-sp-a-ma-maniere-green-stone,,,,,,,,,14M / 15.5W,,,,,,,,FQ2942-100-14,0,shopify,deny,manual,0,,TRUE,TRUE,,,,,1642481585,,,,,,,,,,,,,,,,,,,,,,,,,,,,,,,,,,,,,,,,,,,,,,,,,,,,,,lb,,,,,,,
nike-jordan-air-ship-pe-sp-a-ma-maniere-green-stone,,,,,,,,,15M / 16.5W,,,,,,,,FQ2942-100-15,0,shopify,deny,manual,0,,TRUE,TRUE,,,,,5209330871,,,,,,,,,,,,,,,,,,,,,,,,,,,,,,,,,,,,,,,,,,,,,,,,,,,,,,lb,,,,,,,
puma-abc-x-fantastic-four-mystery-sneaker-the-thing,Puma Abc. x Fantastic Four Mystery Sneaker The Thing,"Puma Abc. x Fantastic Four Mystery Sneaker The Thing<br>SKU: PAXFFMST-A94<br>Condition: New<br>Release Date: 2025-07-28<br><br>All items are shipped out quickly with safe packaging.<br>Check our reviews to see the accuracy of conditions, speed of shipping &amp; quality of service.<br><br>Please DM if you have any questions or need any more information. Thank you!",Puma,,sneakers,Restock,TRUE,Size,4Y / 5.5W,,,,,,,,PAXFFMST-A94-4,0,shopify,deny,manual,0,,TRUE,TRUE,,,,,3315117116,https://cdn.shopify.com/s/files/1/0674/5767/9557/files/img01_84b2d9c8-3a23-4cb9-a1cf-d381b6ec295d.jpg?v=1790116008,1,Puma Abc. x Fantastic Four Mystery Sneaker The Thing,FALSE,,,,,,,,,,,,,,,,,,,,,,,,,,,,,,,,,,,,,,,,,,,,,,,,,,lb,,,active,,,,
puma-abc-x-fantastic-four-mystery-sneaker-the-thing,,,,,,,,,4.5Y / 6W,,,,,,,,PAXFFMST-A94-4.5,0,shopify,deny,manual,0,,TRUE,TRUE,,,,,2929140795,,,,,,,,,,,,,,,,,,,,,,,,,,,,,,,,,,,,,,,,,,,,,,,,,,,,,,lb,,,,,,,
puma-abc-x-fantastic-four-mystery-sneaker-the-thing,,,,,,,,,5Y / 6.5W,,,,,,,,PAXFFMST-A94-5,0,shopify,deny,manual,0,,TRUE,TRUE,,,,,8563163549,,,,,,,,,,,,,,,,,,,,,,,,,,,,,,,,,,,,,,,,,,,,,,,,,,,,,,lb,,,,,,,
puma-abc-x-fantastic-four-mystery-sneaker-the-thing,,,,,,,,,5.5Y / 7W,,,,,,,,PAXFFMST-A94-5.5,0,shopify,deny,manual,0,,TRUE,TRUE,,,,,8041608641,,,,,,,,,,,,,,,,,,,,,,,,,,,,,,,,,,,,,,,,,,,,,,,,,,,,,,lb,,,,,,,
puma-abc-x-fantastic-four-mystery-sneaker-the-thing,,,,,,,,,6Y / 7.5W,,,,,,,,PAXFFMST-A94-6,0,shopify,deny,manual,0,,TRUE,TRUE,,,,,9381240608,,,,,,,,,,,,,,,,,,,,,,,,,,,,,,,,,,,,,,,,,,,,,,,,,,,,,,lb,,,,,,,
puma-abc-x-fantastic-four-mystery-sneaker-the-thing,,,,,,,,,6.5Y / 8W,,,,,,,,PAXFFMST-A94-6.5,0,shopify,deny,manual,0,,TRUE,TRUE,,,,,3315030773,,,,,,,,,,,,,,,,,,,,,,,,,,,,,,,,,,,,,,,,,,,,,,,,,,,,,,lb,,,,,,,
puma-abc-x-fantastic-four-mystery-sneaker-the-thing,,,,,,,,,7Y / 8.5W,,,,,,,,PAXFFMST-A94-7,0,shopify,deny,manual,0,,TRUE,TRUE,,,,,6477103236,,,,,,,,,,,,,,,,,,,,,,,,,,,,,,,,,,,,,,,,,,,,,,,,,,,,,,lb,,,,,,,
puma-abc-x-fantastic-four-mystery-sneaker-the-thing,,,,,,,,,7.5M / 9W,,,,,,,,PAXFFMST-A94-7.5,0,shopify,deny,manual,0,,TRUE,TRUE,,,,,7315736445,,,,,,,,,,,,,,,,,,,,,,,,,,,,,,,,,,,,,,,,,,,,,,,,,,,,,,lb,,,,,,,
puma-abc-x-fantastic-four-mystery-sneaker-the-thing,,,,,,,,,8M / 9.5W,,,,,,,,PAXFFMST-A94-8,0,shopify,deny,manual,0,,TRUE,TRUE,,,,,8719641752,,,,,,,,,,,,,,,,,,,,,,,,,,,,,,,,,,,,,,,,,,,,,,,,,,,,,,lb,,,,,,,
puma-abc-x-fantastic-four-mystery-sneaker-the-thing,,,,,,,,,8.5M / 10W,,,,,,,,PAXFFMST-A94-8.5,0,shopify,deny,manual,0,,TRUE,TRUE,,,,,1167186227,,,,,,,,,,,,,,,,,,,,,,,,,,,,,,,,,,,,,,,,,,,,,,,,,,,,,,lb,,,,,,,
puma-abc-x-fantastic-four-mystery-sneaker-the-thing,,,,,,,,,9M / 10.5W,,,,,,,,PAXFFMST-A94-9,0,shopify,deny,manual,0,,TRUE,TRUE,,,,,7261155161,,,,,,,,,,,,,,,,,,,,,,,,,,,,,,,,,,,,,,,,,,,,,,,,,,,,,,lb,,,,,,,
puma-abc-x-fantastic-four-mystery-sneaker-the-thing,,,,,,,,,9.5M / 11W,,,,,,,,PAXFFMST-A94-9.5,0,shopify,deny,manual,0,,TRUE,TRUE,,,,,3272120328,,,,,,,,,,,,,,,,,,,,,,,,,,,,,,,,,,,,,,,,,,,,,,,,,,,,,,lb,,,,,,,
puma-abc-x-fantastic-four-mystery-sneaker-the-thing,,,,,,,,,10M / 11.5W,,,,,,,,PAXFFMST-A94-10,0,shopify,deny,manual,0,,TRUE,TRUE,,,,,0751845564,,,,,,,,,,,,,,,,,,,,,,,,,,,,,,,,,,,,,,,,,,,,,,,,,,,,,,lb,,,,,,,
puma-abc-x-fantastic-four-mystery-sneaker-the-thing,,,,,,,,,10.5M / 12W,,,,,,,,PAXFFMST-A94-10.5,0,shopify,deny,manual,0,,TRUE,TRUE,,,,,6360372527,,,,,,,,,,,,,,,,,,,,,,,,,,,,,,,,,,,,,,,,,,,,,,,,,,,,,,lb,,,,,,,
puma-abc-x-fantastic-four-mystery-sneaker-the-thing,,,,,,,,,11M / 12.5W,,,,,,,,PAXFFMST-A94-11,0,shopify,deny,manual,0,,TRUE,TRUE,,,,,1264420746,,,,,,,,,,,,,,,,,,,,,,,,,,,,,,,,,,,,,,,,,,,,,,,,,,,,,,lb,,,,,,,
puma-abc-x-fantastic-four-mystery-sneaker-the-thing,,,,,,,,,11.5M / 13W,,,,,,,,PAXFFMST-A94-11.5,0,shopify,deny,manual,85,,TRUE,TRUE,,,,,2387450664,,,,,,,,,,,,,,,,,,,,,,,,,,,,,,,,,,,,,,,,,,,,,,,,,,,,,,lb,,,,,,,
puma-abc-x-fantastic-four-mystery-sneaker-the-thing,,,,,,,,,12M / 13.5W,,,,,,,,PAXFFMST-A94-12,0,shopify,deny,manual,0,,TRUE,TRUE,,,,,1834269628,,,,,,,,,,,,,,,,,,,,,,,,,,,,,,,,,,,,,,,,,,,,,,,,,,,,,,lb,,,,,,,
puma-abc-x-fantastic-four-mystery-sneaker-the-thing,,,,,,,,,12.5M / 14W,,,,,,,,PAXFFMST-A94-12.5,0,shopify,deny,manual,0,,TRUE,TRUE,,,,,0726188586,,,,,,,,,,,,,,,,,,,,,,,,,,,,,,,,,,,,,,,,,,,,,,,,,,,,,,lb,,,,,,,
puma-abc-x-fantastic-four-mystery-sneaker-the-thing,,,,,,,,,13M / 14.5W,,,,,,,,PAXFFMST-A94-13,0,shopify,deny,manual,0,,TRUE,TRUE,,,,,0735023210,,,,,,,,,,,,,,,,,,,,,,,,,,,,,,,,,,,,,,,,,,,,,,,,,,,,,,lb,,,,,,,
puma-abc-x-fantastic-four-mystery-sneaker-the-thing,,,,,,,,,14M / 15.5W,,,,,,,,PAXFFMST-A94-14,0,shopify,deny,manual,0,,TRUE,TRUE,,,,,3683522820,,,,,,,,,,,,,,,,,,,,,,,,,,,,,,,,,,,,,,,,,,,,,,,,,,,,,,lb,,,,,,,
puma-abc-x-fantastic-four-mystery-sneaker-the-thing,,,,,,,,,15M / 16.5W,,,,,,,,PAXFFMST-A94-15,0,shopify,deny,manual,0,,TRUE,TRUE,,,,,9823132259,,,,,,,,,,,,,,,,,,,,,,,,,,,,,,,,,,,,,,,,,,,,,,,,,,,,,,lb,,,,,,,
adidas-samba-millennium-wales-bonner-pony-nappa,adidas Samba Millennium Wales Bonner Pony Nappa,"adidas Samba Millennium Wales Bonner Pony Nappa<br>SKU: IF6704<br>Condition: New<br>Release Date: 2024-05-21<br><br>All items are shipped out quickly with safe packaging.<br>Check our reviews to see the accuracy of conditions, speed of shipping &amp; quality of service.<br><br>Please DM if you have any questions or need any more information. Thank you!",adidas,,sneakers,Restock,TRUE,Size,3.5Y / 5W,,,,,,,,IF6704-3.5,0,shopify,deny,manual,0,,TRUE,TRUE,,,,,0361283940,https://cdn.shopify.com/s/files/1/0674/5767/9557/files/img01_0b0450fb-48ce-45f3-acf5-cd5c5ddb7ecd.jpg?v=1790116009,1,adidas Samba Millennium Wales Bonner Pony Nappa,FALSE,,,,,,,,,,,,,,,,,,,,,,,,,,,,,,,,,,,,,,,,,,,,,,,,,,lb,,,active,,,,
adidas-samba-millennium-wales-bonner-pony-nappa,,,,,,,,,4Y / 5.5W,,,,,,,,IF6704-4,0,shopify,deny,manual,0,,TRUE,TRUE,,,,,0701223522,,,,,,,,,,,,,,,,,,,,,,,,,,,,,,,,,,,,,,,,,,,,,,,,,,,,,,lb,,,,,,,
adidas-samba-millennium-wales-bonner-pony-nappa,,,,,,,,,4.5Y / 6W,,,,,,,,IF6704-4.5,0,shopify,deny,manual,0,,TRUE,TRUE,,,,,9516312699,,,,,,,,,,,,,,,,,,,,,,,,,,,,,,,,,,,,,,,,,,,,,,,,,,,,,,lb,,,,,,,
adidas-samba-millennium-wales-bonner-pony-nappa,,,,,,,,,5Y / 6.5W,,,,,,,,IF6704-5,0,shopify,deny,manual,0,,TRUE,TRUE,,,,,4426188797,,,,,,,,,,,,,,,,,,,,,,,,,,,,,,,,,,,,,,,,,,,,,,,,,,,,,,lb,,,,,,,
adidas-samba-millennium-wales-bonner-pony-nappa,,,,,,,,,5.5Y / 7W,,,,,,,,IF6704-5.5,0,shopify,deny,manual,0,,TRUE,TRUE,,,,,9769026414,,,,,,,,,,,,,,,,,,,,,,,,,,,,,,,,,,,,,,,,,,,,,,,,,,,,,,lb,,,,,,,
adidas-samba-millennium-wales-bonner-pony-nappa,,,,,,,,,6Y / 7.5W,,,,,,,,IF6704-6,0,shopify,deny,manual,0,,TRUE,TRUE,,,,,1274815433,,,,,,,,,,,,,,,,,,,,,,,,,,,,,,,,,,,,,,,,,,,,,,,,,,,,,,lb,,,,,,,
adidas-samba-millennium-wales-bonner-pony-nappa,,,,,,,,,6.5Y / 8W,,,,,,,,IF6704-6.5,0,shopify,deny,manual,0,,TRUE,TRUE,,,,,1535844435,,,,,,,,,,,,,,,,,,,,,,,,,,,,,,,,,,,,,,,,,,,,,,,,,,,,,,lb,,,,,,,
adidas-samba-millennium-wales-bonner-pony-nappa,,,,,,,,,7Y / 8.5W,,,,,,,,IF6704-7,0,shopify,deny,manual,0,,TRUE,TRUE,,,,,2168371322,,,,,,,,,,,,,,,,,,,,,,,,,,,,,,,,,,,,,,,,,,,,,,,,,,,,,,lb,,,,,,,
adidas-samba-millennium-wales-bonner-pony-nappa,,,,,,,,,7.5Y / 9W,,,,,,,,IF6704-7.5,0,shopify,deny,manual,0,,TRUE,TRUE,,,,,6625143104,,,,,,,,,,,,,,,,,,,,,,,,,,,,,,,,,,,,,,,,,,,,,,,,,,,,,,lb,,,,,,,
adidas-samba-millennium-wales-bonner-pony-nappa,,,,,,,,,8M / 9.5W,,,,,,,,IF6704-8,0,shopify,deny,manual,0,,TRUE,TRUE,,,,,0490534922,,,,,,,,,,,,,,,,,,,,,,,,,,,,,,,,,,,,,,,,,,,,,,,,,,,,,,lb,,,,,,,
adidas-samba-millennium-wales-bonner-pony-nappa,,,,,,,,,8.5M / 10W,,,,,,,,IF6704-8.5,0,shopify,deny,manual,0,,TRUE,TRUE,,,,,4532197758,,,,,,,,,,,,,,,,,,,,,,,,,,,,,,,,,,,,,,,,,,,,,,,,,,,,,,lb,,,,,,,
adidas-samba-millennium-wales-bonner-pony-nappa,,,,,,,,,9M / 10.5W,,,,,,,,IF6704-9,0,shopify,deny,manual,0,,TRUE,TRUE,,,,,0228002774,,,,,,,,,,,,,,,,,,,,,,,,,,,,,,,,,,,,,,,,,,,,,,,,,,,,,,lb,,,,,,,
adidas-samba-millennium-wales-bonner-pony-nappa,,,,,,,,,9.5M / 11W,,,,,,,,IF6704-9.5,0,shopify,deny,manual,90,,TRUE,TRUE,,,,,7482174115,,,,,,,,,,,,,,,,,,,,,,,,,,,,,,,,,,,,,,,,,,,,,,,,,,,,,,lb,,,,,,,
adidas-samba-millennium-wales-bonner-pony-nappa,,,,,,,,,10M / 11.5W,,,,,,,,IF6704-10,0,shopify,deny,manual,0,,TRUE,TRUE,,,,,9769825293,,,,,,,,,,,,,,,,,,,,,,,,,,,,,,,,,,,,,,,,,,,,,,,,,,,,,,lb,,,,,,,
adidas-samba-millennium-wales-bonner-pony-nappa,,,,,,,,,10.5M / 12W,,,,,,,,IF6704-10.5,0,shopify,deny,manual,0,,TRUE,TRUE,,,,,2814170894,,,,,,,,,,,,,,,,,,,,,,,,,,,,,,,,,,,,,,,,,,,,,,,,,,,,,,lb,,,,,,,
adidas-samba-millennium-wales-bonner-pony-nappa,,,,,,,,,11M / 12.5W,,,,,,,,IF6704-11,0,shopify,deny,manual,0,,TRUE,TRUE,,,,,5675672218,,,,,,,,,,,,,,,,,,,,,,,,,,,,,,,,,,,,,,,,,,,,,,,,,,,,,,lb,,,,,,,
adidas-samba-millennium-wales-bonner-pony-nappa,,,,,,,,,11.5M / 13W,,,,,,,,IF6704-11.5,0,shopify,deny,manual,0,,TRUE,TRUE,,,,,5349203335,,,,,,,,,,,,,,,,,,,,,,,,,,,,,,,,,,,,,,,,,,,,,,,,,,,,,,lb,,,,,,,
adidas-samba-millennium-wales-bonner-pony-nappa,,,,,,,,,12M / 13.5W,,,,,,,,IF6704-12,0,shopify,deny,manual,0,,TRUE,TRUE,,,,,8269497220,,,,,,,,,,,,,,,,,,,,,,,,,,,,,,,,,,,,,,,,,,,,,,,,,,,,,,lb,,,,,,,
adidas-samba-millennium-wales-bonner-pony-nappa,,,,,,,,,13M / 14.5W,,,,,,,,IF6704-13,0,shopify,deny,manual,0,,TRUE,TRUE,,,,,3695859560,,,,,,,,,,,,,,,,,,,,,,,,,,,,,,,,,,,,,,,,,,,,,,,,,,,,,,lb,,,,,,,
adidas-samba-millennium-wales-bonner-pony-nappa,,,,,,,,,13.5M / 15W,,,,,,,,IF6704-13.5,0,shopify,deny,manual,0,,TRUE,TRUE,,,,,4736084922,,,,,,,,,,,,,,,,,,,,,,,,,,,,,,,,,,,,,,,,,,,,,,,,,,,,,,lb,,,,,,,
adidas-samba-millennium-wales-bonner-pony-nappa,,,,,,,,,14M / 15.5W,,,,,,,,IF6704-14,0,shopify,deny,manual,0,,TRUE,TRUE,,,,,9264672557,,,,,,,,,,,,,,,,,,,,,,,,,,,,,,,,,,,,,,,,,,,,,,,,,,,,,,lb,,,,,,,
preowned-302370-012-13-po-1,Jordan 9 Retro Johnny Kilroy (Pre-Owned),"Jordan 9 Retro Johnny Kilroy<br>SKU: 302370-012<br>Size: 13<br>Condition: Moderately Worn<br>Box Condition: Damaged Box<br><br>All items are shipped out quickly with safe packaging.<br>Check our reviews to see the accuracy of conditions, speed of shipping &amp; quality of service.<br><br>Please DM if you have any questions or need any more information. Thank you!",Jordan,,Pre-Owned Sneakers,"moderately_worn, pre-owned, Restock",FALSE,Size,13 (Damaged Box),,,,,,,,302370-012-13-PO-1,0,shopify,deny,manual,0,,TRUE,TRUE,,,,,2610282788,,,,FALSE,,,,,,,,,,,,,,Pre-Owned,,,,,,,,,,,,,,,,,,,,,,,,,,,,,,,,,,,,lb,,,active,,,,
preowned-b37572-8-po-1,adidas Yeezy Boost 350 V2 Semi Frozen Yellow (Pre-Owned),"adidas Yeezy Boost 350 V2 Semi Frozen Yellow<br>SKU: B37572<br>Size: 8<br>Condition: Moderately Worn<br>Box Condition: Original Box<br><br>All items are shipped out quickly with safe packaging.<br>Check our reviews to see the accuracy of conditions, speed of shipping &amp; quality of service.<br><br>Please DM if you have any questions or need any more information. Thank you!",adidas,,Pre-Owned Sneakers,"moderately_worn, pre-owned, Restock",FALSE,Size,8,,,,,,,,B37572-8-PO-1,0,shopify,deny,manual,0,,TRUE,TRUE,,,,,8341074677,,,,FALSE,,,,,,,,,,,,,,Pre-Owned,,,,,,,,,,,,,,,,,,,,,,,,,,,,,,,,,,,,lb,,,active,,,,
preowned-ct8532-080-13-po-5,Jordan 3 Retro Fear Pack (2023) 13 (Pre-Owned),"Jordan 3 Retro Fear Pack (2023)<br>SKU: CT8532-080<br>Size: 13M / 14.5W<br>Condition: Lightly Worn<br>Box Condition: No Box<br>Release Date: 2023-11-25<br><br>All items are shipped out quickly with safe packaging.<br>Check our reviews to see the accuracy of conditions, speed of shipping &amp; quality of service.<br><br>Please DM if you have any questions or need any more information. Thank you!",Jordan,,Pre-Owned Sneakers,"jordan, lightly_worn, pre-owned, Restock",TRUE,Size,13M / 14.5W,,,,,,,,CT8532-080-13-PO-5,0,shopify,deny,manual,85,,TRUE,TRUE,,,,,5792406529,https://cdn.shopify.com/s/files/1/0674/5767/9557/files/6dfc073f-cd98-40ff-b3f8-4b2358b43c71.jpg?v=1790372661,1,Jordan 3 Retro Fear Pack (2023) 13 (Pre-Owned) - Image 1,FALSE,,,,,,,,,,,,,,Pre-Owned,,,,,,,,,,,,,,,,,,,,,,,,,,,,,,,,,,,,lb,,,active,,,,
preowned-ct8532-080-13-po-5,,,,,,,,,,,,,,,,,,,,,,,,,,,,,,,https://cdn.shopify.com/s/files/1/0674/5767/9557/files/efd1e1c9-8930-44a5-bdeb-82cd6a2959f7.jpg?v=1790372661,2,Jordan 3 Retro Fear Pack (2023) 13 (Pre-Owned) - Image 2,,,,,,,,,,,,,,,,,,,,,,,,,,,,,,,,,,,,,,,,,,,,,,,,,,,,,,,,,,
preowned-ct8532-080-13-po-5,,,,,,,,,,,,,,,,,,,,,,,,,,,,,,,https://cdn.shopify.com/s/files/1/0674/5767/9557/files/433d5273-459b-43ef-9b54-fda56b15f236.jpg?v=1790372661,3,Jordan 3 Retro Fear Pack (2023) 13 (Pre-Owned) - Image 3,,,,,,,,,,,,,,,,,,,,,,,,,,,,,,,,,,,,,,,,,,,,,,,,,,,,,,,,,,
preowned-ct8532-080-13-po-5,,,,,,,,,,,,,,,,,,,,,,,,,,,,,,,https://cdn.shopify.com/s/files/1/0674/5767/9557/files/a20c12f6-6958-45cb-a8b1-f264e1541d57.jpg?v=1790372661,4,Jordan 3 Retro Fear Pack (2023) 13 (Pre-Owned) - Image 4,,,,,,,,,,,,,,,,,,,,,,,,,,,,,,,,,,,,,,,,,,,,,,,,,,,,,,,,,,
preowned-ct8532-080-13-po-5,,,,,,,,,,,,,,,,,,,,,,,,,,,,,,,https://cdn.shopify.com/s/files/1/0674/5767/9557/files/c782c494-8ef2-45fc-9e62-69637e4737b8.jpg?v=1790372661,5,Jordan 3 Retro Fear Pack (2023) 13 (Pre-Owned) - Image 5,,,,,,,,,,,,,,,,,,,,,,,,,,,,,,,,,,,,,,,,,,,,,,,,,,,,,,,,,,
preowned-ct8532-080-13-po-5,,,,,,,,,,,,,,,,,,,,,,,,,,,,,,,https://cdn.shopify.com/s/files/1/0674/5767/9557/files/0dc27263-49c9-4eb5-8cd1-c412c89c485b.jpg?v=1790372661,6,Jordan 3 Retro Fear Pack (2023) 13 (Pre-Owned) - Image 6,,,,,,,,,,,,,,,,,,,,,,,,,,,,,,,,,,,,,,,,,,,,,,,,,,,,,,,,,,
preowned-ct8532-080-13-po-5,,,,,,,,,,,,,,,,,,,,,,,,,,,,,,,https://cdn.shopify.com/s/files/1/0674/5767/9557/files/d1c73f17-1dd1-4463-914a-4c7d7149a792.jpg?v=1790372661,7,Jordan 3 Retro Fear Pack (2023) 13 (Pre-Owned) - Image 7,,,,,,,,,,,,,,,,,,,,,,,,,,,,,,,,,,,,,,,,,,,,,,,,,,,,,,,,,,
preowned-555088-001-14-po-1,Jordan 1 Retro High Bred Banned (2016) 14 (Pre-Owned),"Jordan 1 Retro High Bred Banned (2016)<br>SKU: 555088-001<br>Size: 14M / 15.5W<br>Condition: Lightly Worn<br>Box Condition: No Box<br>Release Date: 2016-09-03<br><br>All items are shipped out quickly with safe packaging.<br>Check our reviews to see the accuracy of conditions, speed of shipping &amp; quality of service.<br><br>Please DM if you have any questions or need any more information. Thank you!",Jordan,,Pre-Owned Sneakers,"jordan, lightly_worn, pre-owned, Restock",TRUE,Size,14M / 15.5W,,,,,,,,555088-001-14-PO-1,0,shopify,deny,manual,135,,TRUE,TRUE,,,,,7963156988,https://cdn.shopify.com/s/files/1/0674/5767/9557/files/886d8163-51eb-4edd-be9c-8e606d06a35a.jpg?v=1790373161,1,Jordan 1 Retro High Bred Banned (2016) 14 (Pre-Owned) - Image 1,FALSE,,,,,,,,,,,,,,Pre-Owned,,,,,,,,,,,,,,,,,,,,,,,,,,,,,,,,,,,,lb,,,active,,,,
preowned-555088-001-14-po-1,,,,,,,,,,,,,,,,,,,,,,,,,,,,,,,https://cdn.shopify.com/s/files/1/0674/5767/9557/files/a6504a9f-d561-438a-b48d-3266111991e0.jpg?v=1790373161,2,Jordan 1 Retro High Bred Banned (2016) 14 (Pre-Owned) - Image 2,,,,,,,,,,,,,,,,,,,,,,,,,,,,,,,,,,,,,,,,,,,,,,,,,,,,,,,,,,
preowned-555088-001-14-po-1,,,,,,,,,,,,,,,,,,,,,,,,,,,,,,,https://cdn.shopify.com/s/files/1/0674/5767/9557/files/97a1ad68-03ab-42b6-9aa8-5876058e8e55.jpg?v=1790373161,3,Jordan 1 Retro High Bred Banned (2016) 14 (Pre-Owned) - Image 3,,,,,,,,,,,,,,,,,,,,,,,,,,,,,,,,,,,,,,,,,,,,,,,,,,,,,,,,,,
preowned-555088-001-14-po-1,,,,,,,,,,,,,,,,,,,,,,,,,,,,,,,https://cdn.shopify.com/s/files/1/0674/5767/9557/files/225e4d8d-e11d-4b1d-bae6-3a6d125ae280.jpg?v=1790373161,4,Jordan 1 Retro High Bred Banned (2016) 14 (Pre-Owned) - Image 4,,,,,,,,,,,,,,,,,,,,,,,,,,,,,,,,,,,,,,,,,,,,,,,,,,,,,,,,,,
preowned-555088-001-14-po-1,,,,,,,,,,,,,,,,,,,,,,,,,,,,,,,https://cdn.shopify.com/s/files/1/0674/5767/9557/files/038cf5f8-a3d2-443c-a1b5-c76fe193a8dc.jpg?v=1790373161,5,Jordan 1 Retro High Bred Banned (2016) 14 (Pre-Owned) - Image 5,,,,,,,,,,,,,,,,,,,,,,,,,,,,,,,,,,,,,,,,,,,,,,,,,,,,,,,,,,
preowned-555088-001-14-po-1,,,,,,,,,,,,,,,,,,,,,,,,,,,,,,,https://cdn.shopify.com/s/files/1/0674/5767/9557/files/17d719ef-957a-45a2-98f6-7e793422a020.jpg?v=1790373161,6,Jordan 1 Retro High Bred Banned (2016) 14 (Pre-Owned) - Image 6,,,,,,,,,,,,,,,,,,,,,,,,,,,,,,,,,,,,,,,,,,,,,,,,,,,,,,,,,,
preowned-555088-001-14-po-1,,,,,,,,,,,,,,,,,,,,,,,,,,,,,,,https://cdn.shopify.com/s/files/1/0674/5767/9557/files/c67dac24-9193-4dd4-a340-fbd50a400413.jpg?v=1790373161,7,Jordan 1 Retro High Bred Banned (2016) 14 (Pre-Owned) - Image 7,,,,,,,,,,,,,,,,,,,,,,,,,,,,,,,,,,,,,,,,,,,,,,,,,,,,,,,,,,
preowned-cj5291-001-9-5-po-1,Nike Cross Trainer Low Supreme Black Green Red 9.5 (Pre-Owned),"Nike Cross Trainer Low Supreme Black Green Red<br>SKU: CJ5291-001<br>Size: 9.5M / 11W<br>Condition: Lightly Worn<br>Box Condition: Replacement Box<br>Release Date: 2021-10-14<br><br>All items are shipped out quickly with safe packaging.<br>Check our reviews to see the accuracy of conditions, speed of shipping &amp; quality of service.<br><br>Please DM if you have any questions or need any more information. Thank you!",Nike,,Pre-Owned Sneakers,"lightly_worn, nike, pre-owned, Restock",TRUE,Size,9.5M / 11W,,,,,,,,CJ5291-001-9.5-PO-1,0,shopify,deny,manual,60,,TRUE,TRUE,,,,,5036732062,https://cdn.shopify.com/s/files/1/0674/5767/9557/files/92f2dc75-ebe9-4a98-9eb5-de3bd5b0304e.jpg?v=1790716187,1,Nike Cross Trainer Low Supreme Black Green Red 9.5 (Pre-Owned) - Image 1,FALSE,,,,,,,,,,,,,,Pre-Owned,,,,,,,,,,,,,,,,,,,,,,,,,,,,,,,,,,,,lb,,,active,,,,
preowned-cj5291-001-9-5-po-1,,,,,,,,,,,,,,,,,,,,,,,,,,,,,,,https://cdn.shopify.com/s/files/1/0674/5767/9557/files/b543bba7-e4e4-4b43-ae2c-4bfe136f82bc.jpg?v=1790716187,2,Nike Cross Trainer Low Supreme Black Green Red 9.5 (Pre-Owned) - Image 2,,,,,,,,,,,,,,,,,,,,,,,,,,,,,,,,,,,,,,,,,,,,,,,,,,,,,,,,,,
preowned-cj5291-001-9-5-po-1,,,,,,,,,,,,,,,,,,,,,,,,,,,,,,,https://cdn.shopify.com/s/files/1/0674/5767/9557/files/ad46fcaf-059c-44f8-97df-5817377b10b2.jpg?v=1790716187,3,Nike Cross Trainer Low Supreme Black Green Red 9.5 (Pre-Owned) - Image 3,,,,,,,,,,,,,,,,,,,,,,,,,,,,,,,,,,,,,,,,,,,,,,,,,,,,,,,,,,
preowned-cj5291-001-9-5-po-1,,,,,,,,,,,,,,,,,,,,,,,,,,,,,,,https://cdn.shopify.com/s/files/1/0674/5767/9557/files/d9b3ab86-a14f-48ff-8d65-53c527c9235c.jpg?v=1790716187,4,Nike Cross Trainer Low Supreme Black Green Red 9.5 (Pre-Owned) - Image 4,,,,,,,,,,,,,,,,,,,,,,,,,,,,,,,,,,,,,,,,,,,,,,,,,,,,,,,,,,
preowned-cj5291-001-9-5-po-1,,,,,,,,,,,,,,,,,,,,,,,,,,,,,,,https://cdn.shopify.com/s/files/1/0674/5767/9557/files/30c3c7e7-e6ef-4574-824a-48bb81131fab.jpg?v=1790716187,5,Nike Cross Trainer Low Supreme Black Green Red 9.5 (Pre-Owned) - Image 5,,,,,,,,,,,,,,,,,,,,,,,,,,,,,,,,,,,,,,,,,,,,,,,,,,,,,,,,,,
preowned-cj5291-001-9-5-po-1,,,,,,,,,,,,,,,,,,,,,,,,,,,,,,,https://cdn.shopify.com/s/files/1/0674/5767/9557/files/2b8b06c8-318e-489a-85c2-f55ead22d851.jpg?v=1790716187,6,Nike Cross Trainer Low Supreme Black Green Red 9.5 (Pre-Owned) - Image 6,,,,,,,,,,,,,,,,,,,,,,,,,,,,,,,,,,,,,,,,,,,,,,,,,,,,,,,,,,
preowned-cj5291-001-9-5-po-1,,,,,,,,,,,,,,,,,,,,,,,,,,,,,,,https://cdn.shopify.com/s/files/1/0674/5767/9557/files/6c73d5a6-abef-4d06-a96c-e5e0dd298d91.jpg?v=1790716187,7,Nike Cross Trainer Low Supreme Black Green Red 9.5 (Pre-Owned) - Image 7,,,,,,,,,,,,,,,,,,,,,,,,,,,,,,,,,,,,,,,,,,,,,,,,,,,,,,,,,,
preowned-cd0461-002-9w-po-1,Jordan 1 Retro High OG Seafoam (Women's) 9W (Pre-Owned),"Jordan 1 Retro High OG Seafoam (Women's)<br>SKU: CD0461-002<br>Size: 9W<br>Condition: Moderately Worn<br>Box Condition: Replacement Box<br><br>All items are shipped out quickly with safe packaging.<br>Check our reviews to see the accuracy of conditions, speed of shipping &amp; quality of service.<br><br>Please DM if you have any questions or need any more information. Thank you!",Jordan,,Pre-Owned Sneakers,"jordan, moderately_worn, pre-owned, Restock",FALSE,Size,9W,,,,,,,,CD0461-002-9W-PO-1,0,shopify,deny,manual,55,,TRUE,TRUE,,,,,1275717086,https://cdn.shopify.com/s/files/1/0674/5767/9557/files/8a6cd4e9-3621-4dc6-b407-08bde7fd9508.jpg?v=1790802861,1,Jordan 1 Retro High OG Seafoam (Women's) 9W (Pre-Owned) - front,FALSE,,,,,,,,,,,,,,Pre-Owned,,,,,,,,,,,,,,,,,,,,,,,,,,,,,,,,,,,,lb,,,active,,,,
preowned-cd0461-002-9w-po-1,,,,,,,,,,,,,,,,,,,,,,,,,,,,,,,https://cdn.shopify.com/s/files/1/0674/5767/9557/files/809d234e-c55e-429c-9bdd-64a550944591.jpg?v=1790802861,2,Jordan 1 Retro High OG Seafoam (Women's) 9W (Pre-Owned) - back,,,,,,,,,,,,,,,,,,,,,,,,,,,,,,,,,,,,,,,,,,,,,,,,,,,,,,,,,,
preowned-cd0461-002-9w-po-1,,,,,,,,,,,,,,,,,,,,,,,,,,,,,,,https://cdn.shopify.com/s/files/1/0674/5767/9557/files/3632e87d-cacd-4baa-994b-85ebfc45890a.jpg?v=1790802861,3,Jordan 1 Retro High OG Seafoam (Women's) 9W (Pre-Owned) - tag,,,,,,,,,,,,,,,,,,,,,,,,,,,,,,,,,,,,,,,,,,,,,,,,,,,,,,,,,,
preowned-cd0461-002-9w-po-1,,,,,,,,,,,,,,,,,,,,,,,,,,,,,,,https://cdn.shopify.com/s/files/1/0674/5767/9557/files/be41416b-38cd-4ca7-a701-1ae22449db93.jpg?v=1790802861,4,Jordan 1 Retro High OG Seafoam (Women's) 9W (Pre-Owned) - aux,,,,,,,,,,,,,,,,,,,,,,,,,,,,,,,,,,,,,,,,,,,,,,,,,,,,,,,,,,
preowned-cd0461-002-9w-po-1,,,,,,,,,,,,,,,,,,,,,,,,,,,,,,,https://cdn.shopify.com/s/files/1/0674/5767/9557/files/e58fee27-4e3a-4ff3-a477-abfee8e9701f.jpg?v=1790802861,5,Jordan 1 Retro High OG Seafoam (Women's) 9W (Pre-Owned) - aux,,,,,,,,,,,,,,,,,,,,,,,,,,,,,,,,,,,,,,,,,,,,,,,,,,,,,,,,,,
preowned-cd0461-002-9w-po-1,,,,,,,,,,,,,,,,,,,,,,,,,,,,,,,https://cdn.shopify.com/s/files/1/0674/5767/9557/files/768ba3be-0a53-46bf-ab23-5d2b82ed2137.jpg?v=1790802861,6,Jordan 1 Retro High OG Seafoam (Women's) 9W (Pre-Owned) - aux,,,,,,,,,,,,,,,,,,,,,,,,,,,,,,,,,,,,,,,,,,,,,,,,,,,,,,,,,,
preowned-cd0461-002-9w-po-1,,,,,,,,,,,,,,,,,,,,,,,,,,,,,,,https://cdn.shopify.com/s/files/1/0674/5767/9557/files/0d4207e4-098a-4def-a574-42fee60caa6a.jpg?v=1790802861,7,Jordan 1 Retro High OG Seafoam (Women's) 9W (Pre-Owned) - aux,,,,,,,,,,,,,,,,,,,,,,,,,,,,,,,,,,,,,,,,,,,,,,,,,,,,,,,,,,
preowned-136064-122-8-5-po-1,Jordan 3 Retro Mocha (2018) 8.5 (Pre-Owned),"Jordan 3 Retro Mocha (2018)<br>SKU: 136064-122<br>Size: 8.5M / 10W<br>Condition: Lightly Worn (no insoles)<br>Box Condition: Replacement Box<br><br>All items are shipped out quickly with safe packaging.<br>Check our reviews to see the accuracy of conditions, speed of shipping &amp; quality of service.<br><br>Please DM if you have any questions or need any more information. Thank you!",Jordan,,Pre-Owned Sneakers,"jordan, lightly_worn, pre-owned, Restock",TRUE,Size,8.5M / 10W,,,,,,,,136064-122-8.5-PO-1,0,shopify,deny,manual,110,,TRUE,TRUE,,,,,7268386133,https://cdn.shopify.com/s/files/1/0674/5767/9557/files/2d0ecefc-93df-4b27-910a-d636e70c9a71.jpg?v=1790716298,1,Jordan 3 Retro Mocha (2018) 8.5 (Pre-Owned) - Image 1,FALSE,,,,,,,,,,,,,,Pre-Owned,,,,,,,,,,,,,,,,,,,,,,,,,,,,,,,,,,,,lb,,,active,,,,
preowned-136064-122-8-5-po-1,,,,,,,,,,,,,,,,,,,,,,,,,,,,,,,https://cdn.shopify.com/s/files/1/0674/5767/9557/files/db297b09-0a79-4a4c-ab47-d76d1a72392a.jpg?v=1790716298,2,Jordan 3 Retro Mocha (2018) 8.5 (Pre-Owned) - Image 2,,,,,,,,,,,,,,,,,,,,,,,,,,,,,,,,,,,,,,,,,,,,,,,,,,,,,,,,,,
preowned-136064-122-8-5-po-1,,,,,,,,,,,,,,,,,,,,,,,,,,,,,,,https://cdn.shopify.com/s/files/1/0674/5767/9557/files/92eec562-0acf-43cd-b8b2-adc2c929ae95.jpg?v=1790716298,3,Jordan 3 Retro Mocha (2018) 8.5 (Pre-Owned) - Image 3,,,,,,,,,,,,,,,,,,,,,,,,,,,,,,,,,,,,,,,,,,,,,,,,,,,,,,,,,,
preowned-136064-122-8-5-po-1,,,,,,,,,,,,,,,,,,,,,,,,,,,,,,,https://cdn.shopify.com/s/files/1/0674/5767/9557/files/3d6b7240-700b-48af-9490-caeb81185c94.jpg?v=1790716298,4,Jordan 3 Retro Mocha (2018) 8.5 (Pre-Owned) - Image 4,,,,,,,,,,,,,,,,,,,,,,,,,,,,,,,,,,,,,,,,,,,,,,,,,,,,,,,,,,
preowned-136064-122-8-5-po-1,,,,,,,,,,,,,,,,,,,,,,,,,,,,,,,https://cdn.shopify.com/s/files/1/0674/5767/9557/files/62627c34-469c-4668-8d1d-42889488a68d.jpg?v=1790716298,5,Jordan 3 Retro Mocha (2018) 8.5 (Pre-Owned) - Image 5,,,,,,,,,,,,,,,,,,,,,,,,,,,,,,,,,,,,,,,,,,,,,,,,,,,,,,,,,,
preowned-136064-122-8-5-po-1,,,,,,,,,,,,,,,,,,,,,,,,,,,,,,,https://cdn.shopify.com/s/files/1/0674/5767/9557/files/ee28c631-42b3-4959-8e41-45cabb19d495.jpg?v=1790716298,6,Jordan 3 Retro Mocha (2018) 8.5 (Pre-Owned) - Image 6,,,,,,,,,,,,,,,,,,,,,,,,,,,,,,,,,,,,,,,,,,,,,,,,,,,,,,,,,,
preowned-136064-122-8-5-po-1,,,,,,,,,,,,,,,,,,,,,,,,,,,,,,,https://cdn.shopify.com/s/files/1/0674/5767/9557/files/d0958319-c5c0-4c57-917e-500462c37ef9.jpg?v=1790716298,7,Jordan 3 Retro Mocha (2018) 8.5 (Pre-Owned) - Image 7,,,,,,,,,,,,,,,,,,,,,,,,,,,,,,,,,,,,,,,,,,,,,,,,,,,,,,,,,,
preowned-575441-113-6-5y-po-1,Jordan 1 Retro Reverse Shattered Backboard (GS) 6.5Y (Pre-Owned),"Jordan 1 Retro Reverse Shattered Backboard (GS)<br>SKU: 575441-113<br>Size: 6.5Y<br>Condition: Lightly Worn<br>Box Condition: Replacement Box<br>Release Date: 2016-10-08<br><br>All items are shipped out quickly with safe packaging.<br>Check our reviews to see the accuracy of conditions, speed of shipping &amp; quality of service.<br><br>Please DM if you have any questions or need any more information. Thank you!",Jordan,,Pre-Owned Sneakers,"jordan, lightly_worn, pre-owned, Restock",FALSE,Size,6.5Y (Replacement Box),,,,,,,,575441-113-6.5Y-PO-1,0,shopify,deny,manual,95,,TRUE,TRUE,,,,,6957328275,https://cdn.shopify.com/s/files/1/0674/5767/9557/files/0dce1e6e-c867-40b1-8073-c694596c8843.jpg?v=1790805675,1,Jordan 1 Retro Reverse Shattered Backboard (GS) 6.5Y (Pre-Owned) - front,FALSE,,,,,,,,,,,,,,Pre-Owned,,,,,,,,,,,,,,,,,,,,,,,,,,,,,,,,,,,,lb,,,active,,,,
preowned-575441-113-6-5y-po-1,,,,,,,,,,,,,,,,,,,,,,,,,,,,,,,https://cdn.shopify.com/s/files/1/0674/5767/9557/files/654a5ce7-adac-4c62-9005-5db8fe546126.jpg?v=1790805675,2,Jordan 1 Retro Reverse Shattered Backboard (GS) 6.5Y (Pre-Owned) - back,,,,,,,,,,,,,,,,,,,,,,,,,,,,,,,,,,,,,,,,,,,,,,,,,,,,,,,,,,
preowned-575441-113-6-5y-po-1,,,,,,,,,,,,,,,,,,,,,,,,,,,,,,,https://cdn.shopify.com/s/files/1/0674/5767/9557/files/13817252-93c8-4bc0-9f4e-8b3f39fbb2bb.jpg?v=1790805674,3,Jordan 1 Retro Reverse Shattered Backboard (GS) 6.5Y (Pre-Owned) - tag,,,,,,,,,,,,,,,,,,,,,,,,,,,,,,,,,,,,,,,,,,,,,,,,,,,,,,,,,,
preowned-575441-113-6-5y-po-1,,,,,,,,,,,,,,,,,,,,,,,,,,,,,,,https://cdn.shopify.com/s/files/1/0674/5767/9557/files/947b7182-5abb-4912-8841-a6cd40a7c5e9.jpg?v=1790805675,4,Jordan 1 Retro Reverse Shattered Backboard (GS) 6.5Y (Pre-Owned) - aux,,,,,,,,,,,,,,,,,,,,,,,,,,,,,,,,,,,,,,,,,,,,,,,,,,,,,,,,,,
preowned-575441-113-6-5y-po-1,,,,,,,,,,,,,,,,,,,,,,,,,,,,,,,https://cdn.shopify.com/s/files/1/0674/5767/9557/files/f7fe2d8f-e2c6-4115-8ebc-a89072e0be95.jpg?v=1790805675,5,Jordan 1 Retro Reverse Shattered Backboard (GS) 6.5Y (Pre-Owned) - aux,,,,,,,,,,,,,,,,,,,,,,,,,,,,,,,,,,,,,,,,,,,,,,,,,,,,,,,,,,
preowned-575441-113-6-5y-po-1,,,,,,,,,,,,,,,,,,,,,,,,,,,,,,,https://cdn.shopify.com/s/files/1/0674/5767/9557/files/c102b607-1e21-42a5-ad68-4d51a8c3919c.jpg?v=1790805674,6,Jordan 1 Retro Reverse Shattered Backboard (GS) 6.5Y (Pre-Owned) - aux,,,,,,,,,,,,,,,,,,,,,,,,,,,,,,,,,,,,,,,,,,,,,,,,,,,,,,,,,,
preowned-575441-113-6-5y-po-1,,,,,,,,,,,,,,,,,,,,,,,,,,,,,,,https://cdn.shopify.com/s/files/1/0674/5767/9557/files/9587361d-7a50-4348-a4d6-1b74b12b46ad.jpg?v=1790805675,7,Jordan 1 Retro Reverse Shattered Backboard (GS) 6.5Y (Pre-Owned) - aux,,,,,,,,,,,,,,,,,,,,,,,,,,,,,,,,,,,,,,,,,,,,,,,,,,,,,,,,,,
preowned-ck9246-136-9w-po-1,Jordan 3 Retro Lucky Green (Women's) 9W (Pre-Owned),"Jordan 3 Retro Lucky Green (Women's)<br>SKU: CK9246-136<br>Size: 9W<br>Condition: Lightly Worn<br>Box Condition: Replacement Box<br>Release Date: 2023-05-18<br><br>All items are shipped out quickly with safe packaging.<br>Check our reviews to see the accuracy of conditions, speed of shipping &amp; quality of service.<br><br>Please DM if you have any questions or need any more information. Thank you!",Jordan,,Pre-Owned Sneakers,"jordan, lightly_worn, pre-owned, Restock",FALSE,Size,9W,,,,,,,,CK9246-136-9W-PO-1,0,shopify,deny,manual,70,,TRUE,TRUE,,,,,2362914979,https://cdn.shopify.com/s/files/1/0674/5767/9557/files/3af87ab8-7584-441f-bf43-72d6edae0bd4.jpg?v=1790805373,1,Jordan 3 Retro Lucky Green (Women's) 9W (Pre-Owned) - front,FALSE,,,,,,,,,,,,,,Pre-Owned,,,,,,,,,,,,,,,,,,,,,,,,,,,,,,,,,,,,lb,,,active,,,,
preowned-ck9246-136-9w-po-1,,,,,,,,,,,,,,,,,,,,,,,,,,,,,,,https://cdn.shopify.com/s/files/1/0674/5767/9557/files/b4bb0112-8a38-4743-9692-8a760178411a.jpg?v=1790805373,2,Jordan 3 Retro Lucky Green (Women's) 9W (Pre-Owned) - back,,,,,,,,,,,,,,,,,,,,,,,,,,,,,,,,,,,,,,,,,,,,,,,,,,,,,,,,,,
preowned-ck9246-136-9w-po-1,,,,,,,,,,,,,,,,,,,,,,,,,,,,,,,https://cdn.shopify.com/s/files/1/0674/5767/9557/files/3a575d7a-3129-408e-bfda-f67a577264cb.jpg?v=1790805373,3,Jordan 3 Retro Lucky Green (Women's) 9W (Pre-Owned) - tag,,,,,,,,,,,,,,,,,,,,,,,,,,,,,,,,,,,,,,,,,,,,,,,,,,,,,,,,,,
preowned-ck9246-136-9w-po-1,,,,,,,,,,,,,,,,,,,,,,,,,,,,,,,https://cdn.shopify.com/s/files/1/0674/5767/9557/files/7f96be30-fae9-43f8-a945-b72a15c05abb.jpg?v=1790805373,4,Jordan 3 Retro Lucky Green (Women's) 9W (Pre-Owned) - aux,,,,,,,,,,,,,,,,,,,,,,,,,,,,,,,,,,,,,,,,,,,,,,,,,,,,,,,,,,
preowned-ck9246-136-9w-po-1,,,,,,,,,,,,,,,,,,,,,,,,,,,,,,,https://cdn.shopify.com/s/files/1/0674/5767/9557/files/43fe8bdd-371a-45a5-98dd-fc912a1f8a7d.jpg?v=1790805373,5,Jordan 3 Retro Lucky Green (Women's) 9W (Pre-Owned) - aux,,,,,,,,,,,,,,,,,,,,,,,,,,,,,,,,,,,,,,,,,,,,,,,,,,,,,,,,,,
preowned-ck9246-136-9w-po-1,,,,,,,,,,,,,,,,,,,,,,,,,,,,,,,https://cdn.shopify.com/s/files/1/0674/5767/9557/files/b8915618-3f5e-44c0-a6fb-8bcc19b036f2.jpg?v=1790805373,6,Jordan 3 Retro Lucky Green (Women's) 9W (Pre-Owned) - aux,,,,,,,,,,,,,,,,,,,,,,,,,,,,,,,,,,,,,,,,,,,,,,,,,,,,,,,,,,
preowned-ck9246-136-9w-po-1,,,,,,,,,,,,,,,,,,,,,,,,,,,,,,,https://cdn.shopify.com/s/files/1/0674/5767/9557/files/655af9d3-c8bd-4487-a1d5-e11d0ee4f5cb.jpg?v=1790805373,7,Jordan 3 Retro Lucky Green (Women's) 9W (Pre-Owned) - aux,,,,,,,,,,,,,,,,,,,,,,,,,,,,,,,,,,,,,,,,,,,,,,,,,,,,,,,,,,
preowned-ct8529-004-11-po-1,Jordan 6 Retro Aqua 11 (Pre-Owned),"Jordan 6 Retro Aqua<br>SKU: CT8529-004<br>Size: 11M / 12.5W<br>Condition: Tried On<br>Box Condition: Original Box<br>Release Date: 2023-10-07<br><br>All items are shipped out quickly with safe packaging.<br>Check our reviews to see the accuracy of conditions, speed of shipping &amp; quality of service.<br><br>Please DM if you have any questions or need any more information. Thank you!",Jordan,,Pre-Owned Sneakers,"jordan, pre-owned, Restock, tried_on",FALSE,Size,11M / 12.5W,,,,,,,,CT8529-004-11-PO-1,0,shopify,deny,manual,140,,TRUE,TRUE,,,,,7692841611,https://cdn.shopify.com/s/files/1/0674/5767/9557/files/4eaee7a3-a34c-43d2-9a95-248737f373b7.jpg?v=1790803420,1,Jordan 6 Retro Aqua 11 (Pre-Owned) - front,FALSE,,,,,,,,,,,,,,Pre-Owned,,,,,,,,,,,,,,,,,,,,,,,,,,,,,,,,,,,,lb,,,active,,,,
preowned-ct8529-004-11-po-1,,,,,,,,,,,,,,,,,,,,,,,,,,,,,,,https://cdn.shopify.com/s/files/1/0674/5767/9557/files/66371434-9098-45e4-87af-549b7bdb24e2.jpg?v=1790803420,2,Jordan 6 Retro Aqua 11 (Pre-Owned) - back,,,,,,,,,,,,,,,,,,,,,,,,,,,,,,,,,,,,,,,,,,,,,,,,,,,,,,,,,,
preowned-ct8529-004-11-po-1,,,,,,,,,,,,,,,,,,,,,,,,,,,,,,,https://cdn.shopify.com/s/files/1/0674/5767/9557/files/8f3719a9-4464-48f5-b9cb-67b6c061c463.jpg?v=1790803420,3,Jordan 6 Retro Aqua 11 (Pre-Owned) - tag,,,,,,,,,,,,,,,,,,,,,,,,,,,,,,,,,,,,,,,,,,,,,,,,,,,,,,,,,,
preowned-ct8529-004-11-po-1,,,,,,,,,,,,,,,,,,,,,,,,,,,,,,,https://cdn.shopify.com/s/files/1/0674/5767/9557/files/4ea5a254-0e52-4d9b-8e2c-4aad02866f91.jpg?v=1790803420,4,Jordan 6 Retro Aqua 11 (Pre-Owned) - aux,,,,,,,,,,,,,,,,,,,,,,,,,,,,,,,,,,,,,,,,,,,,,,,,,,,,,,,,,,
preowned-ct8529-004-11-po-1,,,,,,,,,,,,,,,,,,,,,,,,,,,,,,,https://cdn.shopify.com/s/files/1/0674/5767/9557/files/c3d1b1f9-d414-4a03-b75d-222d3c105f8a.jpg?v=1790803420,5,Jordan 6 Retro Aqua 11 (Pre-Owned) - aux,,,,,,,,,,,,,,,,,,,,,,,,,,,,,,,,,,,,,,,,,,,,,,,,,,,,,,,,,,
preowned-ct8529-004-11-po-1,,,,,,,,,,,,,,,,,,,,,,,,,,,,,,,https://cdn.shopify.com/s/files/1/0674/5767/9557/files/516cf9c0-54dc-4bc7-b12d-eb2708ee92b8.jpg?v=1790803420,6,Jordan 6 Retro Aqua 11 (Pre-Owned) - aux,,,,,,,,,,,,,,,,,,,,,,,,,,,,,,,,,,,,,,,,,,,,,,,,,,,,,,,,,,
preowned-ct8529-004-11-po-1,,,,,,,,,,,,,,,,,,,,,,,,,,,,,,,https://cdn.shopify.com/s/files/1/0674/5767/9557/files/56821f88-2cea-47cd-997a-fde0c5989372.jpg?v=1790803420,7,Jordan 6 Retro Aqua 11 (Pre-Owned) - aux,,,,,,,,,,,,,,,,,,,,,,,,,,,,,,,,,,,,,,,,,,,,,,,,,,,,,,,,,,
preowned-ct8529-004-11-po-1,,,,,,,,,,,,,,,,,,,,,,,,,,,,,,,https://cdn.shopify.com/s/files/1/0674/5767/9557/files/90b62ace-12c4-4d82-9e54-36e7fb459644.jpg?v=1790803420,8,Jordan 6 Retro Aqua 11 (Pre-Owned) - aux,,,,,,,,,,,,,,,,,,,,,,,,,,,,,,,,,,,,,,,,,,,,,,,,,,,,,,,,,,
preowned-315459-001-11-po-1,Nike Paul Rodriguez 2 Zoom Air Grey Haze/Black 11 (Pre-Owned),"Nike Paul Rodriguez 2 Zoom Air Black Gold<br>SKU: 315459-001<br>Size: 11M / 12.5W<br>Condition: Lightly Worn (starting to separated from age)<br>Box Condition: Original Box<br>Release Date: 2007-07-01<br><br>All items are shipped out quickly with safe packaging.<br>Check our reviews to see the accuracy of conditions, speed of shipping &amp; quality of service.<br><br>Please DM if you have any questions or need any more information. Thank you!",Nike,,Pre-Owned Sneakers,"lightly_worn, nike, pre-owned, Restock",FALSE,Size,11M / 12.5W,,,,,,,,315459-001-11-PO-1,0,shopify,deny,manual,130,,TRUE,TRUE,,,,,9800359353,https://cdn.shopify.com/s/files/1/0674/5767/9557/files/a39ccf40-f988-4df7-8633-35f4df8c87c5.jpg?v=1790804428,1,Nike Paul Rodriguez 2 Zoom Air Black Gold 11 (Pre-Owned) - front,FALSE,,,,,,,,,,,,,,Pre-Owned,,,,,,,,,,,,,,,,,,,,,,,,,,,,,,,,,,,,lb,,,active,,,,
preowned-315459-001-11-po-1,,,,,,,,,,,,,,,,,,,,,,,,,,,,,,,https://cdn.shopify.com/s/files/1/0674/5767/9557/files/2e69ae49-c4fb-4dcd-92e3-2e256ad0ef22.jpg?v=1790804427,2,Nike Paul Rodriguez 2 Zoom Air Black Gold 11 (Pre-Owned) - back,,,,,,,,,,,,,,,,,,,,,,,,,,,,,,,,,,,,,,,,,,,,,,,,,,,,,,,,,,
preowned-315459-001-11-po-1,,,,,,,,,,,,,,,,,,,,,,,,,,,,,,,https://cdn.shopify.com/s/files/1/0674/5767/9557/files/17b240d3-a9ae-4894-a81d-c48b5def19ef.jpg?v=1790804427,3,Nike Paul Rodriguez 2 Zoom Air Black Gold 11 (Pre-Owned) - tag,,,,,,,,,,,,,,,,,,,,,,,,,,,,,,,,,,,,,,,,,,,,,,,,,,,,,,,,,,
preowned-315459-001-11-po-1,,,,,,,,,,,,,,,,,,,,,,,,,,,,,,,https://cdn.shopify.com/s/files/1/0674/5767/9557/files/be9b9a79-347d-4e35-bcae-76b524af84b8.jpg?v=1790804427,4,Nike Paul Rodriguez 2 Zoom Air Black Gold 11 (Pre-Owned) - aux,,,,,,,,,,,,,,,,,,,,,,,,,,,,,,,,,,,,,,,,,,,,,,,,,,,,,,,,,,
preowned-315459-001-11-po-1,,,,,,,,,,,,,,,,,,,,,,,,,,,,,,,https://cdn.shopify.com/s/files/1/0674/5767/9557/files/cbd2d683-be2a-4a87-b07f-df81478c176b.jpg?v=1790804428,5,Nike Paul Rodriguez 2 Zoom Air Black Gold 11 (Pre-Owned) - aux,,,,,,,,,,,,,,,,,,,,,,,,,,,,,,,,,,,,,,,,,,,,,,,,,,,,,,,,,,
preowned-315459-001-11-po-1,,,,,,,,,,,,,,,,,,,,,,,,,,,,,,,https://cdn.shopify.com/s/files/1/0674/5767/9557/files/863a4798-c813-494d-a616-b6d4cb070d1f.jpg?v=1790804427,6,Nike Paul Rodriguez 2 Zoom Air Black Gold 11 (Pre-Owned) - aux,,,,,,,,,,,,,,,,,,,,,,,,,,,,,,,,,,,,,,,,,,,,,,,,,,,,,,,,,,
preowned-315459-001-11-po-1,,,,,,,,,,,,,,,,,,,,,,,,,,,,,,,https://cdn.shopify.com/s/files/1/0674/5767/9557/files/e7fe5afd-83d7-4e61-88e7-c3e975939e80.jpg?v=1790804428,7,Nike Paul Rodriguez 2 Zoom Air Black Gold 11 (Pre-Owned) - aux,,,,,,,,,,,,,,,,,,,,,,,,,,,,,,,,,,,,,,,,,,,,,,,,,,,,,,,,,,
preowned-315459-001-11-po-1,,,,,,,,,,,,,,,,,,,,,,,,,,,,,,,https://cdn.shopify.com/s/files/1/0674/5767/9557/files/af208960-62dd-45a3-b8f8-4bfe0405783a.jpg?v=1790804427,8,Nike Paul Rodriguez 2 Zoom Air Black Gold 11 (Pre-Owned) - aux,,,,,,,,,,,,,,,,,,,,,,,,,,,,,,,,,,,,,,,,,,,,,,,,,,,,,,,,,,
preowned-preowned-nike-nikeai-8-wcmm,Nike Air Max 90 Ultra Essential 'Hasta' 8 (Pre-Owned),"Nike Air Max 90 Ultra Essential 'Hasta'<br>SKU: PREOWNED-NIKE-NIKEAI-8-WCMM<br>Size: 8<br>Condition: Lightly Worn<br>Box Condition: Original Box<br><br>All items are shipped out quickly with safe packaging.<br>Check our reviews to see the accuracy of conditions, speed of shipping &amp; quality of service.<br><br>Please DM if you have any questions or need any more information. Thank you!",Nike,,Pre-Owned Sneakers,"lightly_worn, nike, pre-owned, Restock",FALSE,Size,8,,,,,,,,PREOWNED-NIKE-NIKEAI-8-WCMM,0,shopify,deny,manual,70,,TRUE,TRUE,,,,,3896130076,,,,FALSE,,,,,,,,,,,,,,Pre-Owned,,,,,,,,,,,,,,,,,,,,,,,,,,,,,,,,,,,,lb,,,active,,,,
preowned-555088-013-13-po-1,Jordan 1 Retro High Shadow (2018) 13 (Pre-Owned),"Jordan 1 Retro High Shadow (2018)<br>SKU: 555088-013<br>Size: 13M / 14.5W<br>Condition: Lightly Worn<br>Box Condition: Replacement Box<br>Release Date: 2018-04-14<br><br>All items are shipped out quickly with safe packaging.<br>Check our reviews to see the accuracy of conditions, speed of shipping &amp; quality of service.<br><br>Please DM if you have any questions or need any more information. Thank you!",Jordan,,Pre-Owned Sneakers,"jordan, lightly_worn, pre-owned, Restock",TRUE,Size,13M / 14.5W,,,,,,,,555088-013-13-PO-1,0,shopify,deny,manual,120,,TRUE,TRUE,,,,,1634421039,https://cdn.shopify.com/s/files/1/0674/5767/9557/files/434af83c-b735-44b7-a76d-9a3171d2fdd7.jpg?v=1790365814,1,Jordan 1 Retro High Shadow (2018) 13 (Pre-Owned) - Image 1,FALSE,,,,,,,,,,,,,,Pre-Owned,,,,,,,,,,,,,,,,,,,,,,,,,,,,,,,,,,,,lb,,,active,,,,
preowned-555088-013-13-po-1,,,,,,,,,,,,,,,,,,,,,,,,,,,,,,,https://cdn.shopify.com/s/files/1/0674/5767/9557/files/98f1cd8c-853a-4299-97c9-af8ef4e9b80c.jpg?v=1790365814,2,Jordan 1 Retro High Shadow (2018) 13 (Pre-Owned) - Image 2,,,,,,,,,,,,,,,,,,,,,,,,,,,,,,,,,,,,,,,,,,,,,,,,,,,,,,,,,,
preowned-555088-013-13-po-1,,,,,,,,,,,,,,,,,,,,,,,,,,,,,,,https://cdn.shopify.com/s/files/1/0674/5767/9557/files/cbf9d414-21ce-4e23-83f1-37af535275d2.jpg?v=1790365814,3,Jordan 1 Retro High Shadow (2018) 13 (Pre-Owned) - Image 3,,,,,,,,,,,,,,,,,,,,,,,,,,,,,,,,,,,,,,,,,,,,,,,,,,,,,,,,,,
preowned-555088-013-13-po-1,,,,,,,,,,,,,,,,,,,,,,,,,,,,,,,https://cdn.shopify.com/s/files/1/0674/5767/9557/files/f1f647f5-f6a1-4127-9a1b-5e5f1ec6244b.jpg?v=1790365814,4,Jordan 1 Retro High Shadow (2018) 13 (Pre-Owned) - Image 4,,,,,,,,,,,,,,,,,,,,,,,,,,,,,,,,,,,,,,,,,,,,,,,,,,,,,,,,,,
preowned-555088-013-13-po-1,,,,,,,,,,,,,,,,,,,,,,,,,,,,,,,https://cdn.shopify.com/s/files/1/0674/5767/9557/files/539fc584-0e23-4887-a9cb-14faa47336a9.jpg?v=1790365814,5,Jordan 1 Retro High Shadow (2018) 13 (Pre-Owned) - Image 5,,,,,,,,,,,,,,,,,,,,,,,,,,,,,,,,,,,,,,,,,,,,,,,,,,,,,,,,,,
preowned-555088-013-13-po-1,,,,,,,,,,,,,,,,,,,,,,,,,,,,,,,https://cdn.shopify.com/s/files/1/0674/5767/9557/files/677ff09a-2560-4161-9113-5df430c971ac.jpg?v=1790365814,6,Jordan 1 Retro High Shadow (2018) 13 (Pre-Owned) - Image 6,,,,,,,,,,,,,,,,,,,,,,,,,,,,,,,,,,,,,,,,,,,,,,,,,,,,,,,,,,
preowned-555088-013-13-po-1,,,,,,,,,,,,,,,,,,,,,,,,,,,,,,,https://cdn.shopify.com/s/files/1/0674/5767/9557/files/f3c19a40-82d3-48d7-9839-8defba5b4aa6.jpg?v=1790365814,7,Jordan 1 Retro High Shadow (2018) 13 (Pre-Owned) - Image 7,,,,,,,,,,,,,,,,,,,,,,,,,,,,,,,,,,,,,,,,,,,,,,,,,,,,,,,,,,
preowned-555088-013-13-po-1,,,,,,,,,,,,,,,,,,,,,,,,,,,,,,,https://cdn.shopify.com/s/files/1/0674/5767/9557/files/2066858c-9ca3-4e38-a623-a76bd2146149.jpg?v=1790365814,8,Jordan 1 Retro High Shadow (2018) 13 (Pre-Owned) - Image 8,,,,,,,,,,,,,,,,,,,,,,,,,,,,,,,,,,,,,,,,,,,,,,,,,,,,,,,,,,
preowned-b37572-8-po-2,adidas Yeezy Boost 350 V2 Semi Frozen Yellow 8 (Pre-Owned),"adidas Yeezy Boost 350 V2 Semi Frozen Yellow<br>SKU: B37572<br>Size: 8M / 9.5W<br>Condition: Lightly Worn<br>Box Condition: Original Box<br><br>All items are shipped out quickly with safe packaging.<br>Check our reviews to see the accuracy of conditions, speed of shipping &amp; quality of service.<br><br>Please DM if you have any questions or need any more information. Thank you!",adidas,,Pre-Owned Sneakers,"adidas, lightly_worn, pre-owned, Restock",TRUE,Size,8M / 9.5W,,,,,,,,B37572-8-PO-2,0,shopify,deny,manual,130,,TRUE,TRUE,,,,,3302925105,https://cdn.shopify.com/s/files/1/0674/5767/9557/files/0fffd0d5-3a98-4290-9c53-a9929baae26c.jpg?v=1790187220,1,adidas Yeezy Boost 350 V2 Semi Frozen Yellow - Image 1,FALSE,,,,,,,,,,,,,,Pre-Owned,,,,,,,,,,,,,,,,,,,,,,,,,,,,,,,,,,,,lb,,,active,,,,
preowned-b37572-8-po-2,,,,,,,,,,,,,,,,,,,,,,,,,,,,,,,https://cdn.shopify.com/s/files/1/0674/5767/9557/files/5b50cf10-fd5a-4bc3-81b3-3c08f25720f0.jpg?v=1790187220,2,adidas Yeezy Boost 350 V2 Semi Frozen Yellow - Image 2,,,,,,,,,,,,,,,,,,,,,,,,,,,,,,,,,,,,,,,,,,,,,,,,,,,,,,,,,,
preowned-b37572-8-po-2,,,,,,,,,,,,,,,,,,,,,,,,,,,,,,,https://cdn.shopify.com/s/files/1/0674/5767/9557/files/797deac9-79cd-4749-865a-30bea52ba4fb.jpg?v=1790187220,3,adidas Yeezy Boost 350 V2 Semi Frozen Yellow - Image 3,,,,,,,,,,,,,,,,,,,,,,,,,,,,,,,,,,,,,,,,,,,,,,,,,,,,,,,,,,
preowned-b37572-8-po-2,,,,,,,,,,,,,,,,,,,,,,,,,,,,,,,https://cdn.shopify.com/s/files/1/0674/5767/9557/files/9731135e-5858-449b-b7b9-da01c1455390.jpg?v=1790187220,4,adidas Yeezy Boost 350 V2 Semi Frozen Yellow - Image 4,,,,,,,,,,,,,,,,,,,,,,,,,,,,,,,,,,,,,,,,,,,,,,,,,,,,,,,,,,
preowned-b37572-8-po-2,,,,,,,,,,,,,,,,,,,,,,,,,,,,,,,https://cdn.shopify.com/s/files/1/0674/5767/9557/files/785b9af1-4ef7-4e74-99b9-71ac8aee1528.jpg?v=1790187222,5,adidas Yeezy Boost 350 V2 Semi Frozen Yellow - Image 5,,,,,,,,,,,,,,,,,,,,,,,,,,,,,,,,,,,,,,,,,,,,,,,,,,,,,,,,,,
preowned-b37572-8-po-2,,,,,,,,,,,,,,,,,,,,,,,,,,,,,,,https://cdn.shopify.com/s/files/1/0674/5767/9557/files/93cb9f2c-8708-49a0-8fdc-6693d9fc3e4a.jpg?v=1790187220,6,adidas Yeezy Boost 350 V2 Semi Frozen Yellow - Image 6,,,,,,,,,,,,,,,,,,,,,,,,,,,,,,,,,,,,,,,,,,,,,,,,,,,,,,,,,,
preowned-b37572-8-po-2,,,,,,,,,,,,,,,,,,,,,,,,,,,,,,,https://cdn.shopify.com/s/files/1/0674/5767/9557/files/4e2828d7-3421-409c-ae7f-a58454a5a314.jpg?v=1790187220,7,adidas Yeezy Boost 350 V2 Semi Frozen Yellow - Image 7,,,,,,,,,,,,,,,,,,,,,,,,,,,,,,,,,,,,,,,,,,,,,,,,,,,,,,,,,,
preowned-b37572-8-po-2,,,,,,,,,,,,,,,,,,,,,,,,,,,,,,,https://cdn.shopify.com/s/files/1/0674/5767/9557/files/94a54c40-4445-4c94-a3fe-5a6902255459.jpg?v=1790187220,8,adidas Yeezy Boost 350 V2 Semi Frozen Yellow - Image 8,,,,,,,,,,,,,,,,,,,,,,,,,,,,,,,,,,,,,,,,,,,,,,,,,,,,,,,,,,
preowned-302370-012-13-po-2,Jordan 9 Retro Johnny Kilroy 13 (Pre-Owned),"Jordan 9 Retro Johnny Kilroy<br>SKU: 302370-012<br>Size: 13M / 14.5W<br>Condition: Moderately Worn<br>Box Condition: Original Box<br><br>All items are shipped out quickly with safe packaging.<br>Check our reviews to see the accuracy of conditions, speed of shipping &amp; quality of service.<br><br>Please DM if you have any questions or need any more information. Thank you!",Jordan,,Pre-Owned Sneakers,"jordan, moderately_worn, pre-owned, Restock",TRUE,Size,13M / 14.5W,,,,,,,,302370-012-13-PO-2,0,shopify,deny,manual,130,,TRUE,TRUE,,,,,8715821510,https://cdn.shopify.com/s/files/1/0674/5767/9557/files/129b5546-b1f2-4c07-897e-d97d8228149a.jpg?v=1790188178,1,Jordan 9 Retro Johnny Kilroy - Image 1,FALSE,,,,,,,,,,,,,,Pre-Owned,,,,,,,,,,,,,,,,,,,,,,,,,,,,,,,,,,,,lb,,,active,,,,
preowned-302370-012-13-po-2,,,,,,,,,,,,,,,,,,,,,,,,,,,,,,,https://cdn.shopify.com/s/files/1/0674/5767/9557/files/a0bff9e7-6e93-4fd0-b629-3827eb0b7545.jpg?v=1790188178,2,Jordan 9 Retro Johnny Kilroy - Image 2,,,,,,,,,,,,,,,,,,,,,,,,,,,,,,,,,,,,,,,,,,,,,,,,,,,,,,,,,,
preowned-302370-012-13-po-2,,,,,,,,,,,,,,,,,,,,,,,,,,,,,,,https://cdn.shopify.com/s/files/1/0674/5767/9557/files/0507ab9b-2b46-493a-9e0e-3b1f5509bdef.jpg?v=1790188178,3,Jordan 9 Retro Johnny Kilroy - Image 3,,,,,,,,,,,,,,,,,,,,,,,,,,,,,,,,,,,,,,,,,,,,,,,,,,,,,,,,,,
preowned-302370-012-13-po-2,,,,,,,,,,,,,,,,,,,,,,,,,,,,,,,https://cdn.shopify.com/s/files/1/0674/5767/9557/files/7ecfd12c-6fa3-40b9-9c58-61abec18de2f.jpg?v=1790188178,4,Jordan 9 Retro Johnny Kilroy - Image 4,,,,,,,,,,,,,,,,,,,,,,,,,,,,,,,,,,,,,,,,,,,,,,,,,,,,,,,,,,
preowned-302370-012-13-po-2,,,,,,,,,,,,,,,,,,,,,,,,,,,,,,,https://cdn.shopify.com/s/files/1/0674/5767/9557/files/977f18d0-32d4-4c53-adfb-975afbe83e63.jpg?v=1790188178,5,Jordan 9 Retro Johnny Kilroy - Image 5,,,,,,,,,,,,,,,,,,,,,,,,,,,,,,,,,,,,,,,,,,,,,,,,,,,,,,,,,,
preowned-302370-012-13-po-2,,,,,,,,,,,,,,,,,,,,,,,,,,,,,,,https://cdn.shopify.com/s/files/1/0674/5767/9557/files/0705173f-5122-41cc-8146-ebcce1c991fe.jpg?v=1790188178,6,Jordan 9 Retro Johnny Kilroy - Image 6,,,,,,,,,,,,,,,,,,,,,,,,,,,,,,,,,,,,,,,,,,,,,,,,,,,,,,,,,,
preowned-302370-012-13-po-2,,,,,,,,,,,,,,,,,,,,,,,,,,,,,,,https://cdn.shopify.com/s/files/1/0674/5767/9557/files/0ece4de7-78c7-41f0-8044-343093650c99.jpg?v=1790188178,7,Jordan 9 Retro Johnny Kilroy - Image 7,,,,,,,,,,,,,,,,,,,,,,,,,,,,,,,,,,,,,,,,,,,,,,,,,,,,,,,,,,
preowned-302370-012-13-po-2,,,,,,,,,,,,,,,,,,,,,,,,,,,,,,,https://cdn.shopify.com/s/files/1/0674/5767/9557/files/22aaed5e-6ef4-476c-8daf-91d98c0f0b2a.jpg?v=1790188178,8,Jordan 9 Retro Johnny Kilroy - Image 8,,,,,,,,,,,,,,,,,,,,,,,,,,,,,,,,,,,,,,,,,,,,,,,,,,,,,,,,,,
preowned-dd1869-110-7w-n-1,Nike Dunk High Pink Prime (Women's) 7W (Pre-Owned),"Nike Dunk High Pink Prime (Women's)<br>SKU: DD1869-110<br>Size: 7W<br>Condition: New<br>Box Condition: Original Box<br>Release Date: 2022-05-05<br><br>All items are shipped out quickly with safe packaging.<br>Check our reviews to see the accuracy of conditions, speed of shipping &amp; quality of service.<br><br>Please DM if you have any questions or need any more information. Thank you!",Nike,,Pre-Owned Sneakers,"new, nike, special",TRUE,Size,7W,,,,,,,,DD1869-110-7W-N-1,0,shopify,deny,manual,85,,TRUE,TRUE,,,,,1530372017,https://cdn.shopify.com/s/files/1/0674/5767/9557/files/2eaaecf8-3372-4624-a3f0-5cc7910102b6.jpg?v=1790187399,1,Nike Dunk High Pink Prime (Women's) 7W (Pre-Owned) - Image 1,FALSE,,,,,,,,,,,,,,,,,,,,,,,,,,,,,,,,,,,,,,,,,,,,,,,,,,lb,,,active,,,,
preowned-dd1869-110-7w-n-1,,,,,,,,,,,,,,,,,,,,,,,,,,,,,,,https://cdn.shopify.com/s/files/1/0674/5767/9557/files/e3ea3c94-29f9-4fb6-96c1-8d68dc9fdf5a.jpg?v=1790187399,2,Nike Dunk High Pink Prime (Women's) 7W (Pre-Owned) - Image 2,,,,,,,,,,,,,,,,,,,,,,,,,,,,,,,,,,,,,,,,,,,,,,,,,,,,,,,,,,
preowned-dd1869-110-7w-n-1,,,,,,,,,,,,,,,,,,,,,,,,,,,,,,,https://cdn.shopify.com/s/files/1/0674/5767/9557/files/6f06b114-8e89-454a-9c37-fd52e4b128b6.jpg?v=1790187399,3,Nike Dunk High Pink Prime (Women's) 7W (Pre-Owned) - Image 3,,,,,,,,,,,,,,,,,,,,,,,,,,,,,,,,,,,,,,,,,,,,,,,,,,,,,,,,,,
preowned-dd1869-110-7w-n-1,,,,,,,,,,,,,,,,,,,,,,,,,,,,,,,https://cdn.shopify.com/s/files/1/0674/5767/9557/files/e34ca666-df8a-4ce0-a06f-f1c7b39ea0d7.jpg?v=1790187399,4,Nike Dunk High Pink Prime (Women's) 7W (Pre-Owned) - Image 4,,,,,,,,,,,,,,,,,,,,,,,,,,,,,,,,,,,,,,,,,,,,,,,,,,,,,,,,,,
preowned-dd1869-110-7w-n-1,,,,,,,,,,,,,,,,,,,,,,,,,,,,,,,https://cdn.shopify.com/s/files/1/0674/5767/9557/files/af0743a4-6444-4346-b6e1-75dc3564ae02.jpg?v=1790187399,5,Nike Dunk High Pink Prime (Women's) 7W (Pre-Owned) - Image 5,,,,,,,,,,,,,,,,,,,,,,,,,,,,,,,,,,,,,,,,,,,,,,,,,,,,,,,,,,
preowned-dd1869-110-7w-n-1,,,,,,,,,,,,,,,,,,,,,,,,,,,,,,,https://cdn.shopify.com/s/files/1/0674/5767/9557/files/7903837c-e854-4496-a76e-60adf1a68fbd.jpg?v=1790187399,6,Nike Dunk High Pink Prime (Women's) 7W (Pre-Owned) - Image 6,,,,,,,,,,,,,,,,,,,,,,,,,,,,,,,,,,,,,,,,,,,,,,,,,,,,,,,,,,
preowned-dd1869-110-7w-n-1,,,,,,,,,,,,,,,,,,,,,,,,,,,,,,,https://cdn.shopify.com/s/files/1/0674/5767/9557/files/9013e234-ece5-4a2a-99b1-698c9b716177.jpg?v=1790187399,7,Nike Dunk High Pink Prime (Women's) 7W (Pre-Owned) - Image 7,,,,,,,,,,,,,,,,,,,,,,,,,,,,,,,,,,,,,,,,,,,,,,,,,,,,,,,,,,
preowned-dd1869-110-7w-n-1,,,,,,,,,,,,,,,,,,,,,,,,,,,,,,,https://cdn.shopify.com/s/files/1/0674/5767/9557/files/a244e1c8-9e32-4ba5-a8aa-decd012913ee.jpg?v=1790187399,8,Nike Dunk High Pink Prime (Women's) 7W (Pre-Owned) - Image 8,,,,,,,,,,,,,,,,,,,,,,,,,,,,,,,,,,,,,,,,,,,,,,,,,,,,,,,,,,
preowned-312274-02-9-po-1,Puma LaMelo Ball LaFrancé RNR Triple White 9 (Pre-Owned),"Puma LaMelo Ball LaFrancé RNR Triple White<br>SKU: 312274-02<br>Size: 9M / 10.5W<br>Condition: Lightly Worn<br>Box Condition: No Box<br>Release Date: 2025-08-15<br><br>All items are shipped out quickly with safe packaging.<br>Check our reviews to see the accuracy of conditions, speed of shipping &amp; quality of service.<br><br>Please DM if you have any questions or need any more information. Thank you!",Puma,,Pre-Owned Sneakers,"lightly_worn, pre-owned, puma, Restock",TRUE,Size,9M / 10.5W,,,,,,,,312274-02-9-PO-1,0,shopify,deny,manual,55,,TRUE,TRUE,,,,,4498409489,https://cdn.shopify.com/s/files/1/0674/5767/9557/files/4dad1485-10aa-4ab0-981d-87873c003bf5.jpg?v=1790366835,1,Puma LaMelo Ball LaFrancé RNR Triple White 9 (Pre-Owned) - Image 1,FALSE,,,,,,,,,,,,,,Pre-Owned,,,,,,,,,,,,,,,,,,,,,,,,,,,,,,,,,,,,lb,,,active,,,,
preowned-312274-02-9-po-1,,,,,,,,,,,,,,,,,,,,,,,,,,,,,,,https://cdn.shopify.com/s/files/1/0674/5767/9557/files/15197c03-24c6-4a6c-bfe3-6c455ce996a6.jpg?v=1790366835,2,Puma LaMelo Ball LaFrancé RNR Triple White 9 (Pre-Owned) - Image 2,,,,,,,,,,,,,,,,,,,,,,,,,,,,,,,,,,,,,,,,,,,,,,,,,,,,,,,,,,
preowned-312274-02-9-po-1,,,,,,,,,,,,,,,,,,,,,,,,,,,,,,,https://cdn.shopify.com/s/files/1/0674/5767/9557/files/878d23bb-7538-4dcc-99d0-eb2d7f5ea126.jpg?v=1790366835,3,Puma LaMelo Ball LaFrancé RNR Triple White 9 (Pre-Owned) - Image 3,,,,,,,,,,,,,,,,,,,,,,,,,,,,,,,,,,,,,,,,,,,,,,,,,,,,,,,,,,
preowned-312274-02-9-po-1,,,,,,,,,,,,,,,,,,,,,,,,,,,,,,,https://cdn.shopify.com/s/files/1/0674/5767/9557/files/d4994c31-f34e-48f7-a8b4-062841629c85.jpg?v=1790366834,4,Puma LaMelo Ball LaFrancé RNR Triple White 9 (Pre-Owned) - Image 4,,,,,,,,,,,,,,,,,,,,,,,,,,,,,,,,,,,,,,,,,,,,,,,,,,,,,,,,,,
preowned-312274-02-9-po-1,,,,,,,,,,,,,,,,,,,,,,,,,,,,,,,https://cdn.shopify.com/s/files/1/0674/5767/9557/files/f3c8fa87-4c47-43d2-a46e-fcc70a1dfbc5.jpg?v=1790366834,5,Puma LaMelo Ball LaFrancé RNR Triple White 9 (Pre-Owned) - Image 5,,,,,,,,,,,,,,,,,,,,,,,,,,,,,,,,,,,,,,,,,,,,,,,,,,,,,,,,,,
preowned-312274-02-9-po-1,,,,,,,,,,,,,,,,,,,,,,,,,,,,,,,https://cdn.shopify.com/s/files/1/0674/5767/9557/files/3e883cda-1ca0-4e86-b2aa-bda58f1954df.jpg?v=1790366835,6,Puma LaMelo Ball LaFrancé RNR Triple White 9 (Pre-Owned) - Image 6,,,,,,,,,,,,,,,,,,,,,,,,,,,,,,,,,,,,,,,,,,,,,,,,,,,,,,,,,,
preowned-312274-02-9-po-1,,,,,,,,,,,,,,,,,,,,,,,,,,,,,,,https://cdn.shopify.com/s/files/1/0674/5767/9557/files/98d813a8-3891-4fe9-909a-11678550e321.jpg?v=1790366835,7,Puma LaMelo Ball LaFrancé RNR Triple White 9 (Pre-Owned) - Image 7,,,,,,,,,,,,,,,,,,,,,,,,,,,,,,,,,,,,,,,,,,,,,,,,,,,,,,,,,,
preowned-ih0946-100-8-5-po-1,Nike P-6000 Premium Cordura Light Orewood Brown Green Abyss 8.5 (Pre-Owned),"Nike P-6000 Premium Cordura Light Orewood Brown Green Abyss<br>SKU: IH0946-100<br>Size: 8.5M / 10W<br>Condition: Lightly Worn<br>Box Condition: No Box<br>Release Date: 2025-10-13<br><br>All items are shipped out quickly with safe packaging.<br>Check our reviews to see the accuracy of conditions, speed of shipping &amp; quality of service.<br><br>Please DM if you have any questions or need any more information. Thank you!",Nike,,Pre-Owned Sneakers,"lightly_worn, nike, pre-owned, Restock",TRUE,Size,8.5M / 10W,,,,,,,,IH0946-100-8.5-PO-1,0,shopify,deny,manual,30,,TRUE,TRUE,,,,,3234705168,https://cdn.shopify.com/s/files/1/0674/5767/9557/files/cb2db08a-bf24-44b0-82a7-aa2a3fc5d2db.jpg?v=1790366681,1,Nike P-6000 Premium Cordura Light Orewood Brown Green Abyss 8.5 (Pre-Owned) - Image 1,FALSE,,,,,,,,,,,,,,Pre-Owned,,,,,,,,,,,,,,,,,,,,,,,,,,,,,,,,,,,,lb,,,active,,,,
preowned-ih0946-100-8-5-po-1,,,,,,,,,,,,,,,,,,,,,,,,,,,,,,,https://cdn.shopify.com/s/files/1/0674/5767/9557/files/b4f3af6f-f798-4f48-a386-629c519d0b19.jpg?v=1790366681,2,Nike P-6000 Premium Cordura Light Orewood Brown Green Abyss 8.5 (Pre-Owned) - Image 2,,,,,,,,,,,,,,,,,,,,,,,,,,,,,,,,,,,,,,,,,,,,,,,,,,,,,,,,,,
preowned-ih0946-100-8-5-po-1,,,,,,,,,,,,,,,,,,,,,,,,,,,,,,,https://cdn.shopify.com/s/files/1/0674/5767/9557/files/81499ffa-f9d4-4eb4-94cd-c4e89f5a9d4f.jpg?v=1790366681,3,Nike P-6000 Premium Cordura Light Orewood Brown Green Abyss 8.5 (Pre-Owned) - Image 3,,,,,,,,,,,,,,,,,,,,,,,,,,,,,,,,,,,,,,,,,,,,,,,,,,,,,,,,,,
preowned-ih0946-100-8-5-po-1,,,,,,,,,,,,,,,,,,,,,,,,,,,,,,,https://cdn.shopify.com/s/files/1/0674/5767/9557/files/6f838700-89af-497f-b5e3-435f9b4907ff.jpg?v=1790366681,4,Nike P-6000 Premium Cordura Light Orewood Brown Green Abyss 8.5 (Pre-Owned) - Image 4,,,,,,,,,,,,,,,,,,,,,,,,,,,,,,,,,,,,,,,,,,,,,,,,,,,,,,,,,,
preowned-ih0946-100-8-5-po-1,,,,,,,,,,,,,,,,,,,,,,,,,,,,,,,https://cdn.shopify.com/s/files/1/0674/5767/9557/files/864d5a57-b523-4a26-913a-26e2e8816aed.jpg?v=1790366681,5,Nike P-6000 Premium Cordura Light Orewood Brown Green Abyss 8.5 (Pre-Owned) - Image 5,,,,,,,,,,,,,,,,,,,,,,,,,,,,,,,,,,,,,,,,,,,,,,,,,,,,,,,,,,
preowned-ih0946-100-8-5-po-1,,,,,,,,,,,,,,,,,,,,,,,,,,,,,,,https://cdn.shopify.com/s/files/1/0674/5767/9557/files/0c7161f9-de10-4657-be49-aa8ea6a367ed.jpg?v=1790366682,6,Nike P-6000 Premium Cordura Light Orewood Brown Green Abyss 8.5 (Pre-Owned) - Image 6,,,,,,,,,,,,,,,,,,,,,,,,,,,,,,,,,,,,,,,,,,,,,,,,,,,,,,,,,,
preowned-ih0946-100-8-5-po-1,,,,,,,,,,,,,,,,,,,,,,,,,,,,,,,https://cdn.shopify.com/s/files/1/0674/5767/9557/files/0cafd264-b8c4-4d3c-bf4b-89c8e3fa4693.jpg?v=1790366681,7,Nike P-6000 Premium Cordura Light Orewood Brown Green Abyss 8.5 (Pre-Owned) - Image 7,,,,,,,,,,,,,,,,,,,,,,,,,,,,,,,,,,,,,,,,,,,,,,,,,,,,,,,,,,
preowned-487471-701-11-po-1,Jordan 14 Retro Light Ginger (2022) 11 (Pre-Owned),"Jordan 14 Retro Light Ginger (2022)<br>SKU: 487471-701<br>Size: 11M / 12.5W<br>Condition: Lightly Worn<br>Box Condition: No Box<br>Release Date: 2022-08-17<br><br>All items are shipped out quickly with safe packaging.<br>Check our reviews to see the accuracy of conditions, speed of shipping &amp; quality of service.<br><br>Please DM if you have any questions or need any more information. Thank you!",Jordan,,Pre-Owned Sneakers,"jordan, lightly_worn, pre-owned, Restock",TRUE,Size,11M / 12.5W,,,,,,,,487471-701-11-PO-1,0,shopify,deny,manual,110,,TRUE,TRUE,,,,,1868533416,https://cdn.shopify.com/s/files/1/0674/5767/9557/files/c0a54d58-8b56-4185-874e-e05a92472860.jpg?v=1790361401,1,Jordan 14 Retro Light Ginger (2022) 11 (Pre-Owned) - Image 1,FALSE,,,,,,,,,,,,,,Pre-Owned,,,,,,,,,,,,,,,,,,,,,,,,,,,,,,,,,,,,lb,,,active,,,,
preowned-487471-701-11-po-1,,,,,,,,,,,,,,,,,,,,,,,,,,,,,,,https://cdn.shopify.com/s/files/1/0674/5767/9557/files/48b610ae-9c94-4ec3-b05b-6d5f8cf55f5a.jpg?v=1790361401,2,Jordan 14 Retro Light Ginger (2022) 11 (Pre-Owned) - Image 2,,,,,,,,,,,,,,,,,,,,,,,,,,,,,,,,,,,,,,,,,,,,,,,,,,,,,,,,,,
preowned-487471-701-11-po-1,,,,,,,,,,,,,,,,,,,,,,,,,,,,,,,https://cdn.shopify.com/s/files/1/0674/5767/9557/files/a8625eb8-6dc6-47b6-a7be-678ab8e2eef4.jpg?v=1790361401,3,Jordan 14 Retro Light Ginger (2022) 11 (Pre-Owned) - Image 3,,,,,,,,,,,,,,,,,,,,,,,,,,,,,,,,,,,,,,,,,,,,,,,,,,,,,,,,,,
preowned-487471-701-11-po-1,,,,,,,,,,,,,,,,,,,,,,,,,,,,,,,https://cdn.shopify.com/s/files/1/0674/5767/9557/files/e5022ccf-9a2a-4028-8623-e1762684f4c6.jpg?v=1790361401,4,Jordan 14 Retro Light Ginger (2022) 11 (Pre-Owned) - Image 4,,,,,,,,,,,,,,,,,,,,,,,,,,,,,,,,,,,,,,,,,,,,,,,,,,,,,,,,,,
preowned-487471-701-11-po-1,,,,,,,,,,,,,,,,,,,,,,,,,,,,,,,https://cdn.shopify.com/s/files/1/0674/5767/9557/files/25ff4c93-b4bb-47e2-ae66-9ffd2c3fe7da.jpg?v=1790361401,5,Jordan 14 Retro Light Ginger (2022) 11 (Pre-Owned) - Image 5,,,,,,,,,,,,,,,,,,,,,,,,,,,,,,,,,,,,,,,,,,,,,,,,,,,,,,,,,,
preowned-487471-701-11-po-1,,,,,,,,,,,,,,,,,,,,,,,,,,,,,,,https://cdn.shopify.com/s/files/1/0674/5767/9557/files/2bcda1bf-d8ec-47d1-a86e-e0ad25e5be5e.jpg?v=1790361401,6,Jordan 14 Retro Light Ginger (2022) 11 (Pre-Owned) - Image 6,,,,,,,,,,,,,,,,,,,,,,,,,,,,,,,,,,,,,,,,,,,,,,,,,,,,,,,,,,
preowned-487471-701-11-po-1,,,,,,,,,,,,,,,,,,,,,,,,,,,,,,,https://cdn.shopify.com/s/files/1/0674/5767/9557/files/b218f090-b2d4-40c7-b0a6-44cd86e5d440.jpg?v=1790361401,7,Jordan 14 Retro Light Ginger (2022) 11 (Pre-Owned) - Image 7,,,,,,,,,,,,,,,,,,,,,,,,,,,,,,,,,,,,,,,,,,,,,,,,,,,,,,,,,,
preowned-624041-304-10-po-1,Nike Air Foamposite Pro Sequoia 10 (Pre-Owned),"Nike Air Foamposite Pro Sequoia<br>SKU: 624041-304<br>Size: 10M / 11.5W<br>Condition: Moderately Worn<br>Box Condition: No Box<br>Release Date: 2018-08-16<br><br>All items are shipped out quickly with safe packaging.<br>Check our reviews to see the accuracy of conditions, speed of shipping &amp; quality of service.<br><br>Please DM if you have any questions or need any more information. Thank you!",Nike,,Pre-Owned Sneakers,"moderately_worn, nike, pre-owned, Restock",TRUE,Size,10M / 11.5W,,,,,,,,624041-304-10-PO-1,0,shopify,deny,manual,95,,TRUE,TRUE,,,,,6184834429,https://cdn.shopify.com/s/files/1/0674/5767/9557/files/7e09937f-fcd8-42fc-92ff-806e8f8a7746.jpg?v=1790361291,1,Nike Air Foamposite Pro Sequoia 10 (Pre-Owned) - Image 1,FALSE,,,,,,,,,,,,,,Pre-Owned,,,,,,,,,,,,,,,,,,,,,,,,,,,,,,,,,,,,lb,,,active,,,,
preowned-624041-304-10-po-1,,,,,,,,,,,,,,,,,,,,,,,,,,,,,,,https://cdn.shopify.com/s/files/1/0674/5767/9557/files/52e44a36-9874-43b8-b1c0-30ca718c3269.jpg?v=1790361291,2,Nike Air Foamposite Pro Sequoia 10 (Pre-Owned) - Image 2,,,,,,,,,,,,,,,,,,,,,,,,,,,,,,,,,,,,,,,,,,,,,,,,,,,,,,,,,,
preowned-624041-304-10-po-1,,,,,,,,,,,,,,,,,,,,,,,,,,,,,,,https://cdn.shopify.com/s/files/1/0674/5767/9557/files/cdc85250-d4cb-46e8-a71a-5f3d830b9c74.jpg?v=1790361291,3,Nike Air Foamposite Pro Sequoia 10 (Pre-Owned) - Image 3,,,,,,,,,,,,,,,,,,,,,,,,,,,,,,,,,,,,,,,,,,,,,,,,,,,,,,,,,,
preowned-624041-304-10-po-1,,,,,,,,,,,,,,,,,,,,,,,,,,,,,,,https://cdn.shopify.com/s/files/1/0674/5767/9557/files/c3efb139-2baa-472b-9e70-245ff82e8875.jpg?v=1790361291,4,Nike Air Foamposite Pro Sequoia 10 (Pre-Owned) - Image 4,,,,,,,,,,,,,,,,,,,,,,,,,,,,,,,,,,,,,,,,,,,,,,,,,,,,,,,,,,
preowned-624041-304-10-po-1,,,,,,,,,,,,,,,,,,,,,,,,,,,,,,,https://cdn.shopify.com/s/files/1/0674/5767/9557/files/8051f301-77f6-4d98-b825-721e892a81f8.jpg?v=1790361291,5,Nike Air Foamposite Pro Sequoia 10 (Pre-Owned) - Image 5,,,,,,,,,,,,,,,,,,,,,,,,,,,,,,,,,,,,,,,,,,,,,,,,,,,,,,,,,,
preowned-624041-304-10-po-1,,,,,,,,,,,,,,,,,,,,,,,,,,,,,,,https://cdn.shopify.com/s/files/1/0674/5767/9557/files/fde08217-3a88-4803-b37d-84a7c2ad0e97.jpg?v=1790361291,6,Nike Air Foamposite Pro Sequoia 10 (Pre-Owned) - Image 6,,,,,,,,,,,,,,,,,,,,,,,,,,,,,,,,,,,,,,,,,,,,,,,,,,,,,,,,,,
preowned-624041-304-10-po-1,,,,,,,,,,,,,,,,,,,,,,,,,,,,,,,https://cdn.shopify.com/s/files/1/0674/5767/9557/files/38406ed8-a71f-4428-96c7-8e73c61f6ae5.jpg?v=1790361291,7,Nike Air Foamposite Pro Sequoia 10 (Pre-Owned) - Image 7,,,,,,,,,,,,,,,,,,,,,,,,,,,,,,,,,,,,,,,,,,,,,,,,,,,,,,,,,,
preowned-354912-007-10-5-po-1,Nike Air Griffey Max 1 Pure Platinum Pimento 10.5 (Pre-Owned),"Nike Air Griffey Max 1 Pure Platinum Pimento<br>SKU: 354912-007<br>Size: 10.5M / 12W<br>Condition: Moderately Worn<br>Box Condition: No Box<br>Release Date: 2013-06-15<br><br>All items are shipped out quickly with safe packaging.<br>Check our reviews to see the accuracy of conditions, speed of shipping &amp; quality of service.<br><br>Please DM if you have any questions or need any more information. Thank you!",Nike,,Pre-Owned Sneakers,"moderately_worn, nike, pre-owned, Restock",TRUE,Size,10.5M / 12W,,,,,,,,354912-007-10.5-PO-1,0,shopify,deny,manual,70,,TRUE,TRUE,,,,,7368945414,https://cdn.shopify.com/s/files/1/0674/5767/9557/files/a3b62440-66b6-4526-901c-e3164e1ff208.jpg?v=1790361622,1,Nike Air Griffey Max 1 Pure Platinum Pimento 10.5 (Pre-Owned) - Image 1,FALSE,,,,,,,,,,,,,,Pre-Owned,,,,,,,,,,,,,,,,,,,,,,,,,,,,,,,,,,,,lb,,,active,,,,
preowned-354912-007-10-5-po-1,,,,,,,,,,,,,,,,,,,,,,,,,,,,,,,https://cdn.shopify.com/s/files/1/0674/5767/9557/files/9fac2b85-1239-46bb-b72f-c90d7734b5e9.jpg?v=1790361622,2,Nike Air Griffey Max 1 Pure Platinum Pimento 10.5 (Pre-Owned) - Image 2,,,,,,,,,,,,,,,,,,,,,,,,,,,,,,,,,,,,,,,,,,,,,,,,,,,,,,,,,,
preowned-354912-007-10-5-po-1,,,,,,,,,,,,,,,,,,,,,,,,,,,,,,,https://cdn.shopify.com/s/files/1/0674/5767/9557/files/27c56e90-696e-47ca-a1c3-c0b75514545d.jpg?v=1790361622,3,Nike Air Griffey Max 1 Pure Platinum Pimento 10.5 (Pre-Owned) - Image 3,,,,,,,,,,,,,,,,,,,,,,,,,,,,,,,,,,,,,,,,,,,,,,,,,,,,,,,,,,
preowned-354912-007-10-5-po-1,,,,,,,,,,,,,,,,,,,,,,,,,,,,,,,https://cdn.shopify.com/s/files/1/0674/5767/9557/files/77d8f65c-3d0e-451d-a49b-632804b3588f.jpg?v=1790361622,4,Nike Air Griffey Max 1 Pure Platinum Pimento 10.5 (Pre-Owned) - Image 4,,,,,,,,,,,,,,,,,,,,,,,,,,,,,,,,,,,,,,,,,,,,,,,,,,,,,,,,,,
preowned-354912-007-10-5-po-1,,,,,,,,,,,,,,,,,,,,,,,,,,,,,,,https://cdn.shopify.com/s/files/1/0674/5767/9557/files/3c17b310-340d-41f6-8793-1a2cc995acb8.jpg?v=1790361622,5,Nike Air Griffey Max 1 Pure Platinum Pimento 10.5 (Pre-Owned) - Image 5,,,,,,,,,,,,,,,,,,,,,,,,,,,,,,,,,,,,,,,,,,,,,,,,,,,,,,,,,,
preowned-354912-007-10-5-po-1,,,,,,,,,,,,,,,,,,,,,,,,,,,,,,,https://cdn.shopify.com/s/files/1/0674/5767/9557/files/5992ac07-491e-4e14-9dff-48f5b6ca3936.jpg?v=1790361622,6,Nike Air Griffey Max 1 Pure Platinum Pimento 10.5 (Pre-Owned) - Image 6,,,,,,,,,,,,,,,,,,,,,,,,,,,,,,,,,,,,,,,,,,,,,,,,,,,,,,,,,,
preowned-354912-007-10-5-po-1,,,,,,,,,,,,,,,,,,,,,,,,,,,,,,,https://cdn.shopify.com/s/files/1/0674/5767/9557/files/040c4a7a-cfed-4a98-8a3b-0501c033996b.jpg?v=1790361622,7,Nike Air Griffey Max 1 Pure Platinum Pimento 10.5 (Pre-Owned) - Image 7,,,,,,,,,,,,,,,,,,,,,,,,,,,,,,,,,,,,,,,,,,,,,,,,,,,,,,,,,,
preowned-ct8013-015-10-5-po-2,Jordan 12 Retro Stealth 10.5 (Pre-Owned),"Jordan 12 Retro Stealth<br>SKU: CT8013-015<br>Size: 10.5M / 12W<br>Condition: Moderately Worn<br>Box Condition: Original Box<br><br>All items are shipped out quickly with safe packaging.<br>Check our reviews to see the accuracy of conditions, speed of shipping &amp; quality of service.<br><br>Please DM if you have any questions or need any more information. Thank you!",Jordan,,Pre-Owned Sneakers,"jordan, moderately_worn, pre-owned, Restock",TRUE,Size,10.5M / 12W,,,,,,,,CT8013-015-10.5-PO-2,0,shopify,deny,manual,110,,TRUE,TRUE,,,,,4663655911,https://cdn.shopify.com/s/files/1/0674/5767/9557/files/4b888a18-4ea3-41c5-b698-0fef715634cd.jpg?v=1790362627,1,Jordan 12 Retro Stealth 10.5 (Pre-Owned) - Image 1,FALSE,,,,,,,,,,,,,,Pre-Owned,,,,,,,,,,,,,,,,,,,,,,,,,,,,,,,,,,,,lb,,,active,,,,
preowned-ct8013-015-10-5-po-2,,,,,,,,,,,,,,,,,,,,,,,,,,,,,,,https://cdn.shopify.com/s/files/1/0674/5767/9557/files/a56d214a-e425-4ef2-aefb-af92ca70f288.jpg?v=1790362627,2,Jordan 12 Retro Stealth 10.5 (Pre-Owned) - Image 2,,,,,,,,,,,,,,,,,,,,,,,,,,,,,,,,,,,,,,,,,,,,,,,,,,,,,,,,,,
preowned-ct8013-015-10-5-po-2,,,,,,,,,,,,,,,,,,,,,,,,,,,,,,,https://cdn.shopify.com/s/files/1/0674/5767/9557/files/5457db48-f147-41f4-8ec0-3a20a8f72f2e.jpg?v=1790362627,3,Jordan 12 Retro Stealth 10.5 (Pre-Owned) - Image 3,,,,,,,,,,,,,,,,,,,,,,,,,,,,,,,,,,,,,,,,,,,,,,,,,,,,,,,,,,
preowned-ct8013-015-10-5-po-2,,,,,,,,,,,,,,,,,,,,,,,,,,,,,,,https://cdn.shopify.com/s/files/1/0674/5767/9557/files/0cba2da4-e6a2-4dab-a3c9-100b0392ac9d.jpg?v=1790362627,4,Jordan 12 Retro Stealth 10.5 (Pre-Owned) - Image 4,,,,,,,,,,,,,,,,,,,,,,,,,,,,,,,,,,,,,,,,,,,,,,,,,,,,,,,,,,
preowned-ct8013-015-10-5-po-2,,,,,,,,,,,,,,,,,,,,,,,,,,,,,,,https://cdn.shopify.com/s/files/1/0674/5767/9557/files/3d40a2a9-82fe-40ab-ac62-89db3cec25ef.jpg?v=1790362627,5,Jordan 12 Retro Stealth 10.5 (Pre-Owned) - Image 5,,,,,,,,,,,,,,,,,,,,,,,,,,,,,,,,,,,,,,,,,,,,,,,,,,,,,,,,,,
preowned-ct8013-015-10-5-po-2,,,,,,,,,,,,,,,,,,,,,,,,,,,,,,,https://cdn.shopify.com/s/files/1/0674/5767/9557/files/d51d1036-e39e-4661-800c-5c2dcba59bb1.jpg?v=1790362627,6,Jordan 12 Retro Stealth 10.5 (Pre-Owned) - Image 6,,,,,,,,,,,,,,,,,,,,,,,,,,,,,,,,,,,,,,,,,,,,,,,,,,,,,,,,,,
preowned-ct8013-015-10-5-po-2,,,,,,,,,,,,,,,,,,,,,,,,,,,,,,,https://cdn.shopify.com/s/files/1/0674/5767/9557/files/0531411c-7c57-481c-850c-8db2f09e738f.jpg?v=1790362627,7,Jordan 12 Retro Stealth 10.5 (Pre-Owned) - Image 7,,,,,,,,,,,,,,,,,,,,,,,,,,,,,,,,,,,,,,,,,,,,,,,,,,,,,,,,,,
preowned-cd0881-101-10-n-1,Nike Air Max 90 Recraft Rose 10 (Pre-Owned),"Nike Air Max 90 Recraft Rose<br>SKU: CD0881-101<br>Size: 10M / 11.5W<br>Condition: New<br>Box Condition: No Box<br>Release Date: 2020-02-06<br><br>All items are shipped out quickly with safe packaging.<br>Check our reviews to see the accuracy of conditions, speed of shipping &amp; quality of service.<br><br>Please DM if you have any questions or need any more information. Thank you!",Nike,,Pre-Owned Sneakers,"new, nike, Restock, special, special-no_box",TRUE,Size,10M / 11.5W,,,,,,,,CD0881-101-10-N-1,0,shopify,deny,manual,95,,TRUE,TRUE,,,,,8488361576,https://cdn.shopify.com/s/files/1/0674/5767/9557/files/3da8a399-8f2c-431f-bd06-f9308942e41c.jpg?v=1790364858,1,Nike Air Max 90 Recraft Rose 10 (Pre-Owned) - Image 1,FALSE,,,,,,,,,,,,,,,,,,,,,,,,,,,,,,,,,,,,,,,,,,,,,,,,,,lb,,,active,,,,
preowned-cd0881-101-10-n-1,,,,,,,,,,,,,,,,,,,,,,,,,,,,,,,https://cdn.shopify.com/s/files/1/0674/5767/9557/files/7b00d8fa-1f3f-4e5b-8d7c-660e8e708264.jpg?v=1790364858,2,Nike Air Max 90 Recraft Rose 10 (Pre-Owned) - Image 2,,,,,,,,,,,,,,,,,,,,,,,,,,,,,,,,,,,,,,,,,,,,,,,,,,,,,,,,,,
preowned-cd0881-101-10-n-1,,,,,,,,,,,,,,,,,,,,,,,,,,,,,,,https://cdn.shopify.com/s/files/1/0674/5767/9557/files/b097460c-c211-42bc-b032-0cbfab08b188.jpg?v=1790364858,3,Nike Air Max 90 Recraft Rose 10 (Pre-Owned) - Image 3,,,,,,,,,,,,,,,,,,,,,,,,,,,,,,,,,,,,,,,,,,,,,,,,,,,,,,,,,,
preowned-cd0881-101-10-n-1,,,,,,,,,,,,,,,,,,,,,,,,,,,,,,,https://cdn.shopify.com/s/files/1/0674/5767/9557/files/4c3a9f85-b7b9-4cc0-b9d5-1be04a16da35.jpg?v=1790364857,4,Nike Air Max 90 Recraft Rose 10 (Pre-Owned) - Image 4,,,,,,,,,,,,,,,,,,,,,,,,,,,,,,,,,,,,,,,,,,,,,,,,,,,,,,,,,,
preowned-cd0881-101-10-n-1,,,,,,,,,,,,,,,,,,,,,,,,,,,,,,,https://cdn.shopify.com/s/files/1/0674/5767/9557/files/4cd57ec5-37dc-4458-9226-4f7d7999578b.jpg?v=1790364858,5,Nike Air Max 90 Recraft Rose 10 (Pre-Owned) - Image 5,,,,,,,,,,,,,,,,,,,,,,,,,,,,,,,,,,,,,,,,,,,,,,,,,,,,,,,,,,
preowned-cd0881-101-10-n-1,,,,,,,,,,,,,,,,,,,,,,,,,,,,,,,https://cdn.shopify.com/s/files/1/0674/5767/9557/files/12bfd132-186a-45ef-9896-1545f2870ba3.jpg?v=1790364857,6,Nike Air Max 90 Recraft Rose 10 (Pre-Owned) - Image 6,,,,,,,,,,,,,,,,,,,,,,,,,,,,,,,,,,,,,,,,,,,,,,,,,,,,,,,,,,
preowned-cd0881-101-10-n-1,,,,,,,,,,,,,,,,,,,,,,,,,,,,,,,https://cdn.shopify.com/s/files/1/0674/5767/9557/files/14853262-872e-43d5-9acd-50d74fe1ea9c.jpg?v=1790364858,7,Nike Air Max 90 Recraft Rose 10 (Pre-Owned) - Image 7,,,,,,,,,,,,,,,,,,,,,,,,,,,,,,,,,,,,,,,,,,,,,,,,,,,,,,,,,,
preowned-bq6817-201-10-5-po-1,Nike SB Dunk Low Corduroy Dusty Peach 10.5 10.5 (Pre-Owned),"Nike SB Dunk Low Corduroy Dusty Peach 10.5<br>SKU: BQ6817-201<br>Size: 10.5M / 12W<br>Condition: Lightly Worn<br>Box Condition: No Box<br>Release Date: 2019-04-10<br><br>All items are shipped out quickly with safe packaging.<br>Check our reviews to see the accuracy of conditions, speed of shipping &amp; quality of service.<br><br>Please DM if you have any questions or need any more information. Thank you!",Nike,,Pre-Owned Sneakers,"lightly_worn, nike, pre-owned",TRUE,Size,10.5M / 12W,,,,,,,,BQ6817-201-10.5-PO-1,0,shopify,deny,manual,175,,TRUE,TRUE,,,,,6525331838,https://cdn.shopify.com/s/files/1/0674/5767/9557/files/21c687cd-169c-4a2b-9174-f4756c64ceb1.jpg?v=1790361893,1,Nike SB Dunk Low Corduroy Dusty Peach 10.5 10.5 (Pre-Owned) - Image 1,FALSE,,,,,,,,,,,,,,Pre-Owned,,,,,,,,,,,,,,,,,,,,,,,,,,,,,,,,,,,,lb,,,active,,,,
preowned-bq6817-201-10-5-po-1,,,,,,,,,,,,,,,,,,,,,,,,,,,,,,,https://cdn.shopify.com/s/files/1/0674/5767/9557/files/5288caeb-d755-4df6-9d7f-e89a7e4357f6.jpg?v=1790361893,2,Nike SB Dunk Low Corduroy Dusty Peach 10.5 10.5 (Pre-Owned) - Image 2,,,,,,,,,,,,,,,,,,,,,,,,,,,,,,,,,,,,,,,,,,,,,,,,,,,,,,,,,,
preowned-bq6817-201-10-5-po-1,,,,,,,,,,,,,,,,,,,,,,,,,,,,,,,https://cdn.shopify.com/s/files/1/0674/5767/9557/files/be81f662-4b41-4228-a636-50804c64c72b.jpg?v=1790361893,3,Nike SB Dunk Low Corduroy Dusty Peach 10.5 10.5 (Pre-Owned) - Image 3,,,,,,,,,,,,,,,,,,,,,,,,,,,,,,,,,,,,,,,,,,,,,,,,,,,,,,,,,,
preowned-bq6817-201-10-5-po-1,,,,,,,,,,,,,,,,,,,,,,,,,,,,,,,https://cdn.shopify.com/s/files/1/0674/5767/9557/files/299ec9fc-c879-49f2-bf56-3cfe2a72d524.jpg?v=1790361893,4,Nike SB Dunk Low Corduroy Dusty Peach 10.5 10.5 (Pre-Owned) - Image 4,,,,,,,,,,,,,,,,,,,,,,,,,,,,,,,,,,,,,,,,,,,,,,,,,,,,,,,,,,
preowned-bq6817-201-10-5-po-1,,,,,,,,,,,,,,,,,,,,,,,,,,,,,,,https://cdn.shopify.com/s/files/1/0674/5767/9557/files/ce738148-ed6f-486e-b12c-a835fdb3056b.jpg?v=1790361893,5,Nike SB Dunk Low Corduroy Dusty Peach 10.5 10.5 (Pre-Owned) - Image 5,,,,,,,,,,,,,,,,,,,,,,,,,,,,,,,,,,,,,,,,,,,,,,,,,,,,,,,,,,
preowned-bq6817-201-10-5-po-1,,,,,,,,,,,,,,,,,,,,,,,,,,,,,,,https://cdn.shopify.com/s/files/1/0674/5767/9557/files/d4a5f9b2-a7d9-4ce7-9951-a2734b6ccc96.jpg?v=1790361893,6,Nike SB Dunk Low Corduroy Dusty Peach 10.5 10.5 (Pre-Owned) - Image 6,,,,,,,,,,,,,,,,,,,,,,,,,,,,,,,,,,,,,,,,,,,,,,,,,,,,,,,,,,
preowned-bq6817-201-10-5-po-1,,,,,,,,,,,,,,,,,,,,,,,,,,,,,,,https://cdn.shopify.com/s/files/1/0674/5767/9557/files/fd5923c2-f83b-4fbf-a978-2b35646a5365.jpg?v=1790361893,7,Nike SB Dunk Low Corduroy Dusty Peach 10.5 10.5 (Pre-Owned) - Image 7,,,,,,,,,,,,,,,,,,,,,,,,,,,,,,,,,,,,,,,,,,,,,,,,,,,,,,,,,,
preowned-555088-611-15-po-1,Jordan 1 Retro High OG Bordeaux 15 (Pre-Owned),"Jordan 1 Retro High OG Bordeaux<br>SKU: 555088-611<br>Size: 15M / 16.5W<br>Condition: Moderately Worn<br>Box Condition: No Box<br>Release Date: 2021-11-20<br><br>All items are shipped out quickly with safe packaging.<br>Check our reviews to see the accuracy of conditions, speed of shipping &amp; quality of service.<br><br>Please DM if you have any questions or need any more information. Thank you!",Jordan,,Pre-Owned Sneakers,"jordan, moderately_worn, pre-owned, Restock",FALSE,Size,15M / 16.5W,,,,,,,,555088-611-15-PO-1,0,shopify,deny,manual,50,,TRUE,TRUE,,,,,2745413279,https://cdn.shopify.com/s/files/1/0674/5767/9557/files/img01_411390f8-e6a5-46e0-a33b-611b0e897648.jpg?v=1790381851,1,Jordan 1 Retro High OG Bordeaux 15 (Pre-Owned) - Catalog Image,FALSE,,,,,,,,,,,,,,Pre-Owned,,,,,,,,,,,,,,,,,,,,,,,,,,,,,,,,,,,,lb,,,active,,,,
preowned-555088-108-12-po-1,Jordan 1 Retro High OG Bleached Coral 12 (Pre-Owned),"Jordan 1 Retro High OG Bleached Coral<br>SKU: 555088-108<br>Size: 12M / 13.5W<br>Condition: Lightly Worn<br>Box Condition: No Box<br>Release Date: 2022-07-02<br><br>All items are shipped out quickly with safe packaging.<br>Check our reviews to see the accuracy of conditions, speed of shipping &amp; quality of service.<br><br>Please DM if you have any questions or need any more information. Thank you!",Jordan,,Pre-Owned Sneakers,"jordan, lightly_worn, pre-owned, Restock",TRUE,Size,12M / 13.5W,,,,,,,,555088-108-12-PO-1,0,shopify,deny,manual,50,,TRUE,TRUE,,,,,5020158563,https://cdn.shopify.com/s/files/1/0674/5767/9557/files/b2e327e0-2a35-479d-b162-b02e03816e82.jpg?v=1790363383,1,Jordan 1 Retro High OG Bleached Coral 12 (Pre-Owned) - Image 1,FALSE,,,,,,,,,,,,,,Pre-Owned,,,,,,,,,,,,,,,,,,,,,,,,,,,,,,,,,,,,lb,,,active,,,,
preowned-555088-108-12-po-1,,,,,,,,,,,,,,,,,,,,,,,,,,,,,,,https://cdn.shopify.com/s/files/1/0674/5767/9557/files/46227aff-ca10-40a5-a77e-d61a85ce10f0.jpg?v=1790363383,2,Jordan 1 Retro High OG Bleached Coral 12 (Pre-Owned) - Image 2,,,,,,,,,,,,,,,,,,,,,,,,,,,,,,,,,,,,,,,,,,,,,,,,,,,,,,,,,,
preowned-555088-108-12-po-1,,,,,,,,,,,,,,,,,,,,,,,,,,,,,,,https://cdn.shopify.com/s/files/1/0674/5767/9557/files/e91d662a-0a12-4839-8b92-8ccc9c4e2581.jpg?v=1790363383,3,Jordan 1 Retro High OG Bleached Coral 12 (Pre-Owned) - Image 3,,,,,,,,,,,,,,,,,,,,,,,,,,,,,,,,,,,,,,,,,,,,,,,,,,,,,,,,,,
preowned-555088-108-12-po-1,,,,,,,,,,,,,,,,,,,,,,,,,,,,,,,https://cdn.shopify.com/s/files/1/0674/5767/9557/files/c321516d-1824-44b7-8163-1ae49ade4a67.jpg?v=1790363383,4,Jordan 1 Retro High OG Bleached Coral 12 (Pre-Owned) - Image 4,,,,,,,,,,,,,,,,,,,,,,,,,,,,,,,,,,,,,,,,,,,,,,,,,,,,,,,,,,
preowned-555088-108-12-po-1,,,,,,,,,,,,,,,,,,,,,,,,,,,,,,,https://cdn.shopify.com/s/files/1/0674/5767/9557/files/4f37c8fe-f933-4c5e-997a-ef8a396b9220.jpg?v=1790363383,5,Jordan 1 Retro High OG Bleached Coral 12 (Pre-Owned) - Image 5,,,,,,,,,,,,,,,,,,,,,,,,,,,,,,,,,,,,,,,,,,,,,,,,,,,,,,,,,,
preowned-555088-108-12-po-1,,,,,,,,,,,,,,,,,,,,,,,,,,,,,,,https://cdn.shopify.com/s/files/1/0674/5767/9557/files/e69a0ec3-9e72-40ba-afa8-eac3dc1995ae.jpg?v=1790363383,6,Jordan 1 Retro High OG Bleached Coral 12 (Pre-Owned) - Image 6,,,,,,,,,,,,,,,,,,,,,,,,,,,,,,,,,,,,,,,,,,,,,,,,,,,,,,,,,,
preowned-555088-108-12-po-1,,,,,,,,,,,,,,,,,,,,,,,,,,,,,,,https://cdn.shopify.com/s/files/1/0674/5767/9557/files/ee49864f-1c6c-4878-aa84-6f7e8de0b8b1.jpg?v=1790363383,7,Jordan 1 Retro High OG Bleached Coral 12 (Pre-Owned) - Image 7,,,,,,,,,,,,,,,,,,,,,,,,,,,,,,,,,,,,,,,,,,,,,,,,,,,,,,,,,,
preowned-hv4794-030-10-5-po-1,Jordan 9 Retro Olive (2024) 10.5 (Pre-Owned),"Jordan 9 Retro Olive (2024)<br>SKU: HV4794-030<br>Size: 10.5M / 12W<br>Condition: Lightly Worn<br>Box Condition: No Box<br><br>All items are shipped out quickly with safe packaging.<br>Check our reviews to see the accuracy of conditions, speed of shipping &amp; quality of service.<br><br>Please DM if you have any questions or need any more information. Thank you!",Jordan,,Pre-Owned Sneakers,"jordan, lightly_worn, pre-owned, Restock",TRUE,Size,10.5M / 12W,,,,,,,,HV4794-030-10.5-PO-1,0,shopify,deny,manual,100,,TRUE,TRUE,,,,,7098214956,https://cdn.shopify.com/s/files/1/0674/5767/9557/files/b8e0f47b-3dff-4a6e-9248-bdec191e63e4.jpg?v=1790362729,1,Jordan 9 Retro Olive (2024) 10.5 (Pre-Owned) - Image 1,FALSE,,,,,,,,,,,,,,Pre-Owned,,,,,,,,,,,,,,,,,,,,,,,,,,,,,,,,,,,,lb,,,active,,,,
preowned-hv4794-030-10-5-po-1,,,,,,,,,,,,,,,,,,,,,,,,,,,,,,,https://cdn.shopify.com/s/files/1/0674/5767/9557/files/23d449ed-b7b1-49e7-a427-61ff48853586.jpg?v=1790362729,2,Jordan 9 Retro Olive (2024) 10.5 (Pre-Owned) - Image 2,,,,,,,,,,,,,,,,,,,,,,,,,,,,,,,,,,,,,,,,,,,,,,,,,,,,,,,,,,
preowned-hv4794-030-10-5-po-1,,,,,,,,,,,,,,,,,,,,,,,,,,,,,,,https://cdn.shopify.com/s/files/1/0674/5767/9557/files/c52cf32b-f9f0-43c6-860e-9e55c4853290.jpg?v=1790362729,3,Jordan 9 Retro Olive (2024) 10.5 (Pre-Owned) - Image 3,,,,,,,,,,,,,,,,,,,,,,,,,,,,,,,,,,,,,,,,,,,,,,,,,,,,,,,,,,
preowned-hv4794-030-10-5-po-1,,,,,,,,,,,,,,,,,,,,,,,,,,,,,,,https://cdn.shopify.com/s/files/1/0674/5767/9557/files/1d62c098-b177-4673-98c5-ef799313dbd2.jpg?v=1790362729,4,Jordan 9 Retro Olive (2024) 10.5 (Pre-Owned) - Image 4,,,,,,,,,,,,,,,,,,,,,,,,,,,,,,,,,,,,,,,,,,,,,,,,,,,,,,,,,,
preowned-hv4794-030-10-5-po-1,,,,,,,,,,,,,,,,,,,,,,,,,,,,,,,https://cdn.shopify.com/s/files/1/0674/5767/9557/files/f3cd524f-001b-4b06-bb7d-332288235b89.jpg?v=1790362729,5,Jordan 9 Retro Olive (2024) 10.5 (Pre-Owned) - Image 5,,,,,,,,,,,,,,,,,,,,,,,,,,,,,,,,,,,,,,,,,,,,,,,,,,,,,,,,,,
preowned-hv4794-030-10-5-po-1,,,,,,,,,,,,,,,,,,,,,,,,,,,,,,,https://cdn.shopify.com/s/files/1/0674/5767/9557/files/21c51377-2aff-4467-b79c-34c9882de38b.jpg?v=1790362729,6,Jordan 9 Retro Olive (2024) 10.5 (Pre-Owned) - Image 6,,,,,,,,,,,,,,,,,,,,,,,,,,,,,,,,,,,,,,,,,,,,,,,,,,,,,,,,,,
preowned-hv4794-030-10-5-po-1,,,,,,,,,,,,,,,,,,,,,,,,,,,,,,,https://cdn.shopify.com/s/files/1/0674/5767/9557/files/f5e7ea1a-2548-437f-a224-c9a918d47bd5.jpg?v=1790362729,7,Jordan 9 Retro Olive (2024) 10.5 (Pre-Owned) - Image 7,,,,,,,,,,,,,,,,,,,,,,,,,,,,,,,,,,,,,,,,,,,,,,,,,,,,,,,,,,
preowned-309431-211-9-po-1,Nike Dunk Low 9 (Pre-Owned),"Nike Dunk Low<br>SKU: 309431 211<br>Size: 9<br>Condition: Moderately Worn (starting to separate from aging)<br>Box Condition: No Box<br><br>All items are shipped out quickly with safe packaging.<br>Check our reviews to see the accuracy of conditions, speed of shipping &amp; quality of service.<br><br>Please DM if you have any questions or need any more information. Thank you!",Nike,,Pre-Owned Sneakers,"moderately_worn, nike, pre-owned, Restock",TRUE,Size,9 (No Box),,,,,,,,309431 211-9-PO-1,0,shopify,deny,manual,95,,TRUE,TRUE,,,,,4184452258,https://cdn.shopify.com/s/files/1/0674/5767/9557/files/fd431213-219b-4d95-87b5-a820979f52a1.jpg?v=1790361508,1,Nike Dunk Low 9 (Pre-Owned) - Image 1,FALSE,,,,,,,,,,,,,,Pre-Owned,,,,,,,,,,,,,,,,,,,,,,,,,,,,,,,,,,,,lb,,,active,,,,
preowned-309431-211-9-po-1,,,,,,,,,,,,,,,,,,,,,,,,,,,,,,,https://cdn.shopify.com/s/files/1/0674/5767/9557/files/29f964cc-36db-495e-bd62-c5e5a5817eea.jpg?v=1790361507,2,Nike Dunk Low 9 (Pre-Owned) - Image 2,,,,,,,,,,,,,,,,,,,,,,,,,,,,,,,,,,,,,,,,,,,,,,,,,,,,,,,,,,
preowned-309431-211-9-po-1,,,,,,,,,,,,,,,,,,,,,,,,,,,,,,,https://cdn.shopify.com/s/files/1/0674/5767/9557/files/39505eab-1fca-4b89-9189-68cebff0ca57.jpg?v=1790361508,3,Nike Dunk Low 9 (Pre-Owned) - Image 3,,,,,,,,,,,,,,,,,,,,,,,,,,,,,,,,,,,,,,,,,,,,,,,,,,,,,,,,,,
preowned-309431-211-9-po-1,,,,,,,,,,,,,,,,,,,,,,,,,,,,,,,https://cdn.shopify.com/s/files/1/0674/5767/9557/files/18261540-0984-4808-b274-d881586f4da1.jpg?v=1790361508,4,Nike Dunk Low 9 (Pre-Owned) - Image 4,,,,,,,,,,,,,,,,,,,,,,,,,,,,,,,,,,,,,,,,,,,,,,,,,,,,,,,,,,
preowned-309431-211-9-po-1,,,,,,,,,,,,,,,,,,,,,,,,,,,,,,,https://cdn.shopify.com/s/files/1/0674/5767/9557/files/1143bdb9-0b0d-4ef6-a4d7-25a3fff0da6b.jpg?v=1790361508,5,Nike Dunk Low 9 (Pre-Owned) - Image 5,,,,,,,,,,,,,,,,,,,,,,,,,,,,,,,,,,,,,,,,,,,,,,,,,,,,,,,,,,
preowned-309431-211-9-po-1,,,,,,,,,,,,,,,,,,,,,,,,,,,,,,,https://cdn.shopify.com/s/files/1/0674/5767/9557/files/d8965e9c-aaaa-4644-b44f-09488bf55480.jpg?v=1790361508,6,Nike Dunk Low 9 (Pre-Owned) - Image 6,,,,,,,,,,,,,,,,,,,,,,,,,,,,,,,,,,,,,,,,,,,,,,,,,,,,,,,,,,
preowned-309431-211-9-po-1,,,,,,,,,,,,,,,,,,,,,,,,,,,,,,,https://cdn.shopify.com/s/files/1/0674/5767/9557/files/8590862b-755e-4f9f-b577-01121cf3442b.jpg?v=1790361508,7,Nike Dunk Low 9 (Pre-Owned) - Image 7,,,,,,,,,,,,,,,,,,,,,,,,,,,,,,,,,,,,,,,,,,,,,,,,,,,,,,,,,,
preowned-384665-705-6-5y-po-1,Jordan 6 Retro Wheat (GS) 6.5Y (Pre-Owned),"Jordan 6 Retro Wheat (GS)<br>SKU: 384665-705<br>Size: 6.5Y<br>Condition: Moderately Worn<br>Box Condition: No Box<br>Release Date: 2017-11-24<br><br>All items are shipped out quickly with safe packaging.<br>Check our reviews to see the accuracy of conditions, speed of shipping &amp; quality of service.<br><br>Please DM if you have any questions or need any more information. Thank you!",Jordan,,Pre-Owned Sneakers,"jordan, moderately_worn, pre-owned, Restock",FALSE,Size,6.5Y (No Box),,,,,,,,384665-705-6.5Y-PO-1,0,shopify,deny,manual,45,,TRUE,TRUE,,,,,9510382478,https://cdn.shopify.com/s/files/1/0674/5767/9557/files/Air-Jordan-6-Retro-Wheat-GS.jpg?v=1790356641,1,Jordan 6 Retro Wheat (GS) 6.5Y (Pre-Owned) - Catalog Image,FALSE,,,,,,,,,,,,,,Pre-Owned,,,,,,,,,,,,,,,,,,,,,,,,,,,,,,,,,,,,lb,,,active,,,,
preowned-884129-105-5-5y-po-1,Jordan 13 Retro Lakers (GS) 5.5Y (Pre-Owned),"Jordan 13 Retro Lakers (GS)<br>SKU: 884129-105<br>Size: 5.5Y<br>Condition: Moderately Worn<br>Box Condition: No Box<br>Release Date: 2019-07-20<br><br>All items are shipped out quickly with safe packaging.<br>Check our reviews to see the accuracy of conditions, speed of shipping &amp; quality of service.<br><br>Please DM if you have any questions or need any more information. Thank you!",Jordan,,Pre-Owned Sneakers,"jordan, moderately_worn, pre-owned, Restock",FALSE,Size,5.5Y (No Box),,,,,,,,884129-105-5.5Y-PO-1,0,shopify,deny,manual,35,,TRUE,TRUE,,,,,3516155181,https://cdn.shopify.com/s/files/1/0674/5767/9557/files/img01_48a7d67d-1e1a-422f-a53b-d9c735a19607.jpg?v=1790389050,1,Jordan 13 Retro Lakers (GS) 5.5Y (Pre-Owned) - Catalog Image,FALSE,,,,,,,,,,,,,,Pre-Owned,,,,,,,,,,,,,,,,,,,,,,,,,,,,,,,,,,,,lb,,,active,,,,
preowned-488371-600-10-5-po-1,Nike Kobe 7 Lower Merion Aces 10.5 (Pre-Owned),"Nike Kobe 7 Lower Merion Aces<br>SKU: 488371-600<br>Size: 10.5M / 12W<br>Condition: Moderately Worn<br>Box Condition: No Box<br>Release Date: 2012-03-17<br><br>All items are shipped out quickly with safe packaging.<br>Check our reviews to see the accuracy of conditions, speed of shipping &amp; quality of service.<br><br>Please DM if you have any questions or need any more information. Thank you!",Nike,,Pre-Owned Sneakers,"moderately_worn, nike, pre-owned, Restock",TRUE,Size,10.5M / 12W,,,,,,,,488371-600-10.5-PO-1,0,shopify,deny,manual,140,,TRUE,TRUE,,,,,6654772872,https://cdn.shopify.com/s/files/1/0674/5767/9557/files/9a9a84b0-ff77-41a1-93dc-d80dcaee430b.jpg?v=1790364227,1,Nike Kobe 7 Lower Merion Aces 10.5 (Pre-Owned) - Image 1,FALSE,,,,,,,,,,,,,,Pre-Owned,,,,,,,,,,,,,,,,,,,,,,,,,,,,,,,,,,,,lb,,,active,,,,
preowned-488371-600-10-5-po-1,,,,,,,,,,,,,,,,,,,,,,,,,,,,,,,https://cdn.shopify.com/s/files/1/0674/5767/9557/files/f038d016-0dcf-49df-a77e-cc7a6fb88712.jpg?v=1790364226,2,Nike Kobe 7 Lower Merion Aces 10.5 (Pre-Owned) - Image 2,,,,,,,,,,,,,,,,,,,,,,,,,,,,,,,,,,,,,,,,,,,,,,,,,,,,,,,,,,
preowned-488371-600-10-5-po-1,,,,,,,,,,,,,,,,,,,,,,,,,,,,,,,https://cdn.shopify.com/s/files/1/0674/5767/9557/files/7f085a1c-c385-4bdf-af5a-7e5a41596270.jpg?v=1790364226,3,Nike Kobe 7 Lower Merion Aces 10.5 (Pre-Owned) - Image 3,,,,,,,,,,,,,,,,,,,,,,,,,,,,,,,,,,,,,,,,,,,,,,,,,,,,,,,,,,
preowned-488371-600-10-5-po-1,,,,,,,,,,,,,,,,,,,,,,,,,,,,,,,https://cdn.shopify.com/s/files/1/0674/5767/9557/files/7552d08d-2543-497c-b5a3-18058f577837.jpg?v=1790364226,4,Nike Kobe 7 Lower Merion Aces 10.5 (Pre-Owned) - Image 4,,,,,,,,,,,,,,,,,,,,,,,,,,,,,,,,,,,,,,,,,,,,,,,,,,,,,,,,,,
preowned-488371-600-10-5-po-1,,,,,,,,,,,,,,,,,,,,,,,,,,,,,,,https://cdn.shopify.com/s/files/1/0674/5767/9557/files/56a9d361-f6c3-483a-b892-c04ea7397244.jpg?v=1790364226,5,Nike Kobe 7 Lower Merion Aces 10.5 (Pre-Owned) - Image 5,,,,,,,,,,,,,,,,,,,,,,,,,,,,,,,,,,,,,,,,,,,,,,,,,,,,,,,,,,
preowned-488371-600-10-5-po-1,,,,,,,,,,,,,,,,,,,,,,,,,,,,,,,https://cdn.shopify.com/s/files/1/0674/5767/9557/files/d87f6176-45bd-4dd0-a9bc-321e6e92f62d.jpg?v=1790364226,6,Nike Kobe 7 Lower Merion Aces 10.5 (Pre-Owned) - Image 6,,,,,,,,,,,,,,,,,,,,,,,,,,,,,,,,,,,,,,,,,,,,,,,,,,,,,,,,,,
preowned-488371-600-10-5-po-1,,,,,,,,,,,,,,,,,,,,,,,,,,,,,,,https://cdn.shopify.com/s/files/1/0674/5767/9557/files/fae89287-8945-4dcb-a5a9-28fa0f3b1ee3.jpg?v=1790364226,7,Nike Kobe 7 Lower Merion Aces 10.5 (Pre-Owned) - Image 7,,,,,,,,,,,,,,,,,,,,,,,,,,,,,,,,,,,,,,,,,,,,,,,,,,,,,,,,,,
preowned-555088-105-9-5-po-6,Jordan 1 Retro High Dark Mocha 9.5 (Pre-Owned),"Jordan 1 Retro High Dark Mocha<br>SKU: 555088-105<br>Size: 9.5M / 11W<br>Condition: Moderately Worn<br>Box Condition: No Box<br>Release Date: 2020-10-31<br><br>All items are shipped out quickly with safe packaging.<br>Check our reviews to see the accuracy of conditions, speed of shipping &amp; quality of service.<br><br>Please DM if you have any questions or need any more information. Thank you!",Jordan,,Pre-Owned Sneakers,"jordan, moderately_worn, pre-owned, Restock",TRUE,Size,9.5M / 11W,,,,,,,,555088-105-9.5-PO-6,0,shopify,deny,manual,110,,TRUE,TRUE,,,,,7710431927,https://cdn.shopify.com/s/files/1/0674/5767/9557/files/75e361df-acdd-4d17-bf60-83db5c6208f4.jpg?v=1790364964,1,Jordan 1 Retro High Dark Mocha 9.5 (Pre-Owned) - Image 1,FALSE,,,,,,,,,,,,,,Pre-Owned,,,,,,,,,,,,,,,,,,,,,,,,,,,,,,,,,,,,lb,,,active,,,,
preowned-555088-105-9-5-po-6,,,,,,,,,,,,,,,,,,,,,,,,,,,,,,,https://cdn.shopify.com/s/files/1/0674/5767/9557/files/b60c5eee-fcbc-4862-9485-aa1292ed718e.jpg?v=1790364964,2,Jordan 1 Retro High Dark Mocha 9.5 (Pre-Owned) - Image 2,,,,,,,,,,,,,,,,,,,,,,,,,,,,,,,,,,,,,,,,,,,,,,,,,,,,,,,,,,
preowned-555088-105-9-5-po-6,,,,,,,,,,,,,,,,,,,,,,,,,,,,,,,https://cdn.shopify.com/s/files/1/0674/5767/9557/files/2fcc934d-8c87-463d-951b-22022b384b74.jpg?v=1790364964,3,Jordan 1 Retro High Dark Mocha 9.5 (Pre-Owned) - Image 3,,,,,,,,,,,,,,,,,,,,,,,,,,,,,,,,,,,,,,,,,,,,,,,,,,,,,,,,,,
preowned-555088-105-9-5-po-6,,,,,,,,,,,,,,,,,,,,,,,,,,,,,,,https://cdn.shopify.com/s/files/1/0674/5767/9557/files/b8e23a0e-f998-4b84-90b4-5b78213c349c.jpg?v=1790364964,4,Jordan 1 Retro High Dark Mocha 9.5 (Pre-Owned) - Image 4,,,,,,,,,,,,,,,,,,,,,,,,,,,,,,,,,,,,,,,,,,,,,,,,,,,,,,,,,,
preowned-555088-105-9-5-po-6,,,,,,,,,,,,,,,,,,,,,,,,,,,,,,,https://cdn.shopify.com/s/files/1/0674/5767/9557/files/cdb6d8c1-3ccf-46ca-a3b7-f334ce54db81.jpg?v=1790364964,5,Jordan 1 Retro High Dark Mocha 9.5 (Pre-Owned) - Image 5,,,,,,,,,,,,,,,,,,,,,,,,,,,,,,,,,,,,,,,,,,,,,,,,,,,,,,,,,,
preowned-555088-105-9-5-po-6,,,,,,,,,,,,,,,,,,,,,,,,,,,,,,,https://cdn.shopify.com/s/files/1/0674/5767/9557/files/e121e335-ce85-4edc-970c-a088e2a40213.jpg?v=1790364964,6,Jordan 1 Retro High Dark Mocha 9.5 (Pre-Owned) - Image 6,,,,,,,,,,,,,,,,,,,,,,,,,,,,,,,,,,,,,,,,,,,,,,,,,,,,,,,,,,
preowned-555088-105-9-5-po-6,,,,,,,,,,,,,,,,,,,,,,,,,,,,,,,https://cdn.shopify.com/s/files/1/0674/5767/9557/files/6e02f54a-037c-43f9-ac6b-adabe0a77ff5.jpg?v=1790364964,7,Jordan 1 Retro High Dark Mocha 9.5 (Pre-Owned) - Image 7,,,,,,,,,,,,,,,,,,,,,,,,,,,,,,,,,,,,,,,,,,,,,,,,,,,,,,,,,,
preowned-ao2450-101-10-5-po-1,Nike Air Max 95 Grape Snakeskin 10.5 (Pre-Owned),"Nike Air Max 95 Grape Snakeskin<br>SKU: AO2450-101<br>Size: 10.5M / 12W<br>Condition: Lightly Worn<br>Box Condition: No Box<br>Release Date: 2019-08-01<br><br>All items are shipped out quickly with safe packaging.<br>Check our reviews to see the accuracy of conditions, speed of shipping &amp; quality of service.<br><br>Please DM if you have any questions or need any more information. Thank you!",Nike,,Pre-Owned Sneakers,"lightly_worn, nike, pre-owned, Restock",TRUE,Size,10.5M / 12W,,,,,,,,AO2450-101-10.5-PO-1,0,shopify,deny,manual,70,,TRUE,TRUE,,,,,7738622749,https://cdn.shopify.com/s/files/1/0674/5767/9557/files/9450487c-1d33-4c6a-9afc-720b23516129.jpg?v=1790363895,1,Nike Air Max 95 Grape Snakeskin 10.5 (Pre-Owned) - Image 1,FALSE,,,,,,,,,,,,,,Pre-Owned,,,,,,,,,,,,,,,,,,,,,,,,,,,,,,,,,,,,lb,,,active,,,,
preowned-ao2450-101-10-5-po-1,,,,,,,,,,,,,,,,,,,,,,,,,,,,,,,https://cdn.shopify.com/s/files/1/0674/5767/9557/files/17e6be52-742c-40ab-9f21-df6e4c528fe6.jpg?v=1790363895,2,Nike Air Max 95 Grape Snakeskin 10.5 (Pre-Owned) - Image 2,,,,,,,,,,,,,,,,,,,,,,,,,,,,,,,,,,,,,,,,,,,,,,,,,,,,,,,,,,
preowned-ao2450-101-10-5-po-1,,,,,,,,,,,,,,,,,,,,,,,,,,,,,,,https://cdn.shopify.com/s/files/1/0674/5767/9557/files/aa6ba508-f225-43c4-b36f-67ca89036fca.jpg?v=1790363895,3,Nike Air Max 95 Grape Snakeskin 10.5 (Pre-Owned) - Image 3,,,,,,,,,,,,,,,,,,,,,,,,,,,,,,,,,,,,,,,,,,,,,,,,,,,,,,,,,,
preowned-ao2450-101-10-5-po-1,,,,,,,,,,,,,,,,,,,,,,,,,,,,,,,https://cdn.shopify.com/s/files/1/0674/5767/9557/files/90d3a386-72ae-4328-9421-7a257b081a58.jpg?v=1790363895,4,Nike Air Max 95 Grape Snakeskin 10.5 (Pre-Owned) - Image 4,,,,,,,,,,,,,,,,,,,,,,,,,,,,,,,,,,,,,,,,,,,,,,,,,,,,,,,,,,
preowned-ao2450-101-10-5-po-1,,,,,,,,,,,,,,,,,,,,,,,,,,,,,,,https://cdn.shopify.com/s/files/1/0674/5767/9557/files/cd96862e-e7a1-45fd-9347-6c928a603202.jpg?v=1790363895,5,Nike Air Max 95 Grape Snakeskin 10.5 (Pre-Owned) - Image 5,,,,,,,,,,,,,,,,,,,,,,,,,,,,,,,,,,,,,,,,,,,,,,,,,,,,,,,,,,
preowned-ao2450-101-10-5-po-1,,,,,,,,,,,,,,,,,,,,,,,,,,,,,,,https://cdn.shopify.com/s/files/1/0674/5767/9557/files/0dace2e6-ca94-462b-9c07-1a41f578bccb.jpg?v=1790363895,6,Nike Air Max 95 Grape Snakeskin 10.5 (Pre-Owned) - Image 6,,,,,,,,,,,,,,,,,,,,,,,,,,,,,,,,,,,,,,,,,,,,,,,,,,,,,,,,,,
preowned-ao2450-101-10-5-po-1,,,,,,,,,,,,,,,,,,,,,,,,,,,,,,,https://cdn.shopify.com/s/files/1/0674/5767/9557/files/0f0d0fc6-41ce-418d-b088-4320564154f6.jpg?v=1790363895,7,Nike Air Max 95 Grape Snakeskin 10.5 (Pre-Owned) - Image 7,,,,,,,,,,,,,,,,,,,,,,,,,,,,,,,,,,,,,,,,,,,,,,,,,,,,,,,,,,
preowned-aj4585-600-12-po-1,Serena Williams x Off-White x Nike Air Max 97 OG 'Queen' 12 (Pre-Owned),"Serena Williams x Off-White x Nike Air Max 97 OG 'Queen'<br>SKU: AJ4585 600<br>Size: 12M / 13.5W<br>Condition: Moderately Worn<br>Box Condition: No Box<br>Release Date: 2018-08-27<br><br>All items are shipped out quickly with safe packaging.<br>Check our reviews to see the accuracy of conditions, speed of shipping &amp; quality of service.<br><br>Please DM if you have any questions or need any more information. Thank you!",Nike,,Pre-Owned Sneakers,"moderately_worn, nike, pre-owned, Restock",TRUE,Size,12M / 13.5W,,,,,,,,AJ4585 600-12-PO-1,0,shopify,deny,manual,295,,TRUE,TRUE,,,,,4361801564,https://cdn.shopify.com/s/files/1/0674/5767/9557/files/0382ab29-bd72-42d6-b0da-59d8df090c87.jpg?v=1790361768,1,Serena Williams x Off-White x Nike Air Max 97 OG 'Queen' 12 (Pre-Owned) - Image 1,FALSE,,,,,,,,,,,,,,Pre-Owned,,,,,,,,,,,,,,,,,,,,,,,,,,,,,,,,,,,,lb,,,active,,,,
preowned-aj4585-600-12-po-1,,,,,,,,,,,,,,,,,,,,,,,,,,,,,,,https://cdn.shopify.com/s/files/1/0674/5767/9557/files/ae182613-cc25-40b4-acd7-27efabdec536.jpg?v=1790361768,2,Serena Williams x Off-White x Nike Air Max 97 OG 'Queen' 12 (Pre-Owned) - Image 2,,,,,,,,,,,,,,,,,,,,,,,,,,,,,,,,,,,,,,,,,,,,,,,,,,,,,,,,,,
preowned-aj4585-600-12-po-1,,,,,,,,,,,,,,,,,,,,,,,,,,,,,,,https://cdn.shopify.com/s/files/1/0674/5767/9557/files/e0d544cc-efc7-4f7b-9d0d-0c11e13218e5.jpg?v=1790361768,3,Serena Williams x Off-White x Nike Air Max 97 OG 'Queen' 12 (Pre-Owned) - Image 3,,,,,,,,,,,,,,,,,,,,,,,,,,,,,,,,,,,,,,,,,,,,,,,,,,,,,,,,,,
preowned-aj4585-600-12-po-1,,,,,,,,,,,,,,,,,,,,,,,,,,,,,,,https://cdn.shopify.com/s/files/1/0674/5767/9557/files/39159ac7-1b55-4e2e-9faa-33697fa8e6d8.jpg?v=1790361768,4,Serena Williams x Off-White x Nike Air Max 97 OG 'Queen' 12 (Pre-Owned) - Image 4,,,,,,,,,,,,,,,,,,,,,,,,,,,,,,,,,,,,,,,,,,,,,,,,,,,,,,,,,,
preowned-aj4585-600-12-po-1,,,,,,,,,,,,,,,,,,,,,,,,,,,,,,,https://cdn.shopify.com/s/files/1/0674/5767/9557/files/d1c65283-85a8-4c65-bdbc-4ff7da459cff.jpg?v=1790361768,5,Serena Williams x Off-White x Nike Air Max 97 OG 'Queen' 12 (Pre-Owned) - Image 5,,,,,,,,,,,,,,,,,,,,,,,,,,,,,,,,,,,,,,,,,,,,,,,,,,,,,,,,,,
preowned-aj4585-600-12-po-1,,,,,,,,,,,,,,,,,,,,,,,,,,,,,,,https://cdn.shopify.com/s/files/1/0674/5767/9557/files/f934d23f-3732-46ac-83fd-03f71f865dcf.jpg?v=1790361768,6,Serena Williams x Off-White x Nike Air Max 97 OG 'Queen' 12 (Pre-Owned) - Image 6,,,,,,,,,,,,,,,,,,,,,,,,,,,,,,,,,,,,,,,,,,,,,,,,,,,,,,,,,,
preowned-aj4585-600-12-po-1,,,,,,,,,,,,,,,,,,,,,,,,,,,,,,,https://cdn.shopify.com/s/files/1/0674/5767/9557/files/4d1cbd85-25b8-4cdc-a1b0-6c50d7596f3a.jpg?v=1790361768,7,Serena Williams x Off-White x Nike Air Max 97 OG 'Queen' 12 (Pre-Owned) - Image 7,,,,,,,,,,,,,,,,,,,,,,,,,,,,,,,,,,,,,,,,,,,,,,,,,,,,,,,,,,
preowned-609048-039-10-5-po-1,Nike Air Max 95 Black Dark Shadow 10.5 (Pre-Owned),"Nike Air Max 95 Black Dark Shadow<br>SKU: 609048-039<br>Size: 10.5M / 12W<br>Condition: Lightly Worn<br>Box Condition: No Box<br>Release Date: 2011-02-10<br><br>All items are shipped out quickly with safe packaging.<br>Check our reviews to see the accuracy of conditions, speed of shipping &amp; quality of service.<br><br>Please DM if you have any questions or need any more information. Thank you!",Nike,,Pre-Owned Sneakers,"lightly_worn, nike, pre-owned, Restock",TRUE,Size,10.5M / 12W,,,,,,,,609048-039-10.5-PO-1,0,shopify,deny,manual,95,,TRUE,TRUE,,,,,2065162684,https://cdn.shopify.com/s/files/1/0674/5767/9557/files/a4b36e8e-36ac-48df-adc8-4b2714c73a40.jpg?v=1790362107,1,Nike Air Max 95 Black Dark Shadow 10.5 (Pre-Owned) - Image 1,FALSE,,,,,,,,,,,,,,Pre-Owned,,,,,,,,,,,,,,,,,,,,,,,,,,,,,,,,,,,,lb,,,active,,,,
preowned-609048-039-10-5-po-1,,,,,,,,,,,,,,,,,,,,,,,,,,,,,,,https://cdn.shopify.com/s/files/1/0674/5767/9557/files/7eba372e-51cf-4237-91cc-e62a16fb3a3d.jpg?v=1790362107,2,Nike Air Max 95 Black Dark Shadow 10.5 (Pre-Owned) - Image 2,,,,,,,,,,,,,,,,,,,,,,,,,,,,,,,,,,,,,,,,,,,,,,,,,,,,,,,,,,
preowned-609048-039-10-5-po-1,,,,,,,,,,,,,,,,,,,,,,,,,,,,,,,https://cdn.shopify.com/s/files/1/0674/5767/9557/files/c9634b2b-f5db-4c49-b95e-750dacac46ba.jpg?v=1790362107,3,Nike Air Max 95 Black Dark Shadow 10.5 (Pre-Owned) - Image 3,,,,,,,,,,,,,,,,,,,,,,,,,,,,,,,,,,,,,,,,,,,,,,,,,,,,,,,,,,
preowned-609048-039-10-5-po-1,,,,,,,,,,,,,,,,,,,,,,,,,,,,,,,https://cdn.shopify.com/s/files/1/0674/5767/9557/files/2084d194-1161-4609-8631-e91bef7f41aa.jpg?v=1790362107,4,Nike Air Max 95 Black Dark Shadow 10.5 (Pre-Owned) - Image 4,,,,,,,,,,,,,,,,,,,,,,,,,,,,,,,,,,,,,,,,,,,,,,,,,,,,,,,,,,
preowned-609048-039-10-5-po-1,,,,,,,,,,,,,,,,,,,,,,,,,,,,,,,https://cdn.shopify.com/s/files/1/0674/5767/9557/files/c20347f7-f07a-44d1-99f9-2dc7906b5c98.jpg?v=1790362107,5,Nike Air Max 95 Black Dark Shadow 10.5 (Pre-Owned) - Image 5,,,,,,,,,,,,,,,,,,,,,,,,,,,,,,,,,,,,,,,,,,,,,,,,,,,,,,,,,,
preowned-609048-039-10-5-po-1,,,,,,,,,,,,,,,,,,,,,,,,,,,,,,,https://cdn.shopify.com/s/files/1/0674/5767/9557/files/d3444cc2-0746-4a2e-9164-398bf3181ca2.jpg?v=1790362107,6,Nike Air Max 95 Black Dark Shadow 10.5 (Pre-Owned) - Image 6,,,,,,,,,,,,,,,,,,,,,,,,,,,,,,,,,,,,,,,,,,,,,,,,,,,,,,,,,,
preowned-609048-039-10-5-po-1,,,,,,,,,,,,,,,,,,,,,,,,,,,,,,,https://cdn.shopify.com/s/files/1/0674/5767/9557/files/28d4de8c-8204-4761-b931-df23aa00b6fb.jpg?v=1790362107,7,Nike Air Max 95 Black Dark Shadow 10.5 (Pre-Owned) - Image 7,,,,,,,,,,,,,,,,,,,,,,,,,,,,,,,,,,,,,,,,,,,,,,,,,,,,,,,,,,
preowned-bv0073-300-po-cce695e7bbd,Nike LD Waffle sacai Green Gusto,"Nike LD Waffle sacai Green Gusto<br>SKU: BV0073-300<br>Size: 12M/13.5W<br>Condition: Pre-Owned<br>Box Condition: Original Box<br>Release Date: 2019-05-30<br><br>All items are shipped out quickly with safe packaging.<br>Check our reviews to see the accuracy of conditions, speed of shipping &amp; quality of service.<br><br>Please DM if you have any questions or need any more information. Thank you!",Nike,,Pre-Owned Sneakers,"nike, not_specified, pre-owned, Restock",FALSE,Size,12M/13.5W,,,,,,,,BV0073-300-PO-CCE695E7BBD,0,shopify,deny,manual,125,,TRUE,TRUE,,,,,1720721997,,,,FALSE,,,,,,,,,,,,,,Pre-Owned,,,,,,,,,,,,,,,,,,,,,,,,,,,,,,,,,,,,lb,,,active,,,,
preowned-fv3573-po-c6a2dd5b9d7,adidas Yeezy 500 Bone White (2019) 6.5M/8W (Pre-Owned),"adidas Yeezy 500 Bone White (2019)<br>SKU: FV3573<br>Size: 6.5M/8W<br>Condition: Pre-Owned<br>Box Condition: No Box<br>Release Date: 2019-08-24<br><br>All items are shipped out quickly with safe packaging.<br>Check our reviews to see the accuracy of conditions, speed of shipping &amp; quality of service.<br><br>Please DM if you have any questions or need any more information. Thank you!",adidas,,Pre-Owned Sneakers,"adidas, not_specified, pre-owned, Restock",FALSE,Size,6.5M/8W,,,,,,,,FV3573-PO-C6A2DD5B9D7,0,shopify,deny,manual,55,,TRUE,TRUE,,,,,4921105985,,,,FALSE,,,,,,,,,,,,,,Pre-Owned,,,,,,,,,,,,,,,,,,,,,,,,,,,,,,,,,,,,lb,,,active,,,,
brand-new-jordan-11-retro-low-iridescent-1786279317583,Jordan 11 Retro Low Iridescent,"Jordan 11 Retro Low Iridescent<br>SKU: 528895-145<br>Condition: New<br>Release Date: 2018-03-31<br><br>All items are shipped out quickly with safe packaging.<br>Check our reviews to see the accuracy of conditions, speed of shipping &amp; quality of service.<br><br>Please DM if you have any questions or need any more information. Thank you!",Jordan,,sneakers,Restock,TRUE,Size,11.5M / 13W,,,,,,,,528895-145-11.5M/13W,0,shopify,deny,manual,235,,TRUE,TRUE,,,,,9149430429,https://cdn.shopify.com/s/files/1/0674/5767/9557/files/img01_b5d723b9-cd41-4052-be5d-d5957d61980f.jpg?v=1790428454,1,Jordan 11 Retro Low Iridescent,FALSE,,,,,,,,,,,,,,,,,,,,,,,,,,,,,,,,,,,,,,,,,,,,,,,,,,lb,,,active,,,,
preowned-cq4277-001-10-po-4-po-1,Jordan 1 Retro Low OG SP Travis Scott Mocha Size 10 (Pre-Owned),"Jordan 1 Retro Low OG SP Travis Scott Mocha<br>SKU: CQ4277-001<br>Size: 10<br>Condition: Pre-Owned<br>Box Condition: Original Box<br>Release Date: 2019-07-20<br><br>All items are shipped out quickly with safe packaging.<br>Check our reviews to see the accuracy of conditions, speed of shipping &amp; quality of service.<br><br>Please DM if you have any questions or need any more information. Thank you!",Jordan,,Pre-Owned Sneakers,"jordan, not_specified, pre-owned, Restock",FALSE,Size,10,,,,,,,,CQ4277-001-10-PO-4-PO-1,0,shopify,deny,manual,1100,,TRUE,TRUE,,,,,5055933730,,,,FALSE,,,,,,,,,,,,,,Pre-Owned,,,,,,,,,,,,,,,,,,,,,,,,,,,,,,,,,,,,lb,,,active,,,,
preowned-dz4137-106-11-5w-po-3-po-1,Jordan 1 Retro Low OG SP Travis Scott Olive (Women's) Size 11.5W (Pre-Owned),"Jordan 1 Retro Low OG SP Travis Scott Olive (Women's)<br>SKU: DZ4137-106<br>Size: 11.5W<br>Condition: Pre-Owned<br>Box Condition: Original Box<br>Release Date: 2023-04-26<br><br>All items are shipped out quickly with safe packaging.<br>Check our reviews to see the accuracy of conditions, speed of shipping &amp; quality of service.<br><br>Please DM if you have any questions or need any more information. Thank you!",Jordan,,Pre-Owned Sneakers,"jordan, not_specified, pre-owned, Restock",FALSE,Size,11.5W,,,,,,,,DZ4137-106-11.5W-PO-3-PO-1,0,shopify,deny,manual,650,,TRUE,TRUE,,,,,5040396419,,,,FALSE,,,,,,,,,,,,,,Pre-Owned,,,,,,,,,,,,,,,,,,,,,,,,,,,,,,,,,,,,lb,,,active,,,,
preowned-fz1267-po-cc925a29941,adidas Yeezy Boost 350 V2 Zyon,"adidas Yeezy Boost 350 V2 Zyon<br>SKU: FZ1267<br>Size: 16M<br>Condition: Pre-Owned<br>Box Condition: No Box<br>Release Date: 2020-07-18<br><br>All items are shipped out quickly with safe packaging.<br>Check our reviews to see the accuracy of conditions, speed of shipping &amp; quality of service.<br><br>Please DM if you have any questions or need any more information. Thank you!",adidas,Uncategorized,Pre-Owned Sneakers,"adidas, not_specified, pre-owned, Restock",FALSE,Size,16M,,,,,,,,FZ1267-PO-CC925A29941,0,shopify,deny,manual,110,,TRUE,TRUE,,,,,9892711415,,,,FALSE,,,,,,,,,,,,,,Pre-Owned,,,,,,,,,,,,,,,,,,,,,,,,,,,,,,,,,,,,lb,,,draft,,,,
preowned-dn9782-001-po-c685dc08e17,Jordan 7 Retro Black Olive,"Jordan 7 Retro Black Olive<br>SKU: DN9782-001<br>Size: 10.5M/12W<br>Condition: Pre-Owned<br>Box Condition: Original Box<br>Release Date: 2023-01-07<br><br>All items are shipped out quickly with safe packaging.<br>Check our reviews to see the accuracy of conditions, speed of shipping &amp; quality of service.<br><br>Please DM if you have any questions or need any more information. Thank you!",Jordan,Uncategorized,Pre-Owned Sneakers,"jordan, not_specified, pre-owned, Restock",FALSE,Size,10.5M/12W,,,,,,,,DN9782-001-PO-C685DC08E17,0,shopify,deny,manual,100,,TRUE,TRUE,,,,,0410459665,,,,FALSE,,,,,,,,,,,,,,Pre-Owned,,,,,,,,,,,,,,,,,,,,,,,,,,,,,,,,,,,,lb,,,draft,,,,
preowned-ct4838-011-9-po-1,Jordan 5 Retro Moonlight (2021) 9 9 (Pre-Owned),"Jordan 5 Retro Moonlight (2021) 9<br>SKU: CT4838-011<br>Size: 9M / 10.5W<br>Condition: Lightly Worn<br>Box Condition: No Box<br>Release Date: 2021-09-25<br><br>All items are shipped out quickly with safe packaging.<br>Check our reviews to see the accuracy of conditions, speed of shipping &amp; quality of service.<br><br>Please DM if you have any questions or need any more information. Thank you!",Jordan,,Pre-Owned Sneakers,"jordan, lightly_worn, pre-owned",FALSE,Size,9M / 10.5W,,,,,,,,CT4838-011-9-PO-1,0,shopify,deny,manual,75,,TRUE,TRUE,,,,,6984275523,https://cdn.shopify.com/s/files/1/0674/5767/9557/files/1_ac843070-a489-4f42-b90c-45f9082cc747.jpg?v=1790630228,1,Jordan 5 Retro Moonlight (2021) 9 9 (Pre-Owned) - Catalog Image,FALSE,,,,,,,,,,,,,,Pre-Owned,,,,,,,,,,,,,,,,,,,,,,,,,,,,,,,,,,,,lb,,,active,,,,
preowned-b42204-11-po-1,adidas ZX 500 RM Grey Four Scarlet 11 11 (Pre-Owned),"adidas ZX 500 RM Grey Four Scarlet 11<br>SKU: B42204<br>Size: 11M / 12.5W<br>Condition: Lightly Worn<br>Box Condition: No Box<br>Release Date: 2018-07-07<br><br>All items are shipped out quickly with safe packaging.<br>Check our reviews to see the accuracy of conditions, speed of shipping &amp; quality of service.<br><br>Please DM if you have any questions or need any more information. Thank you!",adidas,,Pre-Owned Sneakers,"adidas, lightly_worn, pre-owned",FALSE,Size,11M / 12.5W,,,,,,,,B42204-11-PO-1,0,shopify,deny,manual,40,,TRUE,TRUE,,,,,4198714100,https://cdn.shopify.com/s/files/1/0674/5767/9557/files/adidas-ZX-500-RM-Grey-Four-Scarlet-Product.jpg?v=1790630226,1,adidas ZX 500 RM Grey Four Scarlet 11 11 (Pre-Owned) - Catalog Image,FALSE,,,,,,,,,,,,,,Pre-Owned,,,,,,,,,,,,,,,,,,,,,,,,,,,,,,,,,,,,lb,,,active,,,,
preowned-m990gl4-10-po-1,New Balance 990v4 Grey 10 10 (Pre-Owned),"New Balance 990v4 Grey 10<br>SKU: M990GL4<br>Size: 10M / 11.5W<br>Condition: Lightly Worn<br>Box Condition: No Box<br>Release Date: 2017-01-01<br><br>All items are shipped out quickly with safe packaging.<br>Check our reviews to see the accuracy of conditions, speed of shipping &amp; quality of service.<br><br>Please DM if you have any questions or need any more information. Thank you!",New Balance,,Pre-Owned Sneakers,"lightly_worn, new balance, pre-owned",FALSE,Size,10M / 11.5W,,,,,,,,M990GL4-10-PO-1,0,shopify,deny,manual,35,,TRUE,TRUE,,,,,2518674176,https://cdn.shopify.com/s/files/1/0674/5767/9557/files/img01_8ba8732e-5ca3-44a3-b2ec-4ad2eac6237e.jpg?v=1790630227,1,New Balance 990v4 Grey 10 10 (Pre-Owned) - Catalog Image,FALSE,,,,,,,,,,,,,,Pre-Owned,,,,,,,,,,,,,,,,,,,,,,,,,,,,,,,,,,,,lb,,,active,,,,
preowned-u9060aab-10-po-1,New Balance 9060 White Black 10 (Pre-Owned),"New Balance 9060 White Black<br>SKU: U9060AAB<br>Size: 10M / 11.5W<br>Condition: Lightly Worn<br>Box Condition: No Box<br>Release Date: 2023-03-01<br><br>All items are shipped out quickly with safe packaging.<br>Check our reviews to see the accuracy of conditions, speed of shipping &amp; quality of service.<br><br>Please DM if you have any questions or need any more information. Thank you!",New Balance,,Pre-Owned Sneakers,"lightly_worn, new balance, pre-owned, Restock",FALSE,Size,10M / 11.5W,,,,,,,,U9060AAB-10-PO-1,0,shopify,deny,manual,45,,TRUE,TRUE,,,,,9911791973,https://cdn.shopify.com/s/files/1/0674/5767/9557/files/New-Balance-9060-White-Black-Product.jpg?v=1790626632,1,New Balance 9060 White Black 10 (Pre-Owned) - Catalog Image,FALSE,,,,,,,,,,,,,,Pre-Owned,,,,,,,,,,,,,,,,,,,,,,,,,,,,,,,,,,,,lb,,,active,,,,
preowned-705149-602-10-po-1,Nike Air Max Tavas University Red/ Lt Crimson 10 (Pre-Owned),"Nike Air Max Tavas University Red/ Lt Crimson<br>SKU: 705149-602<br>Size: 10M / 11.5W<br>Condition: Lightly Worn<br>Box Condition: No Box<br>Release Date: 2015-01-01<br><br>All items are shipped out quickly with safe packaging.<br>Check our reviews to see the accuracy of conditions, speed of shipping &amp; quality of service.<br><br>Please DM if you have any questions or need any more information. Thank you!",Nike,,Pre-Owned Sneakers,"lightly_worn, nike, pre-owned, Restock",FALSE,Size,10M / 11.5W,,,,,,,,705149-602-10-PO-1,0,shopify,deny,manual,35,,TRUE,TRUE,,,,,8913382112,,,,FALSE,,,,,,,,,,,,,,Pre-Owned,,,,,,,,,,,,,,,,,,,,,,,,,,,,,,,,,,,,lb,,,active,,,,
preowned-by3015-10-5-po-1,adidas NMD R2 White Black 10.5 (Pre-Owned),"adidas NMD R2 White Black<br>SKU: BY3015<br>Size: 10.5M / 12W<br>Condition: Lightly Worn<br>Box Condition: No Box<br>Release Date: 2017-06-10<br><br>All items are shipped out quickly with safe packaging.<br>Check our reviews to see the accuracy of conditions, speed of shipping &amp; quality of service.<br><br>Please DM if you have any questions or need any more information. Thank you!",adidas,,Pre-Owned Sneakers,"adidas, lightly_worn, pre-owned, Restock",FALSE,Size,10.5M / 12W,,,,,,,,BY3015-10.5-PO-1,0,shopify,deny,manual,40,,TRUE,TRUE,,,,,3982772540,https://cdn.shopify.com/s/files/1/0674/5767/9557/files/Adidas-NMD-R2-White-Black.jpg?v=1790626631,1,adidas NMD R2 White Black 10.5 (Pre-Owned) - Catalog Image,FALSE,,,,,,,,,,,,,,Pre-Owned,,,,,,,,,,,,,,,,,,,,,,,,,,,,,,,,,,,,lb,,,active,,,,
preowned-ao1220-102-6-5w-po-1,Nike Air Force 1 Jester XX White Black (Women's) 6.5W (Pre-Owned),"Nike Air Force 1 Jester XX White Black (Women's)<br>SKU: AO1220-102<br>Size: 6.5W<br>Condition: Lightly Worn<br>Box Condition: No Box<br>Release Date: 2018-08-28<br><br>All items are shipped out quickly with safe packaging.<br>Check our reviews to see the accuracy of conditions, speed of shipping &amp; quality of service.<br><br>Please DM if you have any questions or need any more information. Thank you!",Nike,,Pre-Owned Sneakers,"lightly_worn, nike, pre-owned, Restock",FALSE,Size,6.5W,,,,,,,,AO1220-102-6.5W-PO-1,0,shopify,deny,manual,35,,TRUE,TRUE,,,,,3125534429,,,,FALSE,,,,,,,,,,,,,,Pre-Owned,,,,,,,,,,,,,,,,,,,,,,,,,,,,,,,,,,,,lb,,,active,,,,
preowned-fq8138-001-8-5-po-1,Jordan 4 Retro White Thunder 8.5 (Pre-Owned),"Jordan 4 Retro White Thunder<br>SKU: FQ8138-001<br>Size: 8.5M / 10W<br>Condition: Lightly Worn<br>Box Condition: No Box<br>Release Date: 2024-08-24<br><br>All items are shipped out quickly with safe packaging.<br>Check our reviews to see the accuracy of conditions, speed of shipping &amp; quality of service.<br><br>Please DM if you have any questions or need any more information. Thank you!",Jordan,,Pre-Owned Sneakers,"jordan, lightly_worn, pre-owned, Restock",FALSE,Size,8.5M / 10W,,,,,,,,FQ8138-001-8.5-PO-1,0,shopify,deny,manual,50,,TRUE,TRUE,,,,,4557363780,https://cdn.shopify.com/s/files/1/0674/5767/9557/files/img01_75cc42df-dacf-467d-a94d-22a08a47cc68.jpg?v=1790633838,1,Jordan 4 Retro White Thunder 8.5 (Pre-Owned) - Catalog Image,FALSE,,,,,,,,,,,,,,Pre-Owned,,,,,,,,,,,,,,,,,,,,,,,,,,,,,,,,,,,,lb,,,active,,,,
preowned-dd0587-047-8-5-po-1,Jordan 5 Retro Aqua 8.5 (Pre-Owned),"Jordan 5 Retro Aqua<br>SKU: DD0587-047<br>Size: 8.5M / 10W<br>Condition: Lightly Worn<br>Box Condition: No Box<br>Release Date: 2023-02-04<br><br>All items are shipped out quickly with safe packaging.<br>Check our reviews to see the accuracy of conditions, speed of shipping &amp; quality of service.<br><br>Please DM if you have any questions or need any more information. Thank you!",Jordan,,Pre-Owned Sneakers,"jordan, lightly_worn, pre-owned, Restock",FALSE,Size,8.5M / 10W,,,,,,,,DD0587-047-8.5-PO-1,0,shopify,deny,manual,50,,TRUE,TRUE,,,,,2823324572,https://cdn.shopify.com/s/files/1/0674/5767/9557/files/img01_a270b8e8-0912-4320-9cfa-677e89977bd0.jpg?v=1790633841,1,Jordan 5 Retro Aqua 8.5 (Pre-Owned) - Catalog Image,FALSE,,,,,,,,,,,,,,Pre-Owned,,,,,,,,,,,,,,,,,,,,,,,,,,,,,,,,,,,,lb,,,active,,,,
preowned-815758-600-11-5-po-1,Nike Air Trainer 3 Le Team Red Team Red-University Red-White 11.5 (Pre-Owned),"Nike Air Trainer 3 Le Team Red Team Red-University Red-White<br>SKU: 815758-600<br>Size: 11.5M / 13W<br>Condition: Lightly Worn<br>Box Condition: No Box<br>Release Date: 2015-10-27<br><br>All items are shipped out quickly with safe packaging.<br>Check our reviews to see the accuracy of conditions, speed of shipping &amp; quality of service.<br><br>Please DM if you have any questions or need any more information. Thank you!",Nike,,Pre-Owned Sneakers,"lightly_worn, nike, pre-owned, Restock",FALSE,Size,11.5M / 13W,,,,,,,,815758-600-11.5-PO-1,0,shopify,deny,manual,45,,TRUE,TRUE,,,,,7293275150,https://cdn.shopify.com/s/files/1/0674/5767/9557/files/Nike-Air-Trainer-3-Le-Team-Red-Team-Red-University-Red-White-Product.jpg?v=1790633824,1,Nike Air Trainer 3 Le Team Red Team Red-University Red-White 11.5 (Pre-Owned) - Catalog Image,FALSE,,,,,,,,,,,,,,Pre-Owned,,,,,,,,,,,,,,,,,,,,,,,,,,,,,,,,,,,,lb,,,active,,,,
preowned-884129-105-5y-po-1,Jordan 13 Retro Lakers (GS) 5Y (Pre-Owned),"Jordan 13 Retro Lakers (GS)<br>SKU: 884129-105<br>Size: 5Y<br>Condition: Lightly Worn<br>Box Condition: No Box<br>Release Date: 2019-07-20<br><br>All items are shipped out quickly with safe packaging.<br>Check our reviews to see the accuracy of conditions, speed of shipping &amp; quality of service.<br><br>Please DM if you have any questions or need any more information. Thank you!",Jordan,,Pre-Owned Sneakers,"jordan, lightly_worn, pre-owned, Restock",FALSE,Size,5Y (No Box),,,,,,,,884129-105-5Y-PO-1,0,shopify,deny,manual,25,,TRUE,TRUE,,,,,1494039388,https://cdn.shopify.com/s/files/1/0674/5767/9557/files/img01_139fee89-cb9a-4f46-a640-c131baddf4aa.jpg?v=1790630232,1,Jordan 13 Retro Lakers (GS) 5Y (Pre-Owned) - Catalog Image,FALSE,,,,,,,,,,,,,,Pre-Owned,,,,,,,,,,,,,,,,,,,,,,,,,,,,,,,,,,,,lb,,,active,,,,
preowned-dm7866-200-13-po-1,Jordan 1 Retro Low OG SP Travis Scott Medium Olive 13 (Pre-Owned),"Jordan 1 Retro Low OG SP Travis Scott Medium Olive<br>SKU: DM7866-200<br>Size: 13M / 14.5W<br>Condition: Lightly Worn<br>Box Condition: Original Box<br>Release Date: 2024-09-28<br><br>All items are shipped out quickly with safe packaging.<br>Check our reviews to see the accuracy of conditions, speed of shipping &amp; quality of service.<br><br>Please DM if you have any questions or need any more information. Thank you!",Jordan,,Pre-Owned Sneakers,"jordan, lightly_worn, pre-owned",FALSE,Size,13M / 14.5W,,,,,,,,DM7866-200-13-PO-1,0,shopify,deny,manual,450,,TRUE,TRUE,,,,,4714890503,https://cdn.shopify.com/s/files/1/0674/5767/9557/files/e2975a55-2413-474a-876e-a911976fb915.jpg?v=1790804776,1,Jordan 1 Retro Low OG SP Travis Scott Medium Olive 13 (Pre-Owned) - front,FALSE,,,,,,,,,,,,,,Pre-Owned,,,,,,,,,,,,,,,,,,,,,,,,,,,,,,,,,,,,lb,,,active,,,,
preowned-dm7866-200-13-po-1,,,,,,,,,,,,,,,,,,,,,,,,,,,,,,,https://cdn.shopify.com/s/files/1/0674/5767/9557/files/de6eaecd-5119-455b-950e-0476407637bd.jpg?v=1790804776,2,Jordan 1 Retro Low OG SP Travis Scott Medium Olive 13 (Pre-Owned) - back,,,,,,,,,,,,,,,,,,,,,,,,,,,,,,,,,,,,,,,,,,,,,,,,,,,,,,,,,,
preowned-dm7866-200-13-po-1,,,,,,,,,,,,,,,,,,,,,,,,,,,,,,,https://cdn.shopify.com/s/files/1/0674/5767/9557/files/b3527243-43b8-4a74-9c69-1c58ebf4f9fd.jpg?v=1790804776,3,Jordan 1 Retro Low OG SP Travis Scott Medium Olive 13 (Pre-Owned) - tag,,,,,,,,,,,,,,,,,,,,,,,,,,,,,,,,,,,,,,,,,,,,,,,,,,,,,,,,,,
preowned-dm7866-200-13-po-1,,,,,,,,,,,,,,,,,,,,,,,,,,,,,,,https://cdn.shopify.com/s/files/1/0674/5767/9557/files/9914a4e5-4289-4d58-846c-5c5ccd819980.jpg?v=1790804776,4,Jordan 1 Retro Low OG SP Travis Scott Medium Olive 13 (Pre-Owned) - aux,,,,,,,,,,,,,,,,,,,,,,,,,,,,,,,,,,,,,,,,,,,,,,,,,,,,,,,,,,
preowned-dm7866-200-13-po-1,,,,,,,,,,,,,,,,,,,,,,,,,,,,,,,https://cdn.shopify.com/s/files/1/0674/5767/9557/files/a91a95ca-2e43-42c7-90b2-ded70821dd95.jpg?v=1790804776,5,Jordan 1 Retro Low OG SP Travis Scott Medium Olive 13 (Pre-Owned) - aux,,,,,,,,,,,,,,,,,,,,,,,,,,,,,,,,,,,,,,,,,,,,,,,,,,,,,,,,,,
preowned-dm7866-200-13-po-1,,,,,,,,,,,,,,,,,,,,,,,,,,,,,,,https://cdn.shopify.com/s/files/1/0674/5767/9557/files/a78f1234-223d-483d-bd87-948e392f67d9.jpg?v=1790804776,6,Jordan 1 Retro Low OG SP Travis Scott Medium Olive 13 (Pre-Owned) - aux,,,,,,,,,,,,,,,,,,,,,,,,,,,,,,,,,,,,,,,,,,,,,,,,,,,,,,,,,,
preowned-dm7866-200-13-po-1,,,,,,,,,,,,,,,,,,,,,,,,,,,,,,,https://cdn.shopify.com/s/files/1/0674/5767/9557/files/3461b0a9-70c2-4163-a3b8-402554d436ee.jpg?v=1790804776,7,Jordan 1 Retro Low OG SP Travis Scott Medium Olive 13 (Pre-Owned) - aux,,,,,,,,,,,,,,,,,,,,,,,,,,,,,,,,,,,,,,,,,,,,,,,,,,,,,,,,,,
preowned-dm7866-200-13-po-1,,,,,,,,,,,,,,,,,,,,,,,,,,,,,,,https://cdn.shopify.com/s/files/1/0674/5767/9557/files/bb68522e-cffd-4169-adce-4a91e2d1bda5.jpg?v=1790804776,8,Jordan 1 Retro Low OG SP Travis Scott Medium Olive 13 (Pre-Owned) - aux,,,,,,,,,,,,,,,,,,,,,,,,,,,,,,,,,,,,,,,,,,,,,,,,,,,,,,,,,,
preowned-dm7866-200-13-po-1,,,,,,,,,,,,,,,,,,,,,,,,,,,,,,,https://cdn.shopify.com/s/files/1/0674/5767/9557/files/d6850af1-17ed-4aae-b5a7-d0779d799e11.jpg?v=1790804776,9,Jordan 1 Retro Low OG SP Travis Scott Medium Olive 13 (Pre-Owned) - aux,,,,,,,,,,,,,,,,,,,,,,,,,,,,,,,,,,,,,,,,,,,,,,,,,,,,,,,,,,
preowned-dm0095-106-11-po-1,Jordan 1 Low Quai 54 (2021) 11 (Pre-Owned),"Jordan 1 Low Quai 54 (2021)<br>SKU: DM0095-106<br>Size: 11M / 12.5W<br>Condition: Moderately Worn<br>Box Condition: Original Box<br>Release Date: 2021-07-10<br><br>All items are shipped out quickly with safe packaging.<br>Check our reviews to see the accuracy of conditions, speed of shipping &amp; quality of service.<br><br>Please DM if you have any questions or need any more information. Thank you!",Jordan,,Pre-Owned Sneakers,"jordan, moderately_worn, pre-owned",FALSE,Size,11M / 12.5W,,,,,,,,DM0095-106-11-PO-1,0,shopify,deny,manual,110,,TRUE,TRUE,,,,,4959994134,https://cdn.shopify.com/s/files/1/0674/5767/9557/files/1a21bfb4-3ec1-4c2f-bcc7-b62965122858.jpg?v=1790804299,1,Jordan 1 Low Quai 54 (2021) 11 (Pre-Owned) - front,FALSE,,,,,,,,,,,,,,Pre-Owned,,,,,,,,,,,,,,,,,,,,,,,,,,,,,,,,,,,,lb,,,active,,,,
preowned-dm0095-106-11-po-1,,,,,,,,,,,,,,,,,,,,,,,,,,,,,,,https://cdn.shopify.com/s/files/1/0674/5767/9557/files/e69714a3-0eb5-4337-9552-68f78598db7c.jpg?v=1790804299,2,Jordan 1 Low Quai 54 (2021) 11 (Pre-Owned) - back,,,,,,,,,,,,,,,,,,,,,,,,,,,,,,,,,,,,,,,,,,,,,,,,,,,,,,,,,,
preowned-dm0095-106-11-po-1,,,,,,,,,,,,,,,,,,,,,,,,,,,,,,,https://cdn.shopify.com/s/files/1/0674/5767/9557/files/1dada8b9-1996-4467-8ede-1d0bb8b3504a.jpg?v=1790804299,3,Jordan 1 Low Quai 54 (2021) 11 (Pre-Owned) - tag,,,,,,,,,,,,,,,,,,,,,,,,,,,,,,,,,,,,,,,,,,,,,,,,,,,,,,,,,,
preowned-dm0095-106-11-po-1,,,,,,,,,,,,,,,,,,,,,,,,,,,,,,,https://cdn.shopify.com/s/files/1/0674/5767/9557/files/02b741bb-b33b-443f-bf77-abe0fe18669e.jpg?v=1790804299,4,Jordan 1 Low Quai 54 (2021) 11 (Pre-Owned) - aux,,,,,,,,,,,,,,,,,,,,,,,,,,,,,,,,,,,,,,,,,,,,,,,,,,,,,,,,,,
preowned-dm0095-106-11-po-1,,,,,,,,,,,,,,,,,,,,,,,,,,,,,,,https://cdn.shopify.com/s/files/1/0674/5767/9557/files/cc64f4b2-622b-43a7-b6b3-9ed9b9fe3a48.jpg?v=1790804299,5,Jordan 1 Low Quai 54 (2021) 11 (Pre-Owned) - aux,,,,,,,,,,,,,,,,,,,,,,,,,,,,,,,,,,,,,,,,,,,,,,,,,,,,,,,,,,
preowned-dm0095-106-11-po-1,,,,,,,,,,,,,,,,,,,,,,,,,,,,,,,https://cdn.shopify.com/s/files/1/0674/5767/9557/files/78a3ee86-b167-45d3-b3bc-16accc4e3cc7.jpg?v=1790804299,6,Jordan 1 Low Quai 54 (2021) 11 (Pre-Owned) - aux,,,,,,,,,,,,,,,,,,,,,,,,,,,,,,,,,,,,,,,,,,,,,,,,,,,,,,,,,,
preowned-dm0095-106-11-po-1,,,,,,,,,,,,,,,,,,,,,,,,,,,,,,,https://cdn.shopify.com/s/files/1/0674/5767/9557/files/8d7176a0-00bd-4659-a64f-9d09ec1e96d5.jpg?v=1790804299,7,Jordan 1 Low Quai 54 (2021) 11 (Pre-Owned) - aux,,,,,,,,,,,,,,,,,,,,,,,,,,,,,,,,,,,,,,,,,,,,,,,,,,,,,,,,,,
preowned-dm0095-106-11-po-1,,,,,,,,,,,,,,,,,,,,,,,,,,,,,,,https://cdn.shopify.com/s/files/1/0674/5767/9557/files/6e0561fa-b85a-4d33-ac7b-502a2ee4c0b1.jpg?v=1790804299,8,Jordan 1 Low Quai 54 (2021) 11 (Pre-Owned) - aux,,,,,,,,,,,,,,,,,,,,,,,,,,,,,,,,,,,,,,,,,,,,,,,,,,,,,,,,,,
preowned-dj9649-400-9-po-1,Nike Dunk Low Union Passport Pack Argon 9 (Pre-Owned),"Nike Dunk Low Union Passport Pack Argon<br>SKU: DJ9649-400<br>Size: 9M / 10.5W<br>Condition: Moderately Worn<br>Box Condition: Original Box<br>Release Date: 2022-04-02<br><br>All items are shipped out quickly with safe packaging.<br>Check our reviews to see the accuracy of conditions, speed of shipping &amp; quality of service.<br><br>Please DM if you have any questions or need any more information. Thank you!",Nike,,Pre-Owned Sneakers,"moderately_worn, nike, pre-owned",FALSE,Size,9M / 10.5W,,,,,,,,DJ9649-400-9-PO-1,0,shopify,deny,manual,80,,TRUE,TRUE,,,,,7753454764,https://cdn.shopify.com/s/files/1/0674/5767/9557/files/189e91f9-7128-4f9b-ad16-199d572249ff.jpg?v=1790793801,1,Nike Dunk Low Union Passport Pack Argon 9 (Pre-Owned) - front,FALSE,,,,,,,,,,,,,,Pre-Owned,,,,,,,,,,,,,,,,,,,,,,,,,,,,,,,,,,,,lb,,,active,,,,
preowned-dj9649-400-9-po-1,,,,,,,,,,,,,,,,,,,,,,,,,,,,,,,https://cdn.shopify.com/s/files/1/0674/5767/9557/files/c85d74ae-e0fd-4cf0-b92e-ab6f7805704f.jpg?v=1790793801,2,Nike Dunk Low Union Passport Pack Argon 9 (Pre-Owned) - back,,,,,,,,,,,,,,,,,,,,,,,,,,,,,,,,,,,,,,,,,,,,,,,,,,,,,,,,,,
preowned-dj9649-400-9-po-1,,,,,,,,,,,,,,,,,,,,,,,,,,,,,,,https://cdn.shopify.com/s/files/1/0674/5767/9557/files/63bc2f41-0966-4c16-8f0a-8f6bfdfebec2.jpg?v=1790793801,3,Nike Dunk Low Union Passport Pack Argon 9 (Pre-Owned) - tag,,,,,,,,,,,,,,,,,,,,,,,,,,,,,,,,,,,,,,,,,,,,,,,,,,,,,,,,,,
preowned-dj9649-400-9-po-1,,,,,,,,,,,,,,,,,,,,,,,,,,,,,,,https://cdn.shopify.com/s/files/1/0674/5767/9557/files/7d600a8e-13b5-4499-b02f-08b87c2089e6.jpg?v=1790793801,4,Nike Dunk Low Union Passport Pack Argon 9 (Pre-Owned) - aux,,,,,,,,,,,,,,,,,,,,,,,,,,,,,,,,,,,,,,,,,,,,,,,,,,,,,,,,,,
preowned-dj9649-400-9-po-1,,,,,,,,,,,,,,,,,,,,,,,,,,,,,,,https://cdn.shopify.com/s/files/1/0674/5767/9557/files/33f11c67-3d5f-4596-a07f-e7db1d6194e7.jpg?v=1790793801,5,Nike Dunk Low Union Passport Pack Argon 9 (Pre-Owned) - aux,,,,,,,,,,,,,,,,,,,,,,,,,,,,,,,,,,,,,,,,,,,,,,,,,,,,,,,,,,
preowned-dj9649-400-9-po-1,,,,,,,,,,,,,,,,,,,,,,,,,,,,,,,https://cdn.shopify.com/s/files/1/0674/5767/9557/files/43a4491b-facc-4b8c-bba8-7d44d5b44beb.jpg?v=1790793801,6,Nike Dunk Low Union Passport Pack Argon 9 (Pre-Owned) - aux,,,,,,,,,,,,,,,,,,,,,,,,,,,,,,,,,,,,,,,,,,,,,,,,,,,,,,,,,,
preowned-dj9649-400-9-po-1,,,,,,,,,,,,,,,,,,,,,,,,,,,,,,,https://cdn.shopify.com/s/files/1/0674/5767/9557/files/5943d444-f203-4bf6-8370-569dc11a118d.jpg?v=1790793801,7,Nike Dunk Low Union Passport Pack Argon 9 (Pre-Owned) - aux,,,,,,,,,,,,,,,,,,,,,,,,,,,,,,,,,,,,,,,,,,,,,,,,,,,,,,,,,,
preowned-dj9649-400-9-po-1,,,,,,,,,,,,,,,,,,,,,,,,,,,,,,,https://cdn.shopify.com/s/files/1/0674/5767/9557/files/0dac2151-e531-422e-967f-2898a000f31a.jpg?v=1790793801,8,Nike Dunk Low Union Passport Pack Argon 9 (Pre-Owned) - aux,,,,,,,,,,,,,,,,,,,,,,,,,,,,,,,,,,,,,,,,,,,,,,,,,,,,,,,,,,
preowned-ct8529-004-10-5-po-1,Jordan 6 Retro Aqua 10.5 (Pre-Owned),"Jordan 6 Retro Aqua<br>SKU: CT8529-004<br>Size: 10.5M / 12W<br>Condition: Moderately Worn<br>Box Condition: Original Box<br>Release Date: 2023-10-07<br><br>All items are shipped out quickly with safe packaging.<br>Check our reviews to see the accuracy of conditions, speed of shipping &amp; quality of service.<br><br>Please DM if you have any questions or need any more information. Thank you!",Jordan,,Pre-Owned Sneakers,"jordan, moderately_worn, pre-owned",FALSE,Size,10.5M / 12W,,,,,,,,CT8529-004-10.5-PO-1,0,shopify,deny,manual,80,,TRUE,TRUE,,,,,8362800343,https://cdn.shopify.com/s/files/1/0674/5767/9557/files/c731ea42-1c7a-43b0-a72b-67dd1bfedeb0.jpg?v=1790794342,1,Jordan 6 Retro Aqua 10.5 (Pre-Owned) - front,FALSE,,,,,,,,,,,,,,Pre-Owned,,,,,,,,,,,,,,,,,,,,,,,,,,,,,,,,,,,,lb,,,active,,,,
preowned-ct8529-004-10-5-po-1,,,,,,,,,,,,,,,,,,,,,,,,,,,,,,,https://cdn.shopify.com/s/files/1/0674/5767/9557/files/2b6afa51-f1f6-4954-b84b-137dc87843b9.jpg?v=1790794342,2,Jordan 6 Retro Aqua 10.5 (Pre-Owned) - back,,,,,,,,,,,,,,,,,,,,,,,,,,,,,,,,,,,,,,,,,,,,,,,,,,,,,,,,,,
preowned-ct8529-004-10-5-po-1,,,,,,,,,,,,,,,,,,,,,,,,,,,,,,,https://cdn.shopify.com/s/files/1/0674/5767/9557/files/32999605-945f-4dfd-a7dc-e9c5d313b09a.jpg?v=1790794343,3,Jordan 6 Retro Aqua 10.5 (Pre-Owned) - tag,,,,,,,,,,,,,,,,,,,,,,,,,,,,,,,,,,,,,,,,,,,,,,,,,,,,,,,,,,
preowned-ct8529-004-10-5-po-1,,,,,,,,,,,,,,,,,,,,,,,,,,,,,,,https://cdn.shopify.com/s/files/1/0674/5767/9557/files/e011e502-2b03-4b24-9ea0-489ebad0e867.jpg?v=1790794342,4,Jordan 6 Retro Aqua 10.5 (Pre-Owned) - aux,,,,,,,,,,,,,,,,,,,,,,,,,,,,,,,,,,,,,,,,,,,,,,,,,,,,,,,,,,
preowned-ct8529-004-10-5-po-1,,,,,,,,,,,,,,,,,,,,,,,,,,,,,,,https://cdn.shopify.com/s/files/1/0674/5767/9557/files/ecc0bdb5-379d-43be-b2c1-4f8ac9ca1ec6.jpg?v=1790794342,5,Jordan 6 Retro Aqua 10.5 (Pre-Owned) - aux,,,,,,,,,,,,,,,,,,,,,,,,,,,,,,,,,,,,,,,,,,,,,,,,,,,,,,,,,,
preowned-ct8529-004-10-5-po-1,,,,,,,,,,,,,,,,,,,,,,,,,,,,,,,https://cdn.shopify.com/s/files/1/0674/5767/9557/files/21a5f3cf-831a-4c91-9e5f-f6146b20f726.jpg?v=1790794342,6,Jordan 6 Retro Aqua 10.5 (Pre-Owned) - aux,,,,,,,,,,,,,,,,,,,,,,,,,,,,,,,,,,,,,,,,,,,,,,,,,,,,,,,,,,
preowned-ct8529-004-10-5-po-1,,,,,,,,,,,,,,,,,,,,,,,,,,,,,,,https://cdn.shopify.com/s/files/1/0674/5767/9557/files/6a391b75-7e7c-4aff-a3cb-d623b828e09d.jpg?v=1790794343,7,Jordan 6 Retro Aqua 10.5 (Pre-Owned) - aux,,,,,,,,,,,,,,,,,,,,,,,,,,,,,,,,,,,,,,,,,,,,,,,,,,,,,,,,,,
preowned-ct8529-004-10-5-po-1,,,,,,,,,,,,,,,,,,,,,,,,,,,,,,,https://cdn.shopify.com/s/files/1/0674/5767/9557/files/a5f71eef-e845-4d50-97e6-dbcd800dea2c.jpg?v=1790794342,8,Jordan 6 Retro Aqua 10.5 (Pre-Owned) - aux,,,,,,,,,,,,,,,,,,,,,,,,,,,,,,,,,,,,,,,,,,,,,,,,,,,,,,,,,,
preowned-ct8529-004-10-5-po-1,,,,,,,,,,,,,,,,,,,,,,,,,,,,,,,https://cdn.shopify.com/s/files/1/0674/5767/9557/files/0c9d5bc7-7fdf-4f08-b8be-9a62e507d6dd.jpg?v=1790794342,9,Jordan 6 Retro Aqua 10.5 (Pre-Owned) - aux,,,,,,,,,,,,,,,,,,,,,,,,,,,,,,,,,,,,,,,,,,,,,,,,,,,,,,,,,,
preowned-hv9405-800-11-5-po-1,Nike Air Force 1 Low '07 Orange White Patent 11.5 (Pre-Owned),"Nike Air Force 1 Low '07 Orange White Patent<br>SKU: HV9405-800<br>Size: 11.5M / 13W<br>Condition: Lightly Worn<br>Box Condition: Original Box<br>Release Date: 2024-12-26<br><br>All items are shipped out quickly with safe packaging.<br>Check our reviews to see the accuracy of conditions, speed of shipping &amp; quality of service.<br><br>Please DM if you have any questions or need any more information. Thank you!",Nike,,Pre-Owned Sneakers,"lightly_worn, nike, pre-owned",FALSE,Size,11.5M / 13W,,,,,,,,HV9405-800-11.5-PO-1,0,shopify,deny,manual,80,,TRUE,TRUE,,,,,7140270796,https://cdn.shopify.com/s/files/1/0674/5767/9557/files/b689e05c-e802-4178-ab1a-8bf9a31da509.jpg?v=1790793691,1,Nike Air Force 1 Low '07 Orange White Patent 11.5 (Pre-Owned) - front,FALSE,,,,,,,,,,,,,,Pre-Owned,,,,,,,,,,,,,,,,,,,,,,,,,,,,,,,,,,,,lb,,,active,,,,
preowned-hv9405-800-11-5-po-1,,,,,,,,,,,,,,,,,,,,,,,,,,,,,,,https://cdn.shopify.com/s/files/1/0674/5767/9557/files/e9254cec-28fa-4b33-b46e-7974afb7f866.jpg?v=1790793691,2,Nike Air Force 1 Low '07 Orange White Patent 11.5 (Pre-Owned) - back,,,,,,,,,,,,,,,,,,,,,,,,,,,,,,,,,,,,,,,,,,,,,,,,,,,,,,,,,,
preowned-hv9405-800-11-5-po-1,,,,,,,,,,,,,,,,,,,,,,,,,,,,,,,https://cdn.shopify.com/s/files/1/0674/5767/9557/files/0d29ca6e-72f3-420b-98c5-3bea746bde44.jpg?v=1790793691,3,Nike Air Force 1 Low '07 Orange White Patent 11.5 (Pre-Owned) - tag,,,,,,,,,,,,,,,,,,,,,,,,,,,,,,,,,,,,,,,,,,,,,,,,,,,,,,,,,,
preowned-hv9405-800-11-5-po-1,,,,,,,,,,,,,,,,,,,,,,,,,,,,,,,https://cdn.shopify.com/s/files/1/0674/5767/9557/files/6b2ea047-0b56-474f-9e17-220e396f8a2b.jpg?v=1790793691,4,Nike Air Force 1 Low '07 Orange White Patent 11.5 (Pre-Owned) - aux,,,,,,,,,,,,,,,,,,,,,,,,,,,,,,,,,,,,,,,,,,,,,,,,,,,,,,,,,,
preowned-hv9405-800-11-5-po-1,,,,,,,,,,,,,,,,,,,,,,,,,,,,,,,https://cdn.shopify.com/s/files/1/0674/5767/9557/files/e7822a81-33f6-43c4-a661-6f8a05d91ced.jpg?v=1790793691,5,Nike Air Force 1 Low '07 Orange White Patent 11.5 (Pre-Owned) - aux,,,,,,,,,,,,,,,,,,,,,,,,,,,,,,,,,,,,,,,,,,,,,,,,,,,,,,,,,,
preowned-hv9405-800-11-5-po-1,,,,,,,,,,,,,,,,,,,,,,,,,,,,,,,https://cdn.shopify.com/s/files/1/0674/5767/9557/files/011f9801-aa0a-4ece-a475-b5163efa2775.jpg?v=1790793691,6,Nike Air Force 1 Low '07 Orange White Patent 11.5 (Pre-Owned) - aux,,,,,,,,,,,,,,,,,,,,,,,,,,,,,,,,,,,,,,,,,,,,,,,,,,,,,,,,,,
preowned-hv9405-800-11-5-po-1,,,,,,,,,,,,,,,,,,,,,,,,,,,,,,,https://cdn.shopify.com/s/files/1/0674/5767/9557/files/d1249500-c2dc-484e-ae2a-c013b362990c.jpg?v=1790793691,7,Nike Air Force 1 Low '07 Orange White Patent 11.5 (Pre-Owned) - aux,,,,,,,,,,,,,,,,,,,,,,,,,,,,,,,,,,,,,,,,,,,,,,,,,,,,,,,,,,
preowned-hv9405-800-11-5-po-1,,,,,,,,,,,,,,,,,,,,,,,,,,,,,,,https://cdn.shopify.com/s/files/1/0674/5767/9557/files/9aa677dd-c812-4b08-8932-4f78638bf60b.jpg?v=1790793691,8,Nike Air Force 1 Low '07 Orange White Patent 11.5 (Pre-Owned) - aux,,,,,,,,,,,,,,,,,,,,,,,,,,,,,,,,,,,,,,,,,,,,,,,,,,,,,,,,,,
preowned-cu7544-300-9-5-po-1,Nike Dunk High AMBUSH Flash Lime 9.5 (Pre-Owned),"Nike Dunk High AMBUSH Flash Lime<br>SKU: CU7544-300<br>Size: 9.5M / 11W<br>Condition: Moderately Worn<br>Box Condition: Original Box<br>Release Date: 2021-07-30<br><br>All items are shipped out quickly with safe packaging.<br>Check our reviews to see the accuracy of conditions, speed of shipping &amp; quality of service.<br><br>Please DM if you have any questions or need any more information. Thank you!",Nike,,Pre-Owned Sneakers,"moderately_worn, nike, pre-owned",FALSE,Size,9.5M / 11W,,,,,,,,CU7544-300-9.5-PO-1,0,shopify,deny,manual,95,,TRUE,TRUE,,,,,3294230252,https://cdn.shopify.com/s/files/1/0674/5767/9557/files/25a22dcd-e7b8-4e09-be90-8db56319f179.jpg?v=1790794663,1,Nike Dunk High AMBUSH Flash Lime 9.5 (Pre-Owned) - front,FALSE,,,,,,,,,,,,,,Pre-Owned,,,,,,,,,,,,,,,,,,,,,,,,,,,,,,,,,,,,lb,,,active,,,,
preowned-cu7544-300-9-5-po-1,,,,,,,,,,,,,,,,,,,,,,,,,,,,,,,https://cdn.shopify.com/s/files/1/0674/5767/9557/files/9edcb000-a6d3-441a-b759-7cbd0783d805.jpg?v=1790794663,2,Nike Dunk High AMBUSH Flash Lime 9.5 (Pre-Owned) - back,,,,,,,,,,,,,,,,,,,,,,,,,,,,,,,,,,,,,,,,,,,,,,,,,,,,,,,,,,
preowned-cu7544-300-9-5-po-1,,,,,,,,,,,,,,,,,,,,,,,,,,,,,,,https://cdn.shopify.com/s/files/1/0674/5767/9557/files/761baa0e-079f-4d6f-a2e8-f7a583239de6.jpg?v=1790794663,3,Nike Dunk High AMBUSH Flash Lime 9.5 (Pre-Owned) - tag,,,,,,,,,,,,,,,,,,,,,,,,,,,,,,,,,,,,,,,,,,,,,,,,,,,,,,,,,,
preowned-cu7544-300-9-5-po-1,,,,,,,,,,,,,,,,,,,,,,,,,,,,,,,https://cdn.shopify.com/s/files/1/0674/5767/9557/files/35bf296c-4eb5-445e-af7b-2fd0d58173f1.jpg?v=1790794663,4,Nike Dunk High AMBUSH Flash Lime 9.5 (Pre-Owned) - aux,,,,,,,,,,,,,,,,,,,,,,,,,,,,,,,,,,,,,,,,,,,,,,,,,,,,,,,,,,
preowned-cu7544-300-9-5-po-1,,,,,,,,,,,,,,,,,,,,,,,,,,,,,,,https://cdn.shopify.com/s/files/1/0674/5767/9557/files/4e65f7b3-3e42-40ed-99d0-880843b4a753.jpg?v=1790794663,5,Nike Dunk High AMBUSH Flash Lime 9.5 (Pre-Owned) - aux,,,,,,,,,,,,,,,,,,,,,,,,,,,,,,,,,,,,,,,,,,,,,,,,,,,,,,,,,,
preowned-cu7544-300-9-5-po-1,,,,,,,,,,,,,,,,,,,,,,,,,,,,,,,https://cdn.shopify.com/s/files/1/0674/5767/9557/files/843a83b4-ed3a-4ffe-861b-9b61a2857130.jpg?v=1790794663,6,Nike Dunk High AMBUSH Flash Lime 9.5 (Pre-Owned) - aux,,,,,,,,,,,,,,,,,,,,,,,,,,,,,,,,,,,,,,,,,,,,,,,,,,,,,,,,,,
preowned-cu7544-300-9-5-po-1,,,,,,,,,,,,,,,,,,,,,,,,,,,,,,,https://cdn.shopify.com/s/files/1/0674/5767/9557/files/d59d46bf-f014-46d3-a02c-59425784f54e.jpg?v=1790794663,7,Nike Dunk High AMBUSH Flash Lime 9.5 (Pre-Owned) - aux,,,,,,,,,,,,,,,,,,,,,,,,,,,,,,,,,,,,,,,,,,,,,,,,,,,,,,,,,,
preowned-554724-074-9-5-po-1,Jordan 1 Mid Banned (2020) 9.5 (Pre-Owned),"Jordan 1 Mid Banned (2020)<br>SKU: 554724-074<br>Size: 9.5M / 11W<br>Condition: Moderately Worn<br>Box Condition: Original Box<br>Release Date: 2020-11-12<br><br>All items are shipped out quickly with safe packaging.<br>Check our reviews to see the accuracy of conditions, speed of shipping &amp; quality of service.<br><br>Please DM if you have any questions or need any more information. Thank you!",Jordan,,Pre-Owned Sneakers,"jordan, moderately_worn, pre-owned",FALSE,Size,9.5M / 11W,,,,,,,,554724-074-9.5-PO-1,0,shopify,deny,manual,55,,TRUE,TRUE,,,,,6948422008,https://cdn.shopify.com/s/files/1/0674/5767/9557/files/55bab1e0-c8e1-46e6-b7e0-fea6f3982b15.jpg?v=1790803653,1,Jordan 1 Mid Banned (2020) 9.5 (Pre-Owned) - front,FALSE,,,,,,,,,,,,,,Pre-Owned,,,,,,,,,,,,,,,,,,,,,,,,,,,,,,,,,,,,lb,,,active,,,,
preowned-554724-074-9-5-po-1,,,,,,,,,,,,,,,,,,,,,,,,,,,,,,,https://cdn.shopify.com/s/files/1/0674/5767/9557/files/55a04489-224e-49db-b722-61b32ab92591.jpg?v=1790803653,2,Jordan 1 Mid Banned (2020) 9.5 (Pre-Owned) - back,,,,,,,,,,,,,,,,,,,,,,,,,,,,,,,,,,,,,,,,,,,,,,,,,,,,,,,,,,
preowned-554724-074-9-5-po-1,,,,,,,,,,,,,,,,,,,,,,,,,,,,,,,https://cdn.shopify.com/s/files/1/0674/5767/9557/files/4247eda0-6a03-46e5-a3b9-6be4a0121859.jpg?v=1790803653,3,Jordan 1 Mid Banned (2020) 9.5 (Pre-Owned) - tag,,,,,,,,,,,,,,,,,,,,,,,,,,,,,,,,,,,,,,,,,,,,,,,,,,,,,,,,,,
preowned-554724-074-9-5-po-1,,,,,,,,,,,,,,,,,,,,,,,,,,,,,,,https://cdn.shopify.com/s/files/1/0674/5767/9557/files/7441da1f-8c44-4b76-a68f-fd19b98f3e63.jpg?v=1790803653,4,Jordan 1 Mid Banned (2020) 9.5 (Pre-Owned) - aux,,,,,,,,,,,,,,,,,,,,,,,,,,,,,,,,,,,,,,,,,,,,,,,,,,,,,,,,,,
preowned-554724-074-9-5-po-1,,,,,,,,,,,,,,,,,,,,,,,,,,,,,,,https://cdn.shopify.com/s/files/1/0674/5767/9557/files/86c15db5-19f9-4272-9b2e-aeed7f86012c.jpg?v=1790803653,5,Jordan 1 Mid Banned (2020) 9.5 (Pre-Owned) - aux,,,,,,,,,,,,,,,,,,,,,,,,,,,,,,,,,,,,,,,,,,,,,,,,,,,,,,,,,,
preowned-554724-074-9-5-po-1,,,,,,,,,,,,,,,,,,,,,,,,,,,,,,,https://cdn.shopify.com/s/files/1/0674/5767/9557/files/06aef551-8045-4426-af31-25434e7779da.jpg?v=1790803653,6,Jordan 1 Mid Banned (2020) 9.5 (Pre-Owned) - aux,,,,,,,,,,,,,,,,,,,,,,,,,,,,,,,,,,,,,,,,,,,,,,,,,,,,,,,,,,
preowned-554724-074-9-5-po-1,,,,,,,,,,,,,,,,,,,,,,,,,,,,,,,https://cdn.shopify.com/s/files/1/0674/5767/9557/files/6e058e0a-4c3d-4c56-acac-2053940e6f53.jpg?v=1790803653,7,Jordan 1 Mid Banned (2020) 9.5 (Pre-Owned) - aux,,,,,,,,,,,,,,,,,,,,,,,,,,,,,,,,,,,,,,,,,,,,,,,,,,,,,,,,,,
preowned-554724-074-9-5-po-1,,,,,,,,,,,,,,,,,,,,,,,,,,,,,,,https://cdn.shopify.com/s/files/1/0674/5767/9557/files/ac5735c2-3db2-407d-8181-bfb2fcad9524.jpg?v=1790803653,8,Jordan 1 Mid Banned (2020) 9.5 (Pre-Owned) - aux,,,,,,,,,,,,,,,,,,,,,,,,,,,,,,,,,,,,,,,,,,,,,,,,,,,,,,,,,,
adidas-bermuda-mystery-green,adidas Bermuda Mystery Green,"adidas Bermuda Mystery Green<br>SKU: JH5458<br>Condition: New<br>Release Date: 2025-01-02<br><br>All items are shipped out quickly with safe packaging.<br>Check our reviews to see the accuracy of conditions, speed of shipping &amp; quality of service.<br><br>Please DM if you have any questions or need any more information. Thank you!",adidas,,sneakers,Restock,TRUE,Size,4Y / 5.5W,,,,,,,,JH5458-4,0,shopify,deny,manual,0,,TRUE,TRUE,,,,,0150116408,https://cdn.shopify.com/s/files/1/0674/5767/9557/files/adidas-Bermuda-Mystery-Green.jpg?v=1790640249,1,adidas Bermuda Mystery Green,FALSE,,,,,,,,,,,,,,,,,,,,,,,,,,,,,,,,,,,,,,,,,,,,,,,,,,lb,,,active,,,,
adidas-bermuda-mystery-green,,,,,,,,,4.5Y / 6W,,,,,,,,JH5458-4.5,0,shopify,deny,manual,0,,TRUE,TRUE,,,,,6218228652,,,,,,,,,,,,,,,,,,,,,,,,,,,,,,,,,,,,,,,,,,,,,,,,,,,,,,lb,,,,,,,
adidas-bermuda-mystery-green,,,,,,,,,5Y / 6.5W,,,,,,,,JH5458-5,0,shopify,deny,manual,0,,TRUE,TRUE,,,,,2953509521,,,,,,,,,,,,,,,,,,,,,,,,,,,,,,,,,,,,,,,,,,,,,,,,,,,,,,lb,,,,,,,
adidas-bermuda-mystery-green,,,,,,,,,5.5Y / 7W,,,,,,,,JH5458-5.5,0,shopify,deny,manual,0,,TRUE,TRUE,,,,,4697947116,,,,,,,,,,,,,,,,,,,,,,,,,,,,,,,,,,,,,,,,,,,,,,,,,,,,,,lb,,,,,,,
adidas-bermuda-mystery-green,,,,,,,,,6Y / 7.5W,,,,,,,,JH5458-6,0,shopify,deny,manual,0,,TRUE,TRUE,,,,,3264157350,,,,,,,,,,,,,,,,,,,,,,,,,,,,,,,,,,,,,,,,,,,,,,,,,,,,,,lb,,,,,,,
adidas-bermuda-mystery-green,,,,,,,,,6.5Y / 8W,,,,,,,,JH5458-6.5,0,shopify,deny,manual,0,,TRUE,TRUE,,,,,5493225112,,,,,,,,,,,,,,,,,,,,,,,,,,,,,,,,,,,,,,,,,,,,,,,,,,,,,,lb,,,,,,,
adidas-bermuda-mystery-green,,,,,,,,,7Y / 8.5W,,,,,,,,JH5458-7,0,shopify,deny,manual,0,,TRUE,TRUE,,,,,1006762223,,,,,,,,,,,,,,,,,,,,,,,,,,,,,,,,,,,,,,,,,,,,,,,,,,,,,,lb,,,,,,,
adidas-bermuda-mystery-green,,,,,,,,,7.5Y / 9W,,,,,,,,JH5458-7.5,0,shopify,deny,manual,0,,TRUE,TRUE,,,,,9351012996,,,,,,,,,,,,,,,,,,,,,,,,,,,,,,,,,,,,,,,,,,,,,,,,,,,,,,lb,,,,,,,
adidas-bermuda-mystery-green,,,,,,,,,8M / 9.5W,,,,,,,,JH5458-8,0,shopify,deny,manual,0,,TRUE,TRUE,,,,,1525841945,,,,,,,,,,,,,,,,,,,,,,,,,,,,,,,,,,,,,,,,,,,,,,,,,,,,,,lb,,,,,,,
adidas-bermuda-mystery-green,,,,,,,,,8.5M / 10W,,,,,,,,JH5458-8.5,0,shopify,deny,manual,0,,TRUE,TRUE,,,,,4592087525,,,,,,,,,,,,,,,,,,,,,,,,,,,,,,,,,,,,,,,,,,,,,,,,,,,,,,lb,,,,,,,
adidas-bermuda-mystery-green,,,,,,,,,9M / 10.5W,,,,,,,,JH5458-9,0,shopify,deny,manual,0,,TRUE,TRUE,,,,,8261798838,,,,,,,,,,,,,,,,,,,,,,,,,,,,,,,,,,,,,,,,,,,,,,,,,,,,,,lb,,,,,,,
adidas-bermuda-mystery-green,,,,,,,,,9.5M / 11W,,,,,,,,JH5458-9.5,0,shopify,deny,manual,0,,TRUE,TRUE,,,,,3263949028,,,,,,,,,,,,,,,,,,,,,,,,,,,,,,,,,,,,,,,,,,,,,,,,,,,,,,lb,,,,,,,
adidas-bermuda-mystery-green,,,,,,,,,10M / 11.5W,,,,,,,,JH5458-10,0,shopify,deny,manual,40,,TRUE,TRUE,,,,,0148071460,,,,,,,,,,,,,,,,,,,,,,,,,,,,,,,,,,,,,,,,,,,,,,,,,,,,,,lb,,,,,,,
adidas-bermuda-mystery-green,,,,,,,,,10.5M / 12W,,,,,,,,JH5458-10.5,0,shopify,deny,manual,0,,TRUE,TRUE,,,,,9421372450,,,,,,,,,,,,,,,,,,,,,,,,,,,,,,,,,,,,,,,,,,,,,,,,,,,,,,lb,,,,,,,
adidas-bermuda-mystery-green,,,,,,,,,11M / 12.5W,,,,,,,,JH5458-11,0,shopify,deny,manual,0,,TRUE,TRUE,,,,,5084710916,,,,,,,,,,,,,,,,,,,,,,,,,,,,,,,,,,,,,,,,,,,,,,,,,,,,,,lb,,,,,,,
adidas-bermuda-mystery-green,,,,,,,,,11.5M / 13W,,,,,,,,JH5458-11.5,0,shopify,deny,manual,0,,TRUE,TRUE,,,,,2751101988,,,,,,,,,,,,,,,,,,,,,,,,,,,,,,,,,,,,,,,,,,,,,,,,,,,,,,lb,,,,,,,
adidas-bermuda-mystery-green,,,,,,,,,12M / 13.5W,,,,,,,,JH5458-12,0,shopify,deny,manual,0,,TRUE,TRUE,,,,,9896927787,,,,,,,,,,,,,,,,,,,,,,,,,,,,,,,,,,,,,,,,,,,,,,,,,,,,,,lb,,,,,,,
adidas-bermuda-mystery-green,,,,,,,,,12.5M / 14W,,,,,,,,JH5458-12.5,0,shopify,deny,manual,0,,TRUE,TRUE,,,,,1532747995,,,,,,,,,,,,,,,,,,,,,,,,,,,,,,,,,,,,,,,,,,,,,,,,,,,,,,lb,,,,,,,
adidas-bermuda-mystery-green,,,,,,,,,13M / 14.5W,,,,,,,,JH5458-13,0,shopify,deny,manual,0,,TRUE,TRUE,,,,,1568426133,,,,,,,,,,,,,,,,,,,,,,,,,,,,,,,,,,,,,,,,,,,,,,,,,,,,,,lb,,,,,,,
adidas-bermuda-mystery-green,,,,,,,,,14M / 15.5W,,,,,,,,JH5458-14,0,shopify,deny,manual,0,,TRUE,TRUE,,,,,8258052873,,,,,,,,,,,,,,,,,,,,,,,,,,,,,,,,,,,,,,,,,,,,,,,,,,,,,,lb,,,,,,,
adidas-bermuda-mystery-green,,,,,,,,,15M / 16.5W,,,,,,,,JH5458-15,0,shopify,deny,manual,0,,TRUE,TRUE,,,,,7612379738,,,,,,,,,,,,,,,,,,,,,,,,,,,,,,,,,,,,,,,,,,,,,,,,,,,,,,lb,,,,,,,
adidas-adiracer-gt-bad-bunny-x-mercedes-amg-branch-sand,adidas Adiracer GT Bad Bunny x Mercedes AMG Branch Sand,"adidas Adiracer GT Bad Bunny x Mercedes AMG Branch Sand<br>SKU: HQ2570<br>Condition: New<br>Release Date: 2025-11-17<br><br>All items are shipped out quickly with safe packaging.<br>Check our reviews to see the accuracy of conditions, speed of shipping &amp; quality of service.<br><br>Please DM if you have any questions or need any more information. Thank you!",adidas,,sneakers,Restock,TRUE,Size,4Y / 5.5W,,,,,,,,HQ2570-4,0,shopify,deny,manual,0,,TRUE,TRUE,,,,,6342061805,https://cdn.shopify.com/s/files/1/0674/5767/9557/files/img01_0757781f-0db0-4b84-a6d6-3aa04ff594d4.jpg?v=1790640250,1,adidas Adiracer GT Bad Bunny x Mercedes AMG Branch Sand,FALSE,,,,,,,,,,,,,,,,,,,,,,,,,,,,,,,,,,,,,,,,,,,,,,,,,,lb,,,active,,,,
adidas-adiracer-gt-bad-bunny-x-mercedes-amg-branch-sand,,,,,,,,,4.5Y / 6W,,,,,,,,HQ2570-4.5,0,shopify,deny,manual,0,,TRUE,TRUE,,,,,2128759838,,,,,,,,,,,,,,,,,,,,,,,,,,,,,,,,,,,,,,,,,,,,,,,,,,,,,,lb,,,,,,,
adidas-adiracer-gt-bad-bunny-x-mercedes-amg-branch-sand,,,,,,,,,5Y / 6.5W,,,,,,,,HQ2570-5,0,shopify,deny,manual,0,,TRUE,TRUE,,,,,6179447749,,,,,,,,,,,,,,,,,,,,,,,,,,,,,,,,,,,,,,,,,,,,,,,,,,,,,,lb,,,,,,,
adidas-adiracer-gt-bad-bunny-x-mercedes-amg-branch-sand,,,,,,,,,5.5Y / 7W,,,,,,,,HQ2570-5.5,0,shopify,deny,manual,0,,TRUE,TRUE,,,,,3452449905,,,,,,,,,,,,,,,,,,,,,,,,,,,,,,,,,,,,,,,,,,,,,,,,,,,,,,lb,,,,,,,
adidas-adiracer-gt-bad-bunny-x-mercedes-amg-branch-sand,,,,,,,,,6Y / 7.5W,,,,,,,,HQ2570-6,0,shopify,deny,manual,0,,TRUE,TRUE,,,,,1947807202,,,,,,,,,,,,,,,,,,,,,,,,,,,,,,,,,,,,,,,,,,,,,,,,,,,,,,lb,,,,,,,
adidas-adiracer-gt-bad-bunny-x-mercedes-amg-branch-sand,,,,,,,,,6.5Y / 8W,,,,,,,,HQ2570-6.5,0,shopify,deny,manual,0,,TRUE,TRUE,,,,,2021106990,,,,,,,,,,,,,,,,,,,,,,,,,,,,,,,,,,,,,,,,,,,,,,,,,,,,,,lb,,,,,,,
adidas-adiracer-gt-bad-bunny-x-mercedes-amg-branch-sand,,,,,,,,,7Y / 8.5W,,,,,,,,HQ2570-7,0,shopify,deny,manual,0,,TRUE,TRUE,,,,,9611085842,,,,,,,,,,,,,,,,,,,,,,,,,,,,,,,,,,,,,,,,,,,,,,,,,,,,,,lb,,,,,,,
adidas-adiracer-gt-bad-bunny-x-mercedes-amg-branch-sand,,,,,,,,,7.5Y / 9W,,,,,,,,HQ2570-7.5,0,shopify,deny,manual,0,,TRUE,TRUE,,,,,3415461417,,,,,,,,,,,,,,,,,,,,,,,,,,,,,,,,,,,,,,,,,,,,,,,,,,,,,,lb,,,,,,,
adidas-adiracer-gt-bad-bunny-x-mercedes-amg-branch-sand,,,,,,,,,8M / 9.5W,,,,,,,,HQ2570-8,0,shopify,deny,manual,0,,TRUE,TRUE,,,,,1727662346,,,,,,,,,,,,,,,,,,,,,,,,,,,,,,,,,,,,,,,,,,,,,,,,,,,,,,lb,,,,,,,
adidas-adiracer-gt-bad-bunny-x-mercedes-amg-branch-sand,,,,,,,,,8.5M / 10W,,,,,,,,HQ2570-8.5,0,shopify,deny,manual,95,,TRUE,TRUE,,,,,3394333012,,,,,,,,,,,,,,,,,,,,,,,,,,,,,,,,,,,,,,,,,,,,,,,,,,,,,,lb,,,,,,,
adidas-adiracer-gt-bad-bunny-x-mercedes-amg-branch-sand,,,,,,,,,9M / 10.5W,,,,,,,,HQ2570-9,0,shopify,deny,manual,0,,TRUE,TRUE,,,,,4127833145,,,,,,,,,,,,,,,,,,,,,,,,,,,,,,,,,,,,,,,,,,,,,,,,,,,,,,lb,,,,,,,
adidas-adiracer-gt-bad-bunny-x-mercedes-amg-branch-sand,,,,,,,,,9.5M / 11W,,,,,,,,HQ2570-9.5,0,shopify,deny,manual,0,,TRUE,TRUE,,,,,9774559097,,,,,,,,,,,,,,,,,,,,,,,,,,,,,,,,,,,,,,,,,,,,,,,,,,,,,,lb,,,,,,,
adidas-adiracer-gt-bad-bunny-x-mercedes-amg-branch-sand,,,,,,,,,10M / 11.5W,,,,,,,,HQ2570-10,0,shopify,deny,manual,0,,TRUE,TRUE,,,,,5926227301,,,,,,,,,,,,,,,,,,,,,,,,,,,,,,,,,,,,,,,,,,,,,,,,,,,,,,lb,,,,,,,
adidas-adiracer-gt-bad-bunny-x-mercedes-amg-branch-sand,,,,,,,,,10.5M / 12W,,,,,,,,HQ2570-10.5,0,shopify,deny,manual,0,,TRUE,TRUE,,,,,6890324936,,,,,,,,,,,,,,,,,,,,,,,,,,,,,,,,,,,,,,,,,,,,,,,,,,,,,,lb,,,,,,,
adidas-adiracer-gt-bad-bunny-x-mercedes-amg-branch-sand,,,,,,,,,11M / 12.5W,,,,,,,,HQ2570-11,0,shopify,deny,manual,0,,TRUE,TRUE,,,,,9860943782,,,,,,,,,,,,,,,,,,,,,,,,,,,,,,,,,,,,,,,,,,,,,,,,,,,,,,lb,,,,,,,
adidas-adiracer-gt-bad-bunny-x-mercedes-amg-branch-sand,,,,,,,,,11.5M / 13W,,,,,,,,HQ2570-11.5,0,shopify,deny,manual,0,,TRUE,TRUE,,,,,7066111580,,,,,,,,,,,,,,,,,,,,,,,,,,,,,,,,,,,,,,,,,,,,,,,,,,,,,,lb,,,,,,,
adidas-adiracer-gt-bad-bunny-x-mercedes-amg-branch-sand,,,,,,,,,12M / 13.5W,,,,,,,,HQ2570-12,0,shopify,deny,manual,0,,TRUE,TRUE,,,,,1324485995,,,,,,,,,,,,,,,,,,,,,,,,,,,,,,,,,,,,,,,,,,,,,,,,,,,,,,lb,,,,,,,
adidas-adiracer-gt-bad-bunny-x-mercedes-amg-branch-sand,,,,,,,,,12.5M / 14W,,,,,,,,HQ2570-12.5,0,shopify,deny,manual,0,,TRUE,TRUE,,,,,3918944317,,,,,,,,,,,,,,,,,,,,,,,,,,,,,,,,,,,,,,,,,,,,,,,,,,,,,,lb,,,,,,,
adidas-adiracer-gt-bad-bunny-x-mercedes-amg-branch-sand,,,,,,,,,13M / 14.5W,,,,,,,,HQ2570-13,0,shopify,deny,manual,0,,TRUE,TRUE,,,,,9896131286,,,,,,,,,,,,,,,,,,,,,,,,,,,,,,,,,,,,,,,,,,,,,,,,,,,,,,lb,,,,,,,
adidas-adiracer-gt-bad-bunny-x-mercedes-amg-branch-sand,,,,,,,,,13.5M / 15W,,,,,,,,HQ2570-13.5,0,shopify,deny,manual,0,,TRUE,TRUE,,,,,2757774626,,,,,,,,,,,,,,,,,,,,,,,,,,,,,,,,,,,,,,,,,,,,,,,,,,,,,,lb,,,,,,,
adidas-adiracer-gt-bad-bunny-x-mercedes-amg-branch-sand,,,,,,,,,14M / 15.5W,,,,,,,,HQ2570-14,0,shopify,deny,manual,0,,TRUE,TRUE,,,,,1014678452,,,,,,,,,,,,,,,,,,,,,,,,,,,,,,,,,,,,,,,,,,,,,,,,,,,,,,lb,,,,,,,
preowned-dh7695-600-11-po-1,Nike SB Dunk Low Pro Parra Abstract Art (2021) 11 (Pre-Owned),"Nike SB Dunk Low Pro Parra Abstract Art (2021)<br>SKU: DH7695-600<br>Size: 11M / 12.5W<br>Condition: Lightly Worn<br>Box Condition: Original Box<br>Release Date: 2021-07-31<br><br>All items are shipped out quickly with safe packaging.<br>Check our reviews to see the accuracy of conditions, speed of shipping &amp; quality of service.<br><br>Please DM if you have any questions or need any more information. Thank you!",Nike,,Pre-Owned Sneakers,"lightly_worn, nike, pre-owned, Restock",FALSE,Size,11M / 12.5W,,,,,,,,DH7695-600-11-PO-1,0,shopify,deny,manual,245,,TRUE,TRUE,,,,,9744491586,https://cdn.shopify.com/s/files/1/0674/5767/9557/files/img01_a53e7bf2-1e32-4ee0-977d-3c0ce425ca59.jpg?v=1790720310,1,Nike SB Dunk Low Pro Parra Abstract Art (2021) - Catalog Image,FALSE,,,,,,,,,,,,,,Pre-Owned,,,,,,,,,,,,,,,,,,,,,,,,,,,,,,,,,,,,lb,,,active,,,,
preowned-665873-200-11-po-1,Nike Air Max 1 atmos Safari (2016) 11 (Pre-Owned),"Nike Air Max 1 atmos Safari (2016)<br>SKU: 665873-200<br>Size: 11M / 12.5W<br>Condition: Lightly Worn<br>Box Condition: Original Box<br>Release Date: 2016-03-14<br><br>All items are shipped out quickly with safe packaging.<br>Check our reviews to see the accuracy of conditions, speed of shipping &amp; quality of service.<br><br>Please DM if you have any questions or need any more information. Thank you!",Nike,,Pre-Owned Sneakers,"lightly_worn, nike, pre-owned, Restock",FALSE,Size,11M / 12.5W,,,,,,,,665873-200-11-PO-1,0,shopify,deny,manual,195,,TRUE,TRUE,,,,,0826459243,https://cdn.shopify.com/s/files/1/0674/5767/9557/files/img01_ae54688e-c3e9-4741-afd7-3d0619b59195.jpg?v=1790720311,1,Nike Air Max 1 atmos Safari (2016) - Catalog Image,FALSE,,,,,,,,,,,,,,Pre-Owned,,,,,,,,,,,,,,,,,,,,,,,,,,,,,,,,,,,,lb,,,active,,,,
preowned-fj1674-001-11-po-1,Nike SB Dunk Low Pro Triple Black 11 (Pre-Owned),"Nike SB Dunk Low Pro Triple Black<br>SKU: FJ1674-001<br>Size: 11M / 12.5W<br>Condition: Lightly Worn<br>Box Condition: Original Box<br>Release Date: 2024-10-01<br><br>All items are shipped out quickly with safe packaging.<br>Check our reviews to see the accuracy of conditions, speed of shipping &amp; quality of service.<br><br>Please DM if you have any questions or need any more information. Thank you!",Nike,,Pre-Owned Sneakers,"lightly_worn, nike, pre-owned, Restock",FALSE,Size,11M / 12.5W,,,,,,,,FJ1674-001-11-PO-1,0,shopify,deny,manual,100,,TRUE,TRUE,,,,,6942921437,https://cdn.shopify.com/s/files/1/0674/5767/9557/files/img01_1ba257dc-32de-4a18-9f55-e4f9066ce910.jpg?v=1790720305,1,Nike SB Dunk Low Pro Triple Black - Catalog Image,FALSE,,,,,,,,,,,,,,Pre-Owned,,,,,,,,,,,,,,,,,,,,,,,,,,,,,,,,,,,,lb,,,active,,,,
preowned-207393-90h-11-po-1,Crocs Pollex Clog by Salehe Bembury Real Tree Camo 11 (Pre-Owned),"Crocs Pollex Clog by Salehe Bembury Real Tree Camo<br>SKU: 207393-90H<br>Size: 11M / 12.5W<br>Condition: Lightly Worn<br>Box Condition: Original Box<br>Release Date: 2025-06-12<br><br>All items are shipped out quickly with safe packaging.<br>Check our reviews to see the accuracy of conditions, speed of shipping &amp; quality of service.<br><br>Please DM if you have any questions or need any more information. Thank you!",Crocs,,Pre-Owned Sneakers,"crocs, lightly_worn, pre-owned, Restock",FALSE,Size,11M / 12.5W,,,,,,,,207393-90H-11-PO-1,0,shopify,deny,manual,75,,TRUE,TRUE,,,,,4547056202,https://cdn.shopify.com/s/files/1/0674/5767/9557/files/47e0b772-526e-4557-b8eb-5c55ca05dd1e.jpg?v=1790805586,1,Crocs Pollex Clog by Salehe Bembury Real Tree Camo 11 (Pre-Owned) - front,FALSE,,,,,,,,,,,,,,Pre-Owned,,,,,,,,,,,,,,,,,,,,,,,,,,,,,,,,,,,,lb,,,active,,,,
preowned-207393-90h-11-po-1,,,,,,,,,,,,,,,,,,,,,,,,,,,,,,,https://cdn.shopify.com/s/files/1/0674/5767/9557/files/d054ca3f-f66d-4931-9308-75051214d669.jpg?v=1790805586,2,Crocs Pollex Clog by Salehe Bembury Real Tree Camo 11 (Pre-Owned) - back,,,,,,,,,,,,,,,,,,,,,,,,,,,,,,,,,,,,,,,,,,,,,,,,,,,,,,,,,,
preowned-207393-90h-11-po-1,,,,,,,,,,,,,,,,,,,,,,,,,,,,,,,https://cdn.shopify.com/s/files/1/0674/5767/9557/files/9b7a7a3c-68fe-40ac-b050-5503bf110d6d.jpg?v=1790805586,3,Crocs Pollex Clog by Salehe Bembury Real Tree Camo 11 (Pre-Owned) - tag,,,,,,,,,,,,,,,,,,,,,,,,,,,,,,,,,,,,,,,,,,,,,,,,,,,,,,,,,,
preowned-207393-90h-11-po-1,,,,,,,,,,,,,,,,,,,,,,,,,,,,,,,https://cdn.shopify.com/s/files/1/0674/5767/9557/files/7325e013-97cb-430c-b679-75be025819a3.jpg?v=1790805586,4,Crocs Pollex Clog by Salehe Bembury Real Tree Camo 11 (Pre-Owned) - aux,,,,,,,,,,,,,,,,,,,,,,,,,,,,,,,,,,,,,,,,,,,,,,,,,,,,,,,,,,
preowned-207393-90h-11-po-1,,,,,,,,,,,,,,,,,,,,,,,,,,,,,,,https://cdn.shopify.com/s/files/1/0674/5767/9557/files/116000aa-bbc3-41f9-a7f8-2cf4e140c4ec.jpg?v=1790805586,5,Crocs Pollex Clog by Salehe Bembury Real Tree Camo 11 (Pre-Owned) - aux,,,,,,,,,,,,,,,,,,,,,,,,,,,,,,,,,,,,,,,,,,,,,,,,,,,,,,,,,,
preowned-207393-90h-11-po-1,,,,,,,,,,,,,,,,,,,,,,,,,,,,,,,https://cdn.shopify.com/s/files/1/0674/5767/9557/files/8f9dd86b-e398-4701-9216-fbd2611157b1.jpg?v=1790805586,6,Crocs Pollex Clog by Salehe Bembury Real Tree Camo 11 (Pre-Owned) - aux,,,,,,,,,,,,,,,,,,,,,,,,,,,,,,,,,,,,,,,,,,,,,,,,,,,,,,,,,,
preowned-207393-90h-11-po-1,,,,,,,,,,,,,,,,,,,,,,,,,,,,,,,https://cdn.shopify.com/s/files/1/0674/5767/9557/files/357d0c73-30ea-44a8-bd23-fa5cd53f62a5.jpg?v=1790805586,7,Crocs Pollex Clog by Salehe Bembury Real Tree Camo 11 (Pre-Owned) - aux,,,,,,,,,,,,,,,,,,,,,,,,,,,,,,,,,,,,,,,,,,,,,,,,,,,,,,,,,,
preowned-207393-90h-11-po-1,,,,,,,,,,,,,,,,,,,,,,,,,,,,,,,https://cdn.shopify.com/s/files/1/0674/5767/9557/files/3f1d3b9d-5ddc-465e-8d9e-cd35a006adec.jpg?v=1790805586,8,Crocs Pollex Clog by Salehe Bembury Real Tree Camo 11 (Pre-Owned) - aux,,,,,,,,,,,,,,,,,,,,,,,,,,,,,,,,,,,,,,,,,,,,,,,,,,,,,,,,,,
preowned-dr5415-100-11-po-1,Jordan 4 Retro SB Navy 11 (Pre-Owned),"Jordan 4 Retro SB Navy<br>SKU: DR5415-100<br>Size: 11M / 12.5W<br>Condition: Lightly Worn<br>Box Condition: Original Box<br>Release Date: 2025-03-18<br><br>All items are shipped out quickly with safe packaging.<br>Check our reviews to see the accuracy of conditions, speed of shipping &amp; quality of service.<br><br>Please DM if you have any questions or need any more information. Thank you!",Jordan,,Pre-Owned Sneakers,"jordan, lightly_worn, pre-owned, Restock",FALSE,Size,11M / 12.5W,,,,,,,,DR5415-100-11-PO-1,0,shopify,deny,manual,200,,TRUE,TRUE,,,,,3202023446,https://cdn.shopify.com/s/files/1/0674/5767/9557/files/e3c19cf1-3bd9-4e41-a5be-2932dec6ab93.jpg?v=1790805018,1,Jordan 4 Retro SB Navy 11 (Pre-Owned) - front,FALSE,,,,,,,,,,,,,,Pre-Owned,,,,,,,,,,,,,,,,,,,,,,,,,,,,,,,,,,,,lb,,,active,,,,
preowned-dr5415-100-11-po-1,,,,,,,,,,,,,,,,,,,,,,,,,,,,,,,https://cdn.shopify.com/s/files/1/0674/5767/9557/files/2bc4ad8a-45a7-4331-a5aa-e000a8a56c65.jpg?v=1790805019,2,Jordan 4 Retro SB Navy 11 (Pre-Owned) - back,,,,,,,,,,,,,,,,,,,,,,,,,,,,,,,,,,,,,,,,,,,,,,,,,,,,,,,,,,
preowned-dr5415-100-11-po-1,,,,,,,,,,,,,,,,,,,,,,,,,,,,,,,https://cdn.shopify.com/s/files/1/0674/5767/9557/files/21e9e69c-ac50-49b9-8a59-f404f22a94c2.jpg?v=1790805019,3,Jordan 4 Retro SB Navy 11 (Pre-Owned) - tag,,,,,,,,,,,,,,,,,,,,,,,,,,,,,,,,,,,,,,,,,,,,,,,,,,,,,,,,,,
preowned-dr5415-100-11-po-1,,,,,,,,,,,,,,,,,,,,,,,,,,,,,,,https://cdn.shopify.com/s/files/1/0674/5767/9557/files/322c05ef-5ad8-459b-bfb4-2d7f16a822a4.jpg?v=1790805019,4,Jordan 4 Retro SB Navy 11 (Pre-Owned) - aux,,,,,,,,,,,,,,,,,,,,,,,,,,,,,,,,,,,,,,,,,,,,,,,,,,,,,,,,,,
preowned-dr5415-100-11-po-1,,,,,,,,,,,,,,,,,,,,,,,,,,,,,,,https://cdn.shopify.com/s/files/1/0674/5767/9557/files/13201199-3ac2-4504-bd9a-5a7073dbc300.jpg?v=1790805019,5,Jordan 4 Retro SB Navy 11 (Pre-Owned) - aux,,,,,,,,,,,,,,,,,,,,,,,,,,,,,,,,,,,,,,,,,,,,,,,,,,,,,,,,,,
preowned-dr5415-100-11-po-1,,,,,,,,,,,,,,,,,,,,,,,,,,,,,,,https://cdn.shopify.com/s/files/1/0674/5767/9557/files/bfae12bd-0e03-43af-b0cd-e0209c71a2f1.jpg?v=1790805019,6,Jordan 4 Retro SB Navy 11 (Pre-Owned) - aux,,,,,,,,,,,,,,,,,,,,,,,,,,,,,,,,,,,,,,,,,,,,,,,,,,,,,,,,,,
preowned-dr5415-100-11-po-1,,,,,,,,,,,,,,,,,,,,,,,,,,,,,,,https://cdn.shopify.com/s/files/1/0674/5767/9557/files/2c12eda1-8f7a-487e-8e6d-13a729a3fa8f.jpg?v=1790805018,7,Jordan 4 Retro SB Navy 11 (Pre-Owned) - aux,,,,,,,,,,,,,,,,,,,,,,,,,,,,,,,,,,,,,,,,,,,,,,,,,,,,,,,,,,
preowned-dr5415-100-11-po-1,,,,,,,,,,,,,,,,,,,,,,,,,,,,,,,https://cdn.shopify.com/s/files/1/0674/5767/9557/files/6592e55e-4ae8-4997-a4c4-d396abfea0aa.jpg?v=1790805019,8,Jordan 4 Retro SB Navy 11 (Pre-Owned) - aux,,,,,,,,,,,,,,,,,,,,,,,,,,,,,,,,,,,,,,,,,,,,,,,,,,,,,,,,,,
preowned-hq1625-500-11-po-1,Nike SB Dunk Low Persian Violet 11 (Pre-Owned),"Nike SB Dunk Low Persian Violet<br>SKU: HQ1625-500<br>Size: 11M / 12.5W<br>Condition: Lightly Worn<br>Box Condition: Original Box<br>Release Date: 2025-10-07<br><br>All items are shipped out quickly with safe packaging.<br>Check our reviews to see the accuracy of conditions, speed of shipping &amp; quality of service.<br><br>Please DM if you have any questions or need any more information. Thank you!",Nike,,Pre-Owned Sneakers,"lightly_worn, nike, pre-owned, Restock",FALSE,Size,11M / 12.5W,,,,,,,,HQ1625-500-11-PO-1,0,shopify,deny,manual,95,,TRUE,TRUE,,,,,0087682302,https://cdn.shopify.com/s/files/1/0674/5767/9557/files/img01_b89dddb3-f69d-4024-aeb8-73bdb2c92e95.jpg?v=1790720254,1,Nike SB Dunk Low Persian Violet - Catalog Image,FALSE,,,,,,,,,,,,,,Pre-Owned,,,,,,,,,,,,,,,,,,,,,,,,,,,,,,,,,,,,lb,,,active,,,,
nike-sb-dunk-low-atmos-elephant,Nike SB Dunk Low atmos Elephant,"Nike SB Dunk Low atmos Elephant<br>SKU: BQ6817-009<br>Condition: New<br>Release Date: 2020-11-11<br><br>All items are shipped out quickly with safe packaging.<br>Check our reviews to see the accuracy of conditions, speed of shipping &amp; quality of service.<br><br>Please DM if you have any questions or need any more information. Thank you!",Nike,,sneakers,Restock,TRUE,Size,4Y / 5.5W,,,,,,,,BQ6817-009-4,0,shopify,deny,manual,0,,TRUE,TRUE,,,,,6560988655,https://cdn.shopify.com/s/files/1/0674/5767/9557/files/img01_78ce4716-acd0-498d-a602-c855ddd09549.jpg?v=1790719795,1,Nike SB Dunk Low atmos Elephant,FALSE,,,,,,,,,,,,,,,,,,,,,,,,,,,,,,,,,,,,,,,,,,,,,,,,,,lb,,,active,,,,
nike-sb-dunk-low-atmos-elephant,,,,,,,,,4.5Y / 6W,,,,,,,,BQ6817-009-4.5,0,shopify,deny,manual,0,,TRUE,TRUE,,,,,9560355500,,,,,,,,,,,,,,,,,,,,,,,,,,,,,,,,,,,,,,,,,,,,,,,,,,,,,,lb,,,,,,,
nike-sb-dunk-low-atmos-elephant,,,,,,,,,5Y / 6.5W,,,,,,,,BQ6817-009-5,0,shopify,deny,manual,0,,TRUE,TRUE,,,,,1490813663,,,,,,,,,,,,,,,,,,,,,,,,,,,,,,,,,,,,,,,,,,,,,,,,,,,,,,lb,,,,,,,
nike-sb-dunk-low-atmos-elephant,,,,,,,,,5.5Y / 7W,,,,,,,,BQ6817-009-5.5,0,shopify,deny,manual,0,,TRUE,TRUE,,,,,5203915679,,,,,,,,,,,,,,,,,,,,,,,,,,,,,,,,,,,,,,,,,,,,,,,,,,,,,,lb,,,,,,,
nike-sb-dunk-low-atmos-elephant,,,,,,,,,6Y / 7.5W,,,,,,,,BQ6817-009-6,0,shopify,deny,manual,0,,TRUE,TRUE,,,,,1579526951,,,,,,,,,,,,,,,,,,,,,,,,,,,,,,,,,,,,,,,,,,,,,,,,,,,,,,lb,,,,,,,
nike-sb-dunk-low-atmos-elephant,,,,,,,,,6.5Y / 8W,,,,,,,,BQ6817-009-6.5,0,shopify,deny,manual,0,,TRUE,TRUE,,,,,4689203197,,,,,,,,,,,,,,,,,,,,,,,,,,,,,,,,,,,,,,,,,,,,,,,,,,,,,,lb,,,,,,,
nike-sb-dunk-low-atmos-elephant,,,,,,,,,7Y / 8.5W,,,,,,,,BQ6817-009-7,0,shopify,deny,manual,0,,TRUE,TRUE,,,,,4986990768,,,,,,,,,,,,,,,,,,,,,,,,,,,,,,,,,,,,,,,,,,,,,,,,,,,,,,lb,,,,,,,
nike-sb-dunk-low-atmos-elephant,,,,,,,,,7.5M / 9W,,,,,,,,BQ6817-009-7.5,0,shopify,deny,manual,0,,TRUE,TRUE,,,,,5034628860,,,,,,,,,,,,,,,,,,,,,,,,,,,,,,,,,,,,,,,,,,,,,,,,,,,,,,lb,,,,,,,
nike-sb-dunk-low-atmos-elephant,,,,,,,,,8M / 9.5W,,,,,,,,BQ6817-009-8,0,shopify,deny,manual,0,,TRUE,TRUE,,,,,5403490384,,,,,,,,,,,,,,,,,,,,,,,,,,,,,,,,,,,,,,,,,,,,,,,,,,,,,,lb,,,,,,,
nike-sb-dunk-low-atmos-elephant,,,,,,,,,8.5M / 10W,,,,,,,,BQ6817-009-8.5,0,shopify,deny,manual,0,,TRUE,TRUE,,,,,5909672638,,,,,,,,,,,,,,,,,,,,,,,,,,,,,,,,,,,,,,,,,,,,,,,,,,,,,,lb,,,,,,,
nike-sb-dunk-low-atmos-elephant,,,,,,,,,9M / 10.5W,,,,,,,,BQ6817-009-9,0,shopify,deny,manual,0,,TRUE,TRUE,,,,,3066446570,,,,,,,,,,,,,,,,,,,,,,,,,,,,,,,,,,,,,,,,,,,,,,,,,,,,,,lb,,,,,,,
nike-sb-dunk-low-atmos-elephant,,,,,,,,,9.5M / 11W,,,,,,,,BQ6817-009-9.5,0,shopify,deny,manual,0,,TRUE,TRUE,,,,,9631981234,,,,,,,,,,,,,,,,,,,,,,,,,,,,,,,,,,,,,,,,,,,,,,,,,,,,,,lb,,,,,,,
nike-sb-dunk-low-atmos-elephant,,,,,,,,,10M / 11.5W,,,,,,,,BQ6817-009-10,0,shopify,deny,manual,0,,TRUE,TRUE,,,,,1398456277,,,,,,,,,,,,,,,,,,,,,,,,,,,,,,,,,,,,,,,,,,,,,,,,,,,,,,lb,,,,,,,
nike-sb-dunk-low-atmos-elephant,,,,,,,,,10.5M / 12W,,,,,,,,BQ6817-009-10.5,0,shopify,deny,manual,0,,TRUE,TRUE,,,,,6245156892,,,,,,,,,,,,,,,,,,,,,,,,,,,,,,,,,,,,,,,,,,,,,,,,,,,,,,lb,,,,,,,
nike-sb-dunk-low-atmos-elephant,,,,,,,,,11M / 12.5W,,,,,,,,BQ6817-009-11,0,shopify,deny,manual,265,,TRUE,TRUE,,,,,4138298738,,,,,,,,,,,,,,,,,,,,,,,,,,,,,,,,,,,,,,,,,,,,,,,,,,,,,,lb,,,,,,,
nike-sb-dunk-low-atmos-elephant,,,,,,,,,11.5M / 13W,,,,,,,,BQ6817-009-11.5,0,shopify,deny,manual,0,,TRUE,TRUE,,,,,2697836557,,,,,,,,,,,,,,,,,,,,,,,,,,,,,,,,,,,,,,,,,,,,,,,,,,,,,,lb,,,,,,,
nike-sb-dunk-low-atmos-elephant,,,,,,,,,12M / 13.5W,,,,,,,,BQ6817-009-12,0,shopify,deny,manual,0,,TRUE,TRUE,,,,,5790766798,,,,,,,,,,,,,,,,,,,,,,,,,,,,,,,,,,,,,,,,,,,,,,,,,,,,,,lb,,,,,,,
nike-sb-dunk-low-atmos-elephant,,,,,,,,,13M / 14.5W,,,,,,,,BQ6817-009-13,0,shopify,deny,manual,0,,TRUE,TRUE,,,,,2471820263,,,,,,,,,,,,,,,,,,,,,,,,,,,,,,,,,,,,,,,,,,,,,,,,,,,,,,lb,,,,,,,
nike-sb-dunk-low-atmos-elephant,,,,,,,,,14M / 15.5W,,,,,,,,BQ6817-009-14,0,shopify,deny,manual,0,,TRUE,TRUE,,,,,9745331794,,,,,,,,,,,,,,,,,,,,,,,,,,,,,,,,,,,,,,,,,,,,,,,,,,,,,,lb,,,,,,,
nike-sb-dunk-low-atmos-elephant,,,,,,,,,15M / 16.5W,,,,,,,,BQ6817-009-15,0,shopify,deny,manual,0,,TRUE,TRUE,,,,,3600126153,,,,,,,,,,,,,,,,,,,,,,,,,,,,,,,,,,,,,,,,,,,,,,,,,,,,,,lb,,,,,,,
nike-sb-dunk-low-pro-deep-fir,Nike SB Dunk Low Pro Deep Fir,"Nike SB Dunk Low Pro Deep Fir<br>SKU: FJ1674-300<br>Condition: New<br>Release Date: 2025-12-01<br><br>All items are shipped out quickly with safe packaging.<br>Check our reviews to see the accuracy of conditions, speed of shipping &amp; quality of service.<br><br>Please DM if you have any questions or need any more information. Thank you!",Nike,,sneakers,Restock,TRUE,Size,4Y / 5.5W,,,,,,,,FJ1674-300-4,0,shopify,deny,manual,0,,TRUE,TRUE,,,,,9031835655,https://cdn.shopify.com/s/files/1/0674/5767/9557/files/img01_22b067a3-4b14-45a0-8d27-aaa7ebcfa3cb.jpg?v=1790719795,1,Nike SB Dunk Low Pro Deep Fir,FALSE,,,,,,,,,,,,,,,,,,,,,,,,,,,,,,,,,,,,,,,,,,,,,,,,,,lb,,,active,,,,
nike-sb-dunk-low-pro-deep-fir,,,,,,,,,4.5Y / 6W,,,,,,,,FJ1674-300-4.5,0,shopify,deny,manual,0,,TRUE,TRUE,,,,,1056710271,,,,,,,,,,,,,,,,,,,,,,,,,,,,,,,,,,,,,,,,,,,,,,,,,,,,,,lb,,,,,,,
nike-sb-dunk-low-pro-deep-fir,,,,,,,,,5Y / 6.5W,,,,,,,,FJ1674-300-5,0,shopify,deny,manual,0,,TRUE,TRUE,,,,,6574666825,,,,,,,,,,,,,,,,,,,,,,,,,,,,,,,,,,,,,,,,,,,,,,,,,,,,,,lb,,,,,,,
nike-sb-dunk-low-pro-deep-fir,,,,,,,,,5.5Y / 7W,,,,,,,,FJ1674-300-5.5,0,shopify,deny,manual,0,,TRUE,TRUE,,,,,7047311578,,,,,,,,,,,,,,,,,,,,,,,,,,,,,,,,,,,,,,,,,,,,,,,,,,,,,,lb,,,,,,,
nike-sb-dunk-low-pro-deep-fir,,,,,,,,,6Y / 7.5W,,,,,,,,FJ1674-300-6,0,shopify,deny,manual,0,,TRUE,TRUE,,,,,8631672047,,,,,,,,,,,,,,,,,,,,,,,,,,,,,,,,,,,,,,,,,,,,,,,,,,,,,,lb,,,,,,,
nike-sb-dunk-low-pro-deep-fir,,,,,,,,,6.5Y / 8W,,,,,,,,FJ1674-300-6.5,0,shopify,deny,manual,0,,TRUE,TRUE,,,,,5846478063,,,,,,,,,,,,,,,,,,,,,,,,,,,,,,,,,,,,,,,,,,,,,,,,,,,,,,lb,,,,,,,
nike-sb-dunk-low-pro-deep-fir,,,,,,,,,7Y / 8.5W,,,,,,,,FJ1674-300-7,0,shopify,deny,manual,0,,TRUE,TRUE,,,,,7741130410,,,,,,,,,,,,,,,,,,,,,,,,,,,,,,,,,,,,,,,,,,,,,,,,,,,,,,lb,,,,,,,
nike-sb-dunk-low-pro-deep-fir,,,,,,,,,7.5M / 9W,,,,,,,,FJ1674-300-7.5,0,shopify,deny,manual,0,,TRUE,TRUE,,,,,3818236629,,,,,,,,,,,,,,,,,,,,,,,,,,,,,,,,,,,,,,,,,,,,,,,,,,,,,,lb,,,,,,,
nike-sb-dunk-low-pro-deep-fir,,,,,,,,,8M / 9.5W,,,,,,,,FJ1674-300-8,0,shopify,deny,manual,0,,TRUE,TRUE,,,,,0074332166,,,,,,,,,,,,,,,,,,,,,,,,,,,,,,,,,,,,,,,,,,,,,,,,,,,,,,lb,,,,,,,
nike-sb-dunk-low-pro-deep-fir,,,,,,,,,8.5M / 10W,,,,,,,,FJ1674-300-8.5,0,shopify,deny,manual,0,,TRUE,TRUE,,,,,4140005228,,,,,,,,,,,,,,,,,,,,,,,,,,,,,,,,,,,,,,,,,,,,,,,,,,,,,,lb,,,,,,,
nike-sb-dunk-low-pro-deep-fir,,,,,,,,,9M / 10.5W,,,,,,,,FJ1674-300-9,0,shopify,deny,manual,0,,TRUE,TRUE,,,,,0966916938,,,,,,,,,,,,,,,,,,,,,,,,,,,,,,,,,,,,,,,,,,,,,,,,,,,,,,lb,,,,,,,
nike-sb-dunk-low-pro-deep-fir,,,,,,,,,9.5M / 11W,,,,,,,,FJ1674-300-9.5,0,shopify,deny,manual,0,,TRUE,TRUE,,,,,2975285467,,,,,,,,,,,,,,,,,,,,,,,,,,,,,,,,,,,,,,,,,,,,,,,,,,,,,,lb,,,,,,,
nike-sb-dunk-low-pro-deep-fir,,,,,,,,,10M / 11.5W,,,,,,,,FJ1674-300-10,0,shopify,deny,manual,0,,TRUE,TRUE,,,,,5302445824,,,,,,,,,,,,,,,,,,,,,,,,,,,,,,,,,,,,,,,,,,,,,,,,,,,,,,lb,,,,,,,
nike-sb-dunk-low-pro-deep-fir,,,,,,,,,10.5M / 12W,,,,,,,,FJ1674-300-10.5,0,shopify,deny,manual,0,,TRUE,TRUE,,,,,6836212197,,,,,,,,,,,,,,,,,,,,,,,,,,,,,,,,,,,,,,,,,,,,,,,,,,,,,,lb,,,,,,,
nike-sb-dunk-low-pro-deep-fir,,,,,,,,,11M / 12.5W,,,,,,,,FJ1674-300-11,0,shopify,deny,manual,105,,TRUE,TRUE,,,,,8565770056,,,,,,,,,,,,,,,,,,,,,,,,,,,,,,,,,,,,,,,,,,,,,,,,,,,,,,lb,,,,,,,
nike-sb-dunk-low-pro-deep-fir,,,,,,,,,11.5M / 13W,,,,,,,,FJ1674-300-11.5,0,shopify,deny,manual,0,,TRUE,TRUE,,,,,3163224009,,,,,,,,,,,,,,,,,,,,,,,,,,,,,,,,,,,,,,,,,,,,,,,,,,,,,,lb,,,,,,,
nike-sb-dunk-low-pro-deep-fir,,,,,,,,,12M / 13.5W,,,,,,,,FJ1674-300-12,0,shopify,deny,manual,0,,TRUE,TRUE,,,,,5027256464,,,,,,,,,,,,,,,,,,,,,,,,,,,,,,,,,,,,,,,,,,,,,,,,,,,,,,lb,,,,,,,
nike-sb-dunk-low-pro-deep-fir,,,,,,,,,12.5M / 14W,,,,,,,,FJ1674-300-12.5,0,shopify,deny,manual,0,,TRUE,TRUE,,,,,5275168436,,,,,,,,,,,,,,,,,,,,,,,,,,,,,,,,,,,,,,,,,,,,,,,,,,,,,,lb,,,,,,,
nike-sb-dunk-low-pro-deep-fir,,,,,,,,,13M / 14.5W,,,,,,,,FJ1674-300-13,0,shopify,deny,manual,0,,TRUE,TRUE,,,,,8282084699,,,,,,,,,,,,,,,,,,,,,,,,,,,,,,,,,,,,,,,,,,,,,,,,,,,,,,lb,,,,,,,
nike-sb-dunk-low-pro-deep-fir,,,,,,,,,14M / 15.5W,,,,,,,,FJ1674-300-14,0,shopify,deny,manual,0,,TRUE,TRUE,,,,,8039671693,,,,,,,,,,,,,,,,,,,,,,,,,,,,,,,,,,,,,,,,,,,,,,,,,,,,,,lb,,,,,,,
nike-sb-dunk-low-pro-deep-fir,,,,,,,,,15M / 16.5W,,,,,,,,FJ1674-300-15,0,shopify,deny,manual,0,,TRUE,TRUE,,,,,3511966078,,,,,,,,,,,,,,,,,,,,,,,,,,,,,,,,,,,,,,,,,,,,,,,,,,,,,,lb,,,,,,,
nike-sb-dunk-low-pro-b-sequoia,Nike SB Dunk Low Pro B Sequoia,"Nike SB Dunk Low Pro B Sequoia<br>SKU: HJ0367-301<br>Condition: New<br>Release Date: 2025-07-29<br><br>All items are shipped out quickly with safe packaging.<br>Check our reviews to see the accuracy of conditions, speed of shipping &amp; quality of service.<br><br>Please DM if you have any questions or need any more information. Thank you!",Nike,,sneakers,Restock,TRUE,Size,4Y / 5.5W,,,,,,,,HJ0367-301-4,0,shopify,deny,manual,0,,TRUE,TRUE,,,,,5068436732,https://cdn.shopify.com/s/files/1/0674/5767/9557/files/img01_b508358e-a0d3-4613-868f-b6c596cd13d2.jpg?v=1790719828,1,Nike SB Dunk Low Pro B Sequoia,FALSE,,,,,,,,,,,,,,,,,,,,,,,,,,,,,,,,,,,,,,,,,,,,,,,,,,lb,,,active,,,,
nike-sb-dunk-low-pro-b-sequoia,,,,,,,,,4.5Y / 6W,,,,,,,,HJ0367-301-4.5,0,shopify,deny,manual,0,,TRUE,TRUE,,,,,8994592432,,,,,,,,,,,,,,,,,,,,,,,,,,,,,,,,,,,,,,,,,,,,,,,,,,,,,,lb,,,,,,,
nike-sb-dunk-low-pro-b-sequoia,,,,,,,,,5Y / 6.5W,,,,,,,,HJ0367-301-5,0,shopify,deny,manual,0,,TRUE,TRUE,,,,,0724911322,,,,,,,,,,,,,,,,,,,,,,,,,,,,,,,,,,,,,,,,,,,,,,,,,,,,,,lb,,,,,,,
nike-sb-dunk-low-pro-b-sequoia,,,,,,,,,5.5Y / 7W,,,,,,,,HJ0367-301-5.5,0,shopify,deny,manual,0,,TRUE,TRUE,,,,,2461665964,,,,,,,,,,,,,,,,,,,,,,,,,,,,,,,,,,,,,,,,,,,,,,,,,,,,,,lb,,,,,,,
nike-sb-dunk-low-pro-b-sequoia,,,,,,,,,6Y / 7.5W,,,,,,,,HJ0367-301-6,0,shopify,deny,manual,0,,TRUE,TRUE,,,,,5214657217,,,,,,,,,,,,,,,,,,,,,,,,,,,,,,,,,,,,,,,,,,,,,,,,,,,,,,lb,,,,,,,
nike-sb-dunk-low-pro-b-sequoia,,,,,,,,,6.5Y / 8W,,,,,,,,HJ0367-301-6.5,0,shopify,deny,manual,0,,TRUE,TRUE,,,,,7848377782,,,,,,,,,,,,,,,,,,,,,,,,,,,,,,,,,,,,,,,,,,,,,,,,,,,,,,lb,,,,,,,
nike-sb-dunk-low-pro-b-sequoia,,,,,,,,,7Y / 8.5W,,,,,,,,HJ0367-301-7,0,shopify,deny,manual,0,,TRUE,TRUE,,,,,4158839652,,,,,,,,,,,,,,,,,,,,,,,,,,,,,,,,,,,,,,,,,,,,,,,,,,,,,,lb,,,,,,,
nike-sb-dunk-low-pro-b-sequoia,,,,,,,,,7.5M / 9W,,,,,,,,HJ0367-301-7.5,0,shopify,deny,manual,0,,TRUE,TRUE,,,,,2734334186,,,,,,,,,,,,,,,,,,,,,,,,,,,,,,,,,,,,,,,,,,,,,,,,,,,,,,lb,,,,,,,
nike-sb-dunk-low-pro-b-sequoia,,,,,,,,,8M / 9.5W,,,,,,,,HJ0367-301-8,0,shopify,deny,manual,0,,TRUE,TRUE,,,,,5389416972,,,,,,,,,,,,,,,,,,,,,,,,,,,,,,,,,,,,,,,,,,,,,,,,,,,,,,lb,,,,,,,
nike-sb-dunk-low-pro-b-sequoia,,,,,,,,,8.5M / 10W,,,,,,,,HJ0367-301-8.5,0,shopify,deny,manual,0,,TRUE,TRUE,,,,,9571694456,,,,,,,,,,,,,,,,,,,,,,,,,,,,,,,,,,,,,,,,,,,,,,,,,,,,,,lb,,,,,,,
nike-sb-dunk-low-pro-b-sequoia,,,,,,,,,9M / 10.5W,,,,,,,,HJ0367-301-9,0,shopify,deny,manual,0,,TRUE,TRUE,,,,,2588634171,,,,,,,,,,,,,,,,,,,,,,,,,,,,,,,,,,,,,,,,,,,,,,,,,,,,,,lb,,,,,,,
nike-sb-dunk-low-pro-b-sequoia,,,,,,,,,9.5M / 11W,,,,,,,,HJ0367-301-9.5,0,shopify,deny,manual,0,,TRUE,TRUE,,,,,4671305259,,,,,,,,,,,,,,,,,,,,,,,,,,,,,,,,,,,,,,,,,,,,,,,,,,,,,,lb,,,,,,,
nike-sb-dunk-low-pro-b-sequoia,,,,,,,,,10M / 11.5W,,,,,,,,HJ0367-301-10,0,shopify,deny,manual,0,,TRUE,TRUE,,,,,0821557401,,,,,,,,,,,,,,,,,,,,,,,,,,,,,,,,,,,,,,,,,,,,,,,,,,,,,,lb,,,,,,,
nike-sb-dunk-low-pro-b-sequoia,,,,,,,,,10.5M / 12W,,,,,,,,HJ0367-301-10.5,0,shopify,deny,manual,0,,TRUE,TRUE,,,,,3169234008,,,,,,,,,,,,,,,,,,,,,,,,,,,,,,,,,,,,,,,,,,,,,,,,,,,,,,lb,,,,,,,
nike-sb-dunk-low-pro-b-sequoia,,,,,,,,,11M / 12.5W,,,,,,,,HJ0367-301-11,0,shopify,deny,manual,105,,TRUE,TRUE,,,,,7781653763,,,,,,,,,,,,,,,,,,,,,,,,,,,,,,,,,,,,,,,,,,,,,,,,,,,,,,lb,,,,,,,
nike-sb-dunk-low-pro-b-sequoia,,,,,,,,,11.5M / 13W,,,,,,,,HJ0367-301-11.5,0,shopify,deny,manual,0,,TRUE,TRUE,,,,,4137884493,,,,,,,,,,,,,,,,,,,,,,,,,,,,,,,,,,,,,,,,,,,,,,,,,,,,,,lb,,,,,,,
nike-sb-dunk-low-pro-b-sequoia,,,,,,,,,12M / 13.5W,,,,,,,,HJ0367-301-12,0,shopify,deny,manual,0,,TRUE,TRUE,,,,,8738804368,,,,,,,,,,,,,,,,,,,,,,,,,,,,,,,,,,,,,,,,,,,,,,,,,,,,,,lb,,,,,,,
nike-sb-dunk-low-pro-b-sequoia,,,,,,,,,12.5M / 14W,,,,,,,,HJ0367-301-12.5,0,shopify,deny,manual,0,,TRUE,TRUE,,,,,1722295584,,,,,,,,,,,,,,,,,,,,,,,,,,,,,,,,,,,,,,,,,,,,,,,,,,,,,,lb,,,,,,,
nike-sb-dunk-low-pro-b-sequoia,,,,,,,,,13M / 14.5W,,,,,,,,HJ0367-301-13,0,shopify,deny,manual,0,,TRUE,TRUE,,,,,9624945597,,,,,,,,,,,,,,,,,,,,,,,,,,,,,,,,,,,,,,,,,,,,,,,,,,,,,,lb,,,,,,,
nike-sb-dunk-low-pro-b-sequoia,,,,,,,,,14M / 15.5W,,,,,,,,HJ0367-301-14,0,shopify,deny,manual,0,,TRUE,TRUE,,,,,3634087124,,,,,,,,,,,,,,,,,,,,,,,,,,,,,,,,,,,,,,,,,,,,,,,,,,,,,,lb,,,,,,,
nike-sb-dunk-low-pro-b-sequoia,,,,,,,,,15M / 16.5W,,,,,,,,HJ0367-301-15,0,shopify,deny,manual,0,,TRUE,TRUE,,,,,8850943617,,,,,,,,,,,,,,,,,,,,,,,,,,,,,,,,,,,,,,,,,,,,,,,,,,,,,,lb,,,,,,,
nike-sb-dunk-low-pro-som-tum,Nike SB Dunk Low Pro Som Tum,"Nike SB Dunk Low Pro Som Tum<br>SKU: IB6206-701<br>Condition: New<br>Release Date: 2026-04-11<br><br>All items are shipped out quickly with safe packaging.<br>Check our reviews to see the accuracy of conditions, speed of shipping &amp; quality of service.<br><br>Please DM if you have any questions or need any more information. Thank you!",Nike,,sneakers,Restock,TRUE,Size,4Y / 5.5W,,,,,,,,IB6206-701-4,0,shopify,deny,manual,0,,TRUE,TRUE,,,,,2950801623,https://cdn.shopify.com/s/files/1/0674/5767/9557/files/img01_5cafad5d-97ce-4d3f-844e-fc2810831676.jpg?v=1790719831,1,Nike SB Dunk Low Pro Som Tum,FALSE,,,,,,,,,,,,,,,,,,,,,,,,,,,,,,,,,,,,,,,,,,,,,,,,,,lb,,,active,,,,
nike-sb-dunk-low-pro-som-tum,,,,,,,,,4.5Y / 6W,,,,,,,,IB6206-701-4.5,0,shopify,deny,manual,0,,TRUE,TRUE,,,,,4761039153,,,,,,,,,,,,,,,,,,,,,,,,,,,,,,,,,,,,,,,,,,,,,,,,,,,,,,lb,,,,,,,
nike-sb-dunk-low-pro-som-tum,,,,,,,,,5Y / 6.5W,,,,,,,,IB6206-701-5,0,shopify,deny,manual,0,,TRUE,TRUE,,,,,4922279082,,,,,,,,,,,,,,,,,,,,,,,,,,,,,,,,,,,,,,,,,,,,,,,,,,,,,,lb,,,,,,,
nike-sb-dunk-low-pro-som-tum,,,,,,,,,5.5Y / 7W,,,,,,,,IB6206-701-5.5,0,shopify,deny,manual,0,,TRUE,TRUE,,,,,5787835483,,,,,,,,,,,,,,,,,,,,,,,,,,,,,,,,,,,,,,,,,,,,,,,,,,,,,,lb,,,,,,,
nike-sb-dunk-low-pro-som-tum,,,,,,,,,6Y / 7.5W,,,,,,,,IB6206-701-6,0,shopify,deny,manual,0,,TRUE,TRUE,,,,,1699650904,,,,,,,,,,,,,,,,,,,,,,,,,,,,,,,,,,,,,,,,,,,,,,,,,,,,,,lb,,,,,,,
nike-sb-dunk-low-pro-som-tum,,,,,,,,,6.5Y / 8W,,,,,,,,IB6206-701-6.5,0,shopify,deny,manual,0,,TRUE,TRUE,,,,,3865498498,,,,,,,,,,,,,,,,,,,,,,,,,,,,,,,,,,,,,,,,,,,,,,,,,,,,,,lb,,,,,,,
nike-sb-dunk-low-pro-som-tum,,,,,,,,,7Y / 8.5W,,,,,,,,IB6206-701-7,0,shopify,deny,manual,0,,TRUE,TRUE,,,,,8923962000,,,,,,,,,,,,,,,,,,,,,,,,,,,,,,,,,,,,,,,,,,,,,,,,,,,,,,lb,,,,,,,
nike-sb-dunk-low-pro-som-tum,,,,,,,,,7.5M / 9W,,,,,,,,IB6206-701-7.5,0,shopify,deny,manual,0,,TRUE,TRUE,,,,,4437330434,,,,,,,,,,,,,,,,,,,,,,,,,,,,,,,,,,,,,,,,,,,,,,,,,,,,,,lb,,,,,,,
nike-sb-dunk-low-pro-som-tum,,,,,,,,,8M / 9.5W,,,,,,,,IB6206-701-8,0,shopify,deny,manual,0,,TRUE,TRUE,,,,,5308502940,,,,,,,,,,,,,,,,,,,,,,,,,,,,,,,,,,,,,,,,,,,,,,,,,,,,,,lb,,,,,,,
nike-sb-dunk-low-pro-som-tum,,,,,,,,,8.5M / 10W,,,,,,,,IB6206-701-8.5,0,shopify,deny,manual,0,,TRUE,TRUE,,,,,0665427002,,,,,,,,,,,,,,,,,,,,,,,,,,,,,,,,,,,,,,,,,,,,,,,,,,,,,,lb,,,,,,,
nike-sb-dunk-low-pro-som-tum,,,,,,,,,9M / 10.5W,,,,,,,,IB6206-701-9,0,shopify,deny,manual,0,,TRUE,TRUE,,,,,2107744637,,,,,,,,,,,,,,,,,,,,,,,,,,,,,,,,,,,,,,,,,,,,,,,,,,,,,,lb,,,,,,,
nike-sb-dunk-low-pro-som-tum,,,,,,,,,9.5M / 11W,,,,,,,,IB6206-701-9.5,0,shopify,deny,manual,0,,TRUE,TRUE,,,,,4444809320,,,,,,,,,,,,,,,,,,,,,,,,,,,,,,,,,,,,,,,,,,,,,,,,,,,,,,lb,,,,,,,
nike-sb-dunk-low-pro-som-tum,,,,,,,,,10M / 11.5W,,,,,,,,IB6206-701-10,0,shopify,deny,manual,0,,TRUE,TRUE,,,,,9084452320,,,,,,,,,,,,,,,,,,,,,,,,,,,,,,,,,,,,,,,,,,,,,,,,,,,,,,lb,,,,,,,
nike-sb-dunk-low-pro-som-tum,,,,,,,,,10.5M / 12W,,,,,,,,IB6206-701-10.5,0,shopify,deny,manual,0,,TRUE,TRUE,,,,,6416887921,,,,,,,,,,,,,,,,,,,,,,,,,,,,,,,,,,,,,,,,,,,,,,,,,,,,,,lb,,,,,,,
nike-sb-dunk-low-pro-som-tum,,,,,,,,,11M / 12.5W,,,,,,,,IB6206-701-11,0,shopify,deny,manual,105,,TRUE,TRUE,,,,,8633217884,,,,,,,,,,,,,,,,,,,,,,,,,,,,,,,,,,,,,,,,,,,,,,,,,,,,,,lb,,,,,,,
nike-sb-dunk-low-pro-som-tum,,,,,,,,,11.5M / 13W,,,,,,,,IB6206-701-11.5,0,shopify,deny,manual,0,,TRUE,TRUE,,,,,7547762101,,,,,,,,,,,,,,,,,,,,,,,,,,,,,,,,,,,,,,,,,,,,,,,,,,,,,,lb,,,,,,,
nike-sb-dunk-low-pro-som-tum,,,,,,,,,12M / 13.5W,,,,,,,,IB6206-701-12,0,shopify,deny,manual,0,,TRUE,TRUE,,,,,0356631322,,,,,,,,,,,,,,,,,,,,,,,,,,,,,,,,,,,,,,,,,,,,,,,,,,,,,,lb,,,,,,,
nike-sb-dunk-low-pro-som-tum,,,,,,,,,12.5M / 14W,,,,,,,,IB6206-701-12.5,0,shopify,deny,manual,0,,TRUE,TRUE,,,,,6347739964,,,,,,,,,,,,,,,,,,,,,,,,,,,,,,,,,,,,,,,,,,,,,,,,,,,,,,lb,,,,,,,
nike-sb-dunk-low-pro-som-tum,,,,,,,,,13M / 14.5W,,,,,,,,IB6206-701-13,0,shopify,deny,manual,0,,TRUE,TRUE,,,,,7731842295,,,,,,,,,,,,,,,,,,,,,,,,,,,,,,,,,,,,,,,,,,,,,,,,,,,,,,lb,,,,,,,
nike-sb-dunk-low-pro-som-tum,,,,,,,,,14M / 15.5W,,,,,,,,IB6206-701-14,0,shopify,deny,manual,0,,TRUE,TRUE,,,,,2175774453,,,,,,,,,,,,,,,,,,,,,,,,,,,,,,,,,,,,,,,,,,,,,,,,,,,,,,lb,,,,,,,
nike-sb-dunk-low-pro-som-tum,,,,,,,,,15M / 16.5W,,,,,,,,IB6206-701-15,0,shopify,deny,manual,0,,TRUE,TRUE,,,,,3119312401,,,,,,,,,,,,,,,,,,,,,,,,,,,,,,,,,,,,,,,,,,,,,,,,,,,,,,lb,,,,,,,
preowned-313171-063-11-po-1,Nike SB Dunk High Premier Northern Lights 11 (Pre-Owned),"Nike SB Dunk High Premier Northern Lights<br>SKU: 313171-063<br>Size: 11M / 12.5W<br>Condition: Lightly Worn (replacement nike SB box)<br>Box Condition: Replacement Box<br>Release Date: 2014-11-29<br><br>All items are shipped out quickly with safe packaging.<br>Check our reviews to see the accuracy of conditions, speed of shipping &amp; quality of service.<br><br>Please DM if you have any questions or need any more information. Thank you!",Nike,,Pre-Owned Sneakers,"lightly_worn, nike, pre-owned, Restock",FALSE,Size,11M / 12.5W,,,,,,,,313171-063-11-PO-1,0,shopify,deny,manual,195,,TRUE,TRUE,,,,,9181592914,https://cdn.shopify.com/s/files/1/0674/5767/9557/files/img01_db39ddd2-6c94-485e-b366-f257d777cee3.jpg?v=1790723831,1,Nike SB Dunk High Premier Northern Lights 11 (Pre-Owned) - Catalog Image,FALSE,,,,,,,,,,,,,,Pre-Owned,,,,,,,,,,,,,,,,,,,,,,,,,,,,,,,,,,,,lb,,,active,,,,
preowned-310805-062-9-5-po-1,Jordan 10 Retro Light Smoke Grey 9.5 9.5 (Pre-Owned),"Jordan 10 Retro Light Smoke Grey 9.5<br>SKU: 310805-062<br>Size: 9.5M / 11W<br>Condition: Moderately Worn (yellowing on the soles)<br>Box Condition: No Box<br>Release Date: 2018-07-28<br><br>All items are shipped out quickly with safe packaging.<br>Check our reviews to see the accuracy of conditions, speed of shipping &amp; quality of service.<br><br>Please DM if you have any questions or need any more information. Thank you!",Jordan,,Pre-Owned Sneakers,"jordan, moderately_worn, pre-owned",FALSE,Size,9.5M / 11W,,,,,,,,310805-062-9.5-PO-1,0,shopify,deny,manual,60,,TRUE,TRUE,,,,,9171873231,https://cdn.shopify.com/s/files/1/0674/5767/9557/files/img01_055ff9ee-9567-41c0-a6be-35bb16a714e6.jpg?v=1790731031,1,Jordan 10 Retro Light Smoke Grey 9.5 9.5 (Pre-Owned) - Catalog Image,FALSE,,,,,,,,,,,,,,Pre-Owned,,,,,,,,,,,,,,,,,,,,,,,,,,,,,,,,,,,,lb,,,active,,,,
jordan-1-retro-high-og-sp-fragment-x-union-la-sport-royal,Jordan 1 Retro High OG SP Fragment x Union LA Sport Royal,"Jordan 1 Retro High OG SP Fragment x Union LA Sport Royal<br>SKU: IO7847-001<br>Condition: New<br><br>All items are shipped out quickly with safe packaging.<br>Check our reviews to see the accuracy of conditions, speed of shipping &amp; quality of service.<br><br>Please DM if you have any questions or need any more information. Thank you!",Jordan,,sneakers,Restock,TRUE,Size,3.5Y / 5W,,,,,,,,IO7847-001-3.5,0,shopify,deny,manual,0,,TRUE,TRUE,,,,,5179207326,https://cdn.shopify.com/s/files/1/0674/5767/9557/files/img01_8efb0486-4da8-4186-98cf-6304136d27c6.jpg?v=1790725889,1,Jordan 1 Retro High OG SP Fragment x Union LA Sport Royal,FALSE,,,,,,,,,,,,,,,,,,,,,,,,,,,,,,,,,,,,,,,,,,,,,,,,,,lb,,,active,,,,
jordan-1-retro-high-og-sp-fragment-x-union-la-sport-royal,,,,,,,,,4Y / 5.5W,,,,,,,,IO7847-001-4,0,shopify,deny,manual,0,,TRUE,TRUE,,,,,3943554458,,,,,,,,,,,,,,,,,,,,,,,,,,,,,,,,,,,,,,,,,,,,,,,,,,,,,,lb,,,,,,,
jordan-1-retro-high-og-sp-fragment-x-union-la-sport-royal,,,,,,,,,4.5Y / 6W,,,,,,,,IO7847-001-4.5,0,shopify,deny,manual,0,,TRUE,TRUE,,,,,4834014666,,,,,,,,,,,,,,,,,,,,,,,,,,,,,,,,,,,,,,,,,,,,,,,,,,,,,,lb,,,,,,,
jordan-1-retro-high-og-sp-fragment-x-union-la-sport-royal,,,,,,,,,5Y / 6.5W,,,,,,,,IO7847-001-5,0,shopify,deny,manual,0,,TRUE,TRUE,,,,,8593652601,,,,,,,,,,,,,,,,,,,,,,,,,,,,,,,,,,,,,,,,,,,,,,,,,,,,,,lb,,,,,,,
jordan-1-retro-high-og-sp-fragment-x-union-la-sport-royal,,,,,,,,,5.5Y / 7W,,,,,,,,IO7847-001-5.5,0,shopify,deny,manual,0,,TRUE,TRUE,,,,,6077844945,,,,,,,,,,,,,,,,,,,,,,,,,,,,,,,,,,,,,,,,,,,,,,,,,,,,,,lb,,,,,,,
jordan-1-retro-high-og-sp-fragment-x-union-la-sport-royal,,,,,,,,,6Y / 7.5W,,,,,,,,IO7847-001-6,0,shopify,deny,manual,0,,TRUE,TRUE,,,,,3066375039,,,,,,,,,,,,,,,,,,,,,,,,,,,,,,,,,,,,,,,,,,,,,,,,,,,,,,lb,,,,,,,
jordan-1-retro-high-og-sp-fragment-x-union-la-sport-royal,,,,,,,,,6.5Y / 8W,,,,,,,,IO7847-001-6.5,0,shopify,deny,manual,0,,TRUE,TRUE,,,,,8716707515,,,,,,,,,,,,,,,,,,,,,,,,,,,,,,,,,,,,,,,,,,,,,,,,,,,,,,lb,,,,,,,
jordan-1-retro-high-og-sp-fragment-x-union-la-sport-royal,,,,,,,,,7Y / 8.5W,,,,,,,,IO7847-001-7,0,shopify,deny,manual,0,,TRUE,TRUE,,,,,9790430157,,,,,,,,,,,,,,,,,,,,,,,,,,,,,,,,,,,,,,,,,,,,,,,,,,,,,,lb,,,,,,,
jordan-1-retro-high-og-sp-fragment-x-union-la-sport-royal,,,,,,,,,7.5M / 9W,,,,,,,,IO7847-001-7.5,0,shopify,deny,manual,0,,TRUE,TRUE,,,,,5336385407,,,,,,,,,,,,,,,,,,,,,,,,,,,,,,,,,,,,,,,,,,,,,,,,,,,,,,lb,,,,,,,
jordan-1-retro-high-og-sp-fragment-x-union-la-sport-royal,,,,,,,,,8M / 9.5W,,,,,,,,IO7847-001-8,0,shopify,deny,manual,0,,TRUE,TRUE,,,,,0985112566,,,,,,,,,,,,,,,,,,,,,,,,,,,,,,,,,,,,,,,,,,,,,,,,,,,,,,lb,,,,,,,
jordan-1-retro-high-og-sp-fragment-x-union-la-sport-royal,,,,,,,,,8.5M / 10W,,,,,,,,IO7847-001-8.5,0,shopify,deny,manual,0,,TRUE,TRUE,,,,,3017623058,,,,,,,,,,,,,,,,,,,,,,,,,,,,,,,,,,,,,,,,,,,,,,,,,,,,,,lb,,,,,,,
jordan-1-retro-high-og-sp-fragment-x-union-la-sport-royal,,,,,,,,,9M / 10.5W,,,,,,,,IO7847-001-9,0,shopify,deny,manual,335,,TRUE,TRUE,,,,,9752209440,,,,,,,,,,,,,,,,,,,,,,,,,,,,,,,,,,,,,,,,,,,,,,,,,,,,,,lb,,,,,,,
jordan-1-retro-high-og-sp-fragment-x-union-la-sport-royal,,,,,,,,,9.5M / 11W,,,,,,,,IO7847-001-9.5,0,shopify,deny,manual,0,,TRUE,TRUE,,,,,5319921170,,,,,,,,,,,,,,,,,,,,,,,,,,,,,,,,,,,,,,,,,,,,,,,,,,,,,,lb,,,,,,,
jordan-1-retro-high-og-sp-fragment-x-union-la-sport-royal,,,,,,,,,10M / 11.5W,,,,,,,,IO7847-001-10,0,shopify,deny,manual,0,,TRUE,TRUE,,,,,5742878478,,,,,,,,,,,,,,,,,,,,,,,,,,,,,,,,,,,,,,,,,,,,,,,,,,,,,,lb,,,,,,,
jordan-1-retro-high-og-sp-fragment-x-union-la-sport-royal,,,,,,,,,10.5M / 12W,,,,,,,,IO7847-001-10.5,0,shopify,deny,manual,0,,TRUE,TRUE,,,,,6755204699,,,,,,,,,,,,,,,,,,,,,,,,,,,,,,,,,,,,,,,,,,,,,,,,,,,,,,lb,,,,,,,
jordan-1-retro-high-og-sp-fragment-x-union-la-sport-royal,,,,,,,,,11M / 12.5W,,,,,,,,IO7847-001-11,0,shopify,deny,manual,0,,TRUE,TRUE,,,,,1277615821,,,,,,,,,,,,,,,,,,,,,,,,,,,,,,,,,,,,,,,,,,,,,,,,,,,,,,lb,,,,,,,
jordan-1-retro-high-og-sp-fragment-x-union-la-sport-royal,,,,,,,,,11.5M / 13W,,,,,,,,IO7847-001-11.5,0,shopify,deny,manual,0,,TRUE,TRUE,,,,,9617491293,,,,,,,,,,,,,,,,,,,,,,,,,,,,,,,,,,,,,,,,,,,,,,,,,,,,,,lb,,,,,,,
jordan-1-retro-high-og-sp-fragment-x-union-la-sport-royal,,,,,,,,,12M / 13.5W,,,,,,,,IO7847-001-12,0,shopify,deny,manual,0,,TRUE,TRUE,,,,,9947806696,,,,,,,,,,,,,,,,,,,,,,,,,,,,,,,,,,,,,,,,,,,,,,,,,,,,,,lb,,,,,,,
jordan-1-retro-high-og-sp-fragment-x-union-la-sport-royal,,,,,,,,,12.5M / 14W,,,,,,,,IO7847-001-12.5,0,shopify,deny,manual,0,,TRUE,TRUE,,,,,4045379754,,,,,,,,,,,,,,,,,,,,,,,,,,,,,,,,,,,,,,,,,,,,,,,,,,,,,,lb,,,,,,,
jordan-1-retro-high-og-sp-fragment-x-union-la-sport-royal,,,,,,,,,13M / 14.5W,,,,,,,,IO7847-001-13,0,shopify,deny,manual,0,,TRUE,TRUE,,,,,5657553784,,,,,,,,,,,,,,,,,,,,,,,,,,,,,,,,,,,,,,,,,,,,,,,,,,,,,,lb,,,,,,,
jordan-1-retro-high-og-sp-fragment-x-union-la-sport-royal,,,,,,,,,14M / 15.5W,,,,,,,,IO7847-001-14,0,shopify,deny,manual,0,,TRUE,TRUE,,,,,6073602030,,,,,,,,,,,,,,,,,,,,,,,,,,,,,,,,,,,,,,,,,,,,,,,,,,,,,,lb,,,,,,,
jordan-1-retro-high-og-sp-fragment-x-union-la-sport-royal,,,,,,,,,15M / 16.5W,,,,,,,,IO7847-001-15,0,shopify,deny,manual,0,,TRUE,TRUE,,,,,9026027818,,,,,,,,,,,,,,,,,,,,,,,,,,,,,,,,,,,,,,,,,,,,,,,,,,,,,,lb,,,,,,,
jordan-1-retro-high-og-sp-fragment-x-union-la-sport-royal,,,,,,,,,16M / 17.5W,,,,,,,,IO7847-001-16,0,shopify,deny,manual,0,,TRUE,TRUE,,,,,0915362321,,,,,,,,,,,,,,,,,,,,,,,,,,,,,,,,,,,,,,,,,,,,,,,,,,,,,,lb,,,,,,,
jordan-1-retro-high-og-sp-fragment-x-union-la-sport-royal,,,,,,,,,17M / 18.5W,,,,,,,,IO7847-001-17,0,shopify,deny,manual,0,,TRUE,TRUE,,,,,1377937819,,,,,,,,,,,,,,,,,,,,,,,,,,,,,,,,,,,,,,,,,,,,,,,,,,,,,,lb,,,,,,,
jordan-1-retro-high-og-sp-fragment-x-union-la-sport-royal,,,,,,,,,18M / 19.5W,,,,,,,,IO7847-001-18,0,shopify,deny,manual,0,,TRUE,TRUE,,,,,2935888426,,,,,,,,,,,,,,,,,,,,,,,,,,,,,,,,,,,,,,,,,,,,,,,,,,,,,,lb,,,,,,,
preowned-cz0790-102-9-po-5,Jordan 1 Retro Low OG Mocha 9 9 (Pre-Owned),"Jordan 1 Retro Low OG Mocha 9<br>SKU: CZ0790-102<br>Size: 9M / 10.5W<br>Condition: Lightly Worn<br>Box Condition: Original Box<br>Release Date: 2024-09-21<br><br>All items are shipped out quickly with safe packaging.<br>Check our reviews to see the accuracy of conditions, speed of shipping &amp; quality of service.<br><br>Please DM if you have any questions or need any more information. Thank you!",Jordan,,Pre-Owned Sneakers,"jordan, lightly_worn, pre-owned",FALSE,Size,9M / 10.5W,,,,,,,,CZ0790-102-9-PO-5,0,shopify,deny,manual,155,,TRUE,TRUE,,,,,5604319804,https://cdn.shopify.com/s/files/1/0674/5767/9557/files/img01_634e7410-d456-449f-ace2-75af76a8d954.jpg?v=1790727431,1,Jordan 1 Retro Low OG Mocha - Catalog Image,FALSE,,,,,,,,,,,,,,Pre-Owned,,,,,,,,,,,,,,,,,,,,,,,,,,,,,,,,,,,,lb,,,active,,,,
preowned-ct8527-700-9-po-1,Jordan 4 Retro Lightning (2021) 9 (Pre-Owned),"Jordan 4 Retro Lightning (2021)<br>SKU: CT8527-700<br>Size: 9M / 10.5W<br>Condition: Lightly Worn<br>Box Condition: Original Box<br>Release Date: 2021-08-28<br><br>All items are shipped out quickly with safe packaging.<br>Check our reviews to see the accuracy of conditions, speed of shipping &amp; quality of service.<br><br>Please DM if you have any questions or need any more information. Thank you!",Jordan,,Pre-Owned Sneakers,"jordan, lightly_worn, pre-owned, Restock",FALSE,Size,9M / 10.5W,,,,,,,,CT8527-700-9-PO-1,0,shopify,deny,manual,140,,TRUE,TRUE,,,,,5663014793,https://cdn.shopify.com/s/files/1/0674/5767/9557/files/img01_eb402cd4-06f6-406f-acb7-f3462b982e5d.jpg?v=1790727439,1,Jordan 4 Retro Lightning (2021) - Catalog Image,FALSE,,,,,,,,,,,,,,Pre-Owned,,,,,,,,,,,,,,,,,,,,,,,,,,,,,,,,,,,,lb,,,active,,,,
preowned-fd6951-300-8-5-po-1,Nike SB Dunk Low Decon N7 Black Sail 8.5 (Pre-Owned),"Nike SB Dunk Low Decon N7 Black Sail<br>SKU: FD6951-300<br>Size: 8.5M / 10W<br>Condition: Lightly Worn<br>Box Condition: No Box<br>Release Date: 2023-06-15<br><br>All items are shipped out quickly with safe packaging.<br>Check our reviews to see the accuracy of conditions, speed of shipping &amp; quality of service.<br><br>Please DM if you have any questions or need any more information. Thank you!",Nike,,Pre-Owned Sneakers,"lightly_worn, nike, pre-owned, Restock",FALSE,Size,8.5M / 10W,,,,,,,,FD6951-300-8.5-PO-1,0,shopify,deny,manual,90,,TRUE,TRUE,,,,,6704794666,https://cdn.shopify.com/s/files/1/0674/5767/9557/files/img01_ffd13446-1bf2-4595-9d52-46a1409466a1.jpg?v=1790727428,1,Nike SB Dunk Low Decon N7 Black Sail 8.5 (Pre-Owned) - Catalog Image,FALSE,,,,,,,,,,,,,,Pre-Owned,,,,,,,,,,,,,,,,,,,,,,,,,,,,,,,,,,,,lb,,,active,,,,
preowned-822522-914-11-5-po-1,Nike Kobe 11 Elite Low All Star iD NikeID 11.5 11.5 (Pre-Owned),"Nike Kobe 11 Elite Low All Star iD NikeID 11.5<br>SKU: 822522-914<br>Size: 11.5M / 13W<br>Condition: Lightly Worn (Nike ID in a beautiful colorway)<br>Box Condition: No Box<br>Release Date: 2016-01-16<br><br>All items are shipped out quickly with safe packaging.<br>Check our reviews to see the accuracy of conditions, speed of shipping &amp; quality of service.<br><br>Please DM if you have any questions or need any more information. Thank you!",Nike,,Pre-Owned Sneakers,"lightly_worn, nike, pre-owned",FALSE,Size,11.5M / 13W,,,,,,,,822522-914-11.5-PO-1,0,shopify,deny,manual,195,,TRUE,TRUE,,,,,2357513908,https://cdn.shopify.com/s/files/1/0674/5767/9557/files/img01_28c4089a-77cc-4f8a-aad4-b23ec28c8fa2.jpg?v=1790731031,1,Nike Kobe 11 Elite Low All Star iD NikeID 11.5 11.5 (Pre-Owned) - Catalog Image,FALSE,,,,,,,,,,,,,,Pre-Owned,,,,,,,,,,,,,,,,,,,,,,,,,,,,,,,,,,,,lb,,,active,,,,
preowned-863586-010-11-5-po-1,Jordan XXX Quai 54 Cosmos 11.5 (Pre-Owned),"Jordan XXX Quai 54 Cosmos<br>SKU: 863586-010<br>Size: 11.5M / 13W<br>Condition: Lightly Worn<br>Box Condition: Original Box<br>Release Date: 2016-06-25<br><br>All items are shipped out quickly with safe packaging.<br>Check our reviews to see the accuracy of conditions, speed of shipping &amp; quality of service.<br><br>Please DM if you have any questions or need any more information. Thank you!",Jordan,,Pre-Owned Sneakers,"jordan, lightly_worn, pre-owned",FALSE,Size,11.5M / 13W,,,,,,,,863586-010-11.5-PO-1,0,shopify,deny,manual,230,,TRUE,TRUE,,,,,6420464290,https://cdn.shopify.com/s/files/1/0674/5767/9557/files/img01_09208c34-3a83-4a02-8d94-0b0aaca041ae.jpg?v=1790734639,1,Jordan XXX Quai 54 Cosmos - Catalog Image,FALSE,,,,,,,,,,,,,,Pre-Owned,,,,,,,,,,,,,,,,,,,,,,,,,,,,,,,,,,,,lb,,,active,,,,
preowned-jq6647-12-5-po-1,adidas Climacool 4D Laced Glory Grey 12.5 (Pre-Owned),"adidas Climacool 4D Laced Glory Grey<br>SKU: JQ6647<br>Size: 12.5M / 14W<br>Condition: Lightly Worn<br>Box Condition: Original Box<br>Release Date: 2025-08-20<br><br>All items are shipped out quickly with safe packaging.<br>Check our reviews to see the accuracy of conditions, speed of shipping &amp; quality of service.<br><br>Please DM if you have any questions or need any more information. Thank you!",adidas,,Pre-Owned Sneakers,"adidas, lightly_worn, pre-owned",FALSE,Size,12.5M / 14W,,,,,,,,JQ6647-12.5-PO-1,0,shopify,deny,manual,40,,TRUE,TRUE,,,,,3378097243,,,,FALSE,,,,,,,,,,,,,,Pre-Owned,,,,,,,,,,,,,,,,,,,,,,,,,,,,,,,,,,,,lb,,,active,,,,
preowned-695515-806-11-po-1,Jordan XX9 Photo Reel 11 (Pre-Owned),"Jordan XX9 Photo Reel<br>SKU: 695515-806<br>Size: 11M / 12.5W<br>Condition: Lightly Worn<br>Box Condition: Original Box<br>Release Date: 2015-02-13<br><br>All items are shipped out quickly with safe packaging.<br>Check our reviews to see the accuracy of conditions, speed of shipping &amp; quality of service.<br><br>Please DM if you have any questions or need any more information. Thank you!",Jordan,,Pre-Owned Sneakers,"jordan, lightly_worn, pre-owned",FALSE,Size,11M / 12.5W,,,,,,,,695515-806-11-PO-1,0,shopify,deny,manual,320,,TRUE,TRUE,,,,,0388872559,,,,FALSE,,,,,,,,,,,,,,Pre-Owned,,,,,,,,,,,,,,,,,,,,,,,,,,,,,,,,,,,,lb,,,active,,,,
preowned-id1632-12-po-1,adidas Yeezy 450 Stone Teal 12 (Pre-Owned),"adidas Yeezy 450 Stone Teal<br>SKU: ID1632<br>Size: 12M / 13.5W<br>Condition: Lightly Worn<br>Box Condition: Original Box<br>Release Date: 2024-05-27<br><br>All items are shipped out quickly with safe packaging.<br>Check our reviews to see the accuracy of conditions, speed of shipping &amp; quality of service.<br><br>Please DM if you have any questions or need any more information. Thank you!",adidas,,Pre-Owned Sneakers,"adidas, lightly_worn, pre-owned",FALSE,Size,12M / 13.5W,,,,,,,,ID1632-12-PO-1,0,shopify,deny,manual,70,,TRUE,TRUE,,,,,2053353486,https://cdn.shopify.com/s/files/1/0674/5767/9557/files/img01_9d1ecd5b-6089-4bd9-9d73-78e7490b7714.jpg?v=1790734633,1,adidas Yeezy 450 Stone Teal - Catalog Image,FALSE,,,,,,,,,,,,,,Pre-Owned,,,,,,,,,,,,,,,,,,,,,,,,,,,,,,,,,,,,lb,,,active,,,,
preowned-dh6927-017-9-5-po-9,Jordan 4 Retro Thunder (2023),"Release Date: May 13, 2023<br>SKU: DH6927-017-9.5-PO-9<br><br><em>This is a pre-owned item. All sales are final.</em>",Jordan,,Pre-Owned Sneakers,"pre-owned, Restock",FALSE,Size,9.5,,,,,,,,DH6927-017-9.5-PO-9,0,shopify,deny,manual,0,,TRUE,TRUE,,,,,4861031977,,,,FALSE,,,,,,,,,,,,,,Pre-Owned,,,,,,,,,,,,,,,,,,,,,,,,,,,,,,,,,,,,lb,,,active,,,,
preowned-fd9101-007-11-5w-po-1,Jordan 12 Retro Phantom (Women's) 11.5W (Pre-Owned),"Jordan 12 Retro Phantom (Women's)<br>SKU: FD9101-007<br>Size: 11.5W<br>Condition: Lightly Worn<br>Box Condition: No Box<br>Release Date: 2024-12-02<br><br>All items are shipped out quickly with safe packaging.<br>Check our reviews to see the accuracy of conditions, speed of shipping &amp; quality of service.<br><br>Please DM if you have any questions or need any more information. Thank you!",Jordan,,Pre-Owned Sneakers,"jordan, lightly_worn, pre-owned, Restock",FALSE,Size,11.5W,,,,,,,,FD9101-007-11.5W-PO-1,0,shopify,deny,manual,95,,TRUE,TRUE,,,,,1236224373,https://cdn.shopify.com/s/files/1/0674/5767/9557/files/img01_adee321d-1169-422c-ae70-fb152e6bb28c.jpg?v=1790734636,1,Jordan 12 Retro Phantom (Women's) 11.5W (Pre-Owned) - Catalog Image,FALSE,,,,,,,,,,,,,,Pre-Owned,,,,,,,,,,,,,,,,,,,,,,,,,,,,,,,,,,,,lb,,,active,,,,
preowned-684593-068-11-po-1,Nike LeBron 12 XII NikeiD Ugly Christmas Sweater 11 (Pre-Owned),"Nike LeBron 12 XII NikeiD Ugly Christmas Sweater<br>SKU: 684593-068<br>Size: 11M / 12.5W<br>Condition: Lightly Worn (nike ID Ugly Christmas Sweater Colorway)<br>Box Condition: No Box<br>Release Date: 2014-12-22<br><br>All items are shipped out quickly with safe packaging.<br>Check our reviews to see the accuracy of conditions, speed of shipping &amp; quality of service.<br><br>Please DM if you have any questions or need any more information. Thank you!",Nike,,,"lightly_worn, nike, pre-owned, Restock",FALSE,Size,11M / 12.5W,,,,,,,,684593-068-11-PO-1,0,shopify,deny,manual,100,,TRUE,TRUE,,,,,8013921736,https://cdn.shopify.com/s/files/1/0674/5767/9557/files/img01_0473c6d8-b873-410e-b646-705466773c3d.jpg?v=1790738237,1,Nike LeBron 12 XII NikeiD Ugly Christmas Sweater 11 (Pre-Owned) - Catalog Image,FALSE,,,,,,,,,,,,,,Pre-Owned,,,,,,,,,,,,,,,,,,,,,,,,,,,,,,,,,,,,lb,,,active,,,,
preowned-897648-900-ao1754-900-11-po-1,Nike LeBron 15 Fruity Pebbles 11 (Pre-Owned),"Nike LeBron 15 Fruity Pebbles<br>SKU: 897648-900/AO1754-900<br>Size: 11M / 12.5W<br>Condition: Lightly Worn<br>Box Condition: Replacement Box<br>Release Date: 2018-03-30<br><br>All items are shipped out quickly with safe packaging.<br>Check our reviews to see the accuracy of conditions, speed of shipping &amp; quality of service.<br><br>Please DM if you have any questions or need any more information. Thank you!",Nike,,Pre-Owned Sneakers,"lightly_worn, nike, pre-owned, Restock",FALSE,Size,11M / 12.5W,,,,,,,,897648-900/AO1754-900-11-PO-1,0,shopify,deny,manual,115,,TRUE,TRUE,,,,,3928510274,https://cdn.shopify.com/s/files/1/0674/5767/9557/files/img01_83327d56-0a62-4c44-9369-bec7657fb186.jpg?v=1790734630,1,Nike LeBron 15 Fruity Pebbles 11 (Pre-Owned) - Catalog Image,FALSE,,,,,,,,,,,,,,Pre-Owned,,,,,,,,,,,,,,,,,,,,,,,,,,,,,,,,,,,,lb,,,active,,,,