"Handle","inputVariantSku","inputVendor","inputTitle","inputBodyHtml","inputProductCategory","inputType","inputOption1Name","inputOption1Value","inputOption2Name","inputOption2Value","inputOption3Name","inputOption3Value","supplierCode","supplierSku","newSku","normalizedMSize","normalizedWSize","normalizedCondition","normalizedBox","supplierTitle","supplierDescription","normalizedTitle","normalizedDescription","normalizedCategory","normalizedCategoryGid","importErrors","hasImportErrors"
"preowned-dz5485-612-8-po-9","DZ5485-612-8-PO-9","Jordan","Jordan 1 Retro High OG Chicago Lost and Found 8 (Pre-Owned)","<p><strong>Condition:</strong> Moderately Worn</p>
<p><strong>SKU:</strong> DZ5485-612</p>","","Pre-Owned Sneakers","Size","8M / 9.5W","","","","","KCP","DZ5485-612-8-PO-9","KCP-1","8","9.5","Worn","","Jordan 1 Retro High OG Chicago Lost and Found 8 (Pre-Owned)","<p><strong>Condition:</strong> Moderately Worn</p>
<p><strong>SKU:</strong> DZ5485-612</p>","Jordan 1 Retro High OG Chicago Lost and Found 8 (pre-owned)","Worn","Sneakers","gid://shopify/TaxonomyCategory/aa-sneakers","","false"
"preowned-1201a514-400-9-po-1","1201A514-400-9-PO-1","ASICS","ASICS Gel-Kayano 14 Ice Studios Blue 9 (Pre-Owned)","<p><strong>Condition:</strong> Moderately Worn</p>
<p><strong>SKU:</strong> 1201A514-400</p>","","Pre-Owned Sneakers","Size","9M / 10.5W","","","","","KCP","1201A514-400-9-PO-1","KCP-9","9","10.5","Worn","","ASICS Gel-Kayano 14 Ice Studios Blue 9 (Pre-Owned)","<p><strong>Condition:</strong> Moderately Worn</p>
<p><strong>SKU:</strong> 1201A514-400</p>","ASICS Gel-kayano 14 Ice Studios Blue 9 (pre-owned)","Worn","Sneakers","gid://shopify/TaxonomyCategory/aa-sneakers","","false"
"preowned-cz0790-100-11-5-po-1","CZ0790-100-11.5-PO-1","Jordan","Jordan 1 Low OG Neutral Grey (2021/2024) 11.5 (Pre-Owned)","<p><strong>Condition:</strong> Lightly Worn</p>
<p><strong>SKU:</strong> CZ0790-100</p>","","Pre-Owned Sneakers","Size","11.5M / 13W","","","","","KCP","CZ0790-100-11.5-PO-1","KCP-17","11.5","13","Worn","","Jordan 1 Low OG Neutral Grey (2021/2024) 11.5 (Pre-Owned)","<p><strong>Condition:</strong> Lightly Worn</p>
<p><strong>SKU:</strong> CZ0790-100</p>","Jordan 1 Low OG Neutral Grey (2021/2024) 11.5 (pre-owned)","Worn","Sneakers","gid://shopify/TaxonomyCategory/aa-sneakers","","false"
"preowned-ct2864-200-5-5-po-1","CT2864-200-5.5-PO-1","Nike","Nike Air Max 270 React ENG Travis Scott Cactus Trails 5.5 (Pre-Owned)","<p><strong>Condition:</strong> Moderately Worn</p>
<p><strong>SKU:</strong> CT2864-200</p>","","Pre-Owned Sneakers","Size","5.5Y / 7W","","","","","KCP","CT2864-200-5.5-PO-1","KCP-25","5.5","7","Worn","","Nike Air Max 270 React ENG Travis Scott Cactus Trails 5.5 (Pre-Owned)","<p><strong>Condition:</strong> Moderately Worn</p>
<p><strong>SKU:</strong> CT2864-200</p>","Nike Air Max 270 React ENG Travis Scott Cactus Trails 5.5 (pre-owned)","Worn","Sneakers","gid://shopify/TaxonomyCategory/aa-sneakers","","false"
"preowned-575441-026-6y-po-1","575441-026-6Y-PO-1","Jordan","Jordan 1 Retro Top 3 (GS) 6Y (Pre-Owned)","<p><strong>Condition:</strong> Lightly Worn</p>
<p><strong>SKU:</strong> 575441-026</p>","","Pre-Owned Sneakers","Size","6Y","","","","","KCP","575441-026-6Y-PO-1","KCP-33","6","7.5","Worn","","Jordan 1 Retro Top 3 (GS) 6Y (Pre-Owned)","<p><strong>Condition:</strong> Lightly Worn</p>
<p><strong>SKU:</strong> 575441-026</p>","Jordan 1 Retro Top 3 (gs) 6Y (pre-owned)","Worn","Sneakers","gid://shopify/TaxonomyCategory/aa-sneakers","","false"
"preowned-dn3707-100-9-5-po-10","DN3707-100-9.5-PO-10","Jordan","Jordan 3 Retro White Cement Reimagined 9.5 (Pre-Owned)","<p><strong>Condition:</strong> Moderately Worn</p>
<p><strong>SKU:</strong> DN3707-100</p>","","Pre-Owned Sneakers","Size","9.5M / 11W","","","","","KCP","DN3707-100-9.5-PO-10","KCP-41","9.5","11","Worn","","Jordan 3 Retro White Cement Reimagined 9.5 (Pre-Owned)","<p><strong>Condition:</strong> Moderately Worn</p>
<p><strong>SKU:</strong> DN3707-100</p>","Jordan 3 Retro White Cement Reimagined 9.5 (pre-owned)","Worn","Sneakers","gid://shopify/TaxonomyCategory/aa-sneakers","","false"
"preowned-cz5725-700-8-po-2","CZ5725-700-8-PO-2","Jordan","Jordan 5 Retro What The 8 (Pre-Owned)","<p><strong>Condition:</strong> VNDS</p>
<p><strong>SKU:</strong> CZ5725-700</p>","","Pre-Owned Sneakers","Size","8M / 9.5W","","","","","KCP","CZ5725-700-8-PO-2","KCP-49","8","9.5","Worn","","Jordan 5 Retro What The 8 (Pre-Owned)","<p><strong>Condition:</strong> VNDS</p>
<p><strong>SKU:</strong> CZ5725-700</p>","Jordan 5 Retro What the 8 (pre-owned)","Worn","Sneakers","gid://shopify/TaxonomyCategory/aa-sneakers","","false"
"preowned-fv5029-141-8-po-9","FV5029-141-8-PO-9","Jordan","Jordan 4 Retro Military Blue (2024) 8 (Pre-Owned)","<p><strong>Condition:</strong> Moderately Worn</p>
<p><strong>SKU:</strong> FV5029-141</p>","","Pre-Owned Sneakers","Size","8M / 9.5W","","","","","KCP","FV5029-141-8-PO-9","KCP-57","8","9.5","Worn","","Jordan 4 Retro Military Blue (2024) 8 (Pre-Owned)","<p><strong>Condition:</strong> Moderately Worn</p>
<p><strong>SKU:</strong> FV5029-141</p>","Jordan 4 Retro Military Blue (2024) 8 (pre-owned)","Worn","Sneakers","gid://shopify/TaxonomyCategory/aa-sneakers","","false"
"preowned-528895-103-9-po-1","528895-103-9-PO-1","Jordan","Jordan 11 Retro Low Closing Ceremony 9 (Pre-Owned)","<p><strong>Condition:</strong> VNDS</p>
<p><strong>SKU:</strong> 528895-103</p>","","Pre-Owned Sneakers","Size","9M / 10.5W","","","","","KCP","528895-103-9-PO-1","KCP-65","9","10.5","Worn","","Jordan 11 Retro Low Closing Ceremony 9 (Pre-Owned)","<p><strong>Condition:</strong> VNDS</p>
<p><strong>SKU:</strong> 528895-103</p>","Jordan 11 Retro Low Closing Ceremony 9 (pre-owned)","Worn","Sneakers","gid://shopify/TaxonomyCategory/aa-sneakers","","false"
"preowned-314254-107-12-po-2","314254-107-12-PO-2","Jordan","Jordan 4 Retro Columbia (2015) 12 (Pre-Owned)","<p><strong>Condition:</strong> Moderately Worn</p>
<p><strong>SKU:</strong> 314254-107</p>","","Pre-Owned Sneakers","Size","12M / 13.5W","","","","","KCP","314254-107-12-PO-2","KCP-73","12","13.5","Worn","","Jordan 4 Retro Columbia (2015) 12 (Pre-Owned)","<p><strong>Condition:</strong> Moderately Worn</p>
<p><strong>SKU:</strong> 314254-107</p>","Jordan 4 Retro Columbia (2015) 12 (pre-owned)","Worn","Sneakers","gid://shopify/TaxonomyCategory/aa-sneakers","","false"
"preowned-dx0054-805-10-po-2","DX0054-805-10-PO-2","Jordan","Jordan 1 Retro High OG Skyline 10 (Pre-Owned)","<p><strong>Condition:</strong> Moderately Worn</p>
<p><strong>SKU:</strong> DX0054-805</p>","","Pre-Owned Sneakers","Size","10M / 11.5W","","","","","KCP","DX0054-805-10-PO-2","KCP-74","10","11.5","Worn","","Jordan 1 Retro High OG Skyline 10 (Pre-Owned)","<p><strong>Condition:</strong> Moderately Worn</p>
<p><strong>SKU:</strong> DX0054-805</p>","Jordan 1 Retro High OG Skyline 10 (pre-owned)","Worn","Sneakers","gid://shopify/TaxonomyCategory/aa-sneakers","","false"
"preowned-ct8532-080-12-po-6","CT8532-080-12-PO-6","Jordan","Jordan 3 Retro Fear Pack (2023) 12 (Pre-Owned)","<p><strong>Condition:</strong> Moderately Worn</p>
<p><strong>SKU:</strong> CT8532-080</p>","","Pre-Owned Sneakers","Size","12M / 13.5W","","","","","KCP","CT8532-080-12-PO-6","KCP-83","12","13.5","Worn","","Jordan 3 Retro Fear Pack (2023) 12 (Pre-Owned)","<p><strong>Condition:</strong> Moderately Worn</p>
<p><strong>SKU:</strong> CT8532-080</p>","Jordan 3 Retro Fear Pack (2023) 12 (pre-owned)","Worn","Sneakers","gid://shopify/TaxonomyCategory/aa-sneakers","","false"
"preowned-575441-140-6y-po-3","575441-140-6Y-PO-3","Jordan","Jordan 1 Retro High Obsidian (GS) 6Y (Pre-Owned)","<p><strong>Condition:</strong> Moderately Worn</p>
<p><strong>SKU:</strong> 575441-140</p>","","Pre-Owned Sneakers","Size","6Y","","","","","KCP","575441-140-6Y-PO-3","KCP-91","6","7.5","Worn","","Jordan 1 Retro High Obsidian (GS) 6Y (Pre-Owned)","<p><strong>Condition:</strong> Moderately Worn</p>
<p><strong>SKU:</strong> 575441-140</p>","Jordan 1 Retro High Obsidian (gs) 6Y (pre-owned)","Worn","Sneakers","gid://shopify/TaxonomyCategory/aa-sneakers","","false"
"preowned-hv4847-001-9-po-1","HV4847-001-9-PO-1","Nike","Nike Air Zoom Spiridon Undefeated Phantom 9 (Pre-Owned)","<p><strong>Condition:</strong> Lightly Worn</p>
<p><strong>SKU:</strong> HV4847-001</p>","","Pre-Owned Sneakers","Size","9M / 10.5W","","","","","KCP","HV4847-001-9-PO-1","KCP-100","9","10.5","Worn","","Nike Air Zoom Spiridon Undefeated Phantom 9 (Pre-Owned)","<p><strong>Condition:</strong> Lightly Worn</p>
<p><strong>SKU:</strong> HV4847-001</p>","Nike Air Zoom Spiridon Undefeated Phantom 9 (pre-owned)","Worn","Sneakers","gid://shopify/TaxonomyCategory/aa-sneakers","","false"
"preowned-dc7501-300-9-5-po-3","DC7501-300-9.5-PO-3","Jordan","Jordan 5 Retro Jade Horizon 9.5 (Pre-Owned)","<p><strong>Condition:</strong> Moderately Worn</p>
<p><strong>SKU:</strong> DC7501-300</p>","","Pre-Owned Sneakers","Size","9.5M / 11W","","","","","KCP","DC7501-300-9.5-PO-3","KCP-108","9.5","11","Worn","","Jordan 5 Retro Jade Horizon 9.5 (Pre-Owned)","<p><strong>Condition:</strong> Moderately Worn</p>
<p><strong>SKU:</strong> DC7501-300</p>","Jordan 5 Retro Jade Horizon 9.5 (pre-owned)","Worn","Sneakers","gid://shopify/TaxonomyCategory/aa-sneakers","","false"
"preowned-l41709600-6-po-1","L41709600-6-PO-1","Salomon","Salomon XT-4 Evening Primrose Mint Leaf 6 (Pre-Owned)","<p><strong>Condition:</strong> Moderately Worn</p>
<p><strong>SKU:</strong> L41709600</p>","","Pre-Owned Sneakers","Size","6Y / 7.5W","","","","","KCP","L41709600-6-PO-1","KCP-116","6","7.5","Worn","","Salomon XT-4 Evening Primrose Mint Leaf 6 (Pre-Owned)","<p><strong>Condition:</strong> Moderately Worn</p>
<p><strong>SKU:</strong> L41709600</p>","Salomon Xt-4 Evening Primrose Mint Leaf 6 (pre-owned)","Worn","Sneakers","gid://shopify/TaxonomyCategory/aa-sneakers","","false"
"jordan-10-retro-orlando-gs","310806-108-3.5Y","Jordan","Jordan 10 Retro Orlando (GS)","Jordan 10 Retro Orlando (GS)<br><br>SKU: 310806-108<br>Colorway: White/Black-Royal-Metallic Silver<br>Released: 12/01/2018<br>new<br><br><br><ul>
<li>100% Authentic</li>
<li>In Stock &amp; Ready to Ship</li>
</ul>All items are shipped out quickly with safe packaging.<br>Check our reviews to see the accuracy of our conditions, speed of shipping and quality of service.<br>Send a DM to request any photos - If you have any questions please reach out!<br>","","sneakers","Size","3.5Y","","","","","KCP","310806-108-3.5Y","KCP-124","3.5","5","Brand New","","Jordan 10 Retro Orlando (GS)","Jordan 10 Retro Orlando (GS)<br><br>SKU: 310806-108<br>Colorway: White/Black-Royal-Metallic Silver<br>Released: 12/01/2018<br>new<br><br><br><ul>
<li>100% Authentic</li>
<li>In Stock &amp; Ready to Ship</li>
</ul>All items are shipped out quickly with safe packaging.<br>Check our reviews to see the accuracy of our conditions, speed of shipping and quality of service.<br>Send a DM to request any photos - If you have any questions please reach out!<br>","Jordan 10 Retro Orlando (gs)","Brand New","Sneakers","gid://shopify/TaxonomyCategory/aa-sneakers","","false"
"jordan-10-retro-orlando-gs","310806-108-4Y","Jordan","Jordan 10 Retro Orlando (GS)","Jordan 10 Retro Orlando (GS)<br><br>SKU: 310806-108<br>Colorway: White/Black-Royal-Metallic Silver<br>Released: 12/01/2018<br>new<br><br><br><ul>
<li>100% Authentic</li>
<li>In Stock &amp; Ready to Ship</li>
</ul>All items are shipped out quickly with safe packaging.<br>Check our reviews to see the accuracy of our conditions, speed of shipping and quality of service.<br>Send a DM to request any photos - If you have any questions please reach out!<br>","","sneakers","","4Y","","","","","KCP","310806-108-4Y","KCP-125","4","5.5","Brand New","","Jordan 10 Retro Orlando (GS)","Jordan 10 Retro Orlando (GS)<br><br>SKU: 310806-108<br>Colorway: White/Black-Royal-Metallic Silver<br>Released: 12/01/2018<br>new<br><br><br><ul>
<li>100% Authentic</li>
<li>In Stock &amp; Ready to Ship</li>
</ul>All items are shipped out quickly with safe packaging.<br>Check our reviews to see the accuracy of our conditions, speed of shipping and quality of service.<br>Send a DM to request any photos - If you have any questions please reach out!<br>","Jordan 10 Retro Orlando (gs)","Brand New","Sneakers","gid://shopify/TaxonomyCategory/aa-sneakers","","false"
"jordan-10-retro-orlando-gs","310806-108-4.5Y","Jordan","Jordan 10 Retro Orlando (GS)","Jordan 10 Retro Orlando (GS)<br><br>SKU: 310806-108<br>Colorway: White/Black-Royal-Metallic Silver<br>Released: 12/01/2018<br>new<br><br><br><ul>
<li>100% Authentic</li>
<li>In Stock &amp; Ready to Ship</li>
</ul>All items are shipped out quickly with safe packaging.<br>Check our reviews to see the accuracy of our conditions, speed of shipping and quality of service.<br>Send a DM to request any photos - If you have any questions please reach out!<br>","","sneakers","","4.5Y","","","","","KCP","310806-108-4.5Y","KCP-126","4.5","6","Brand New","","Jordan 10 Retro Orlando (GS)","Jordan 10 Retro Orlando (GS)<br><br>SKU: 310806-108<br>Colorway: White/Black-Royal-Metallic Silver<br>Released: 12/01/2018<br>new<br><br><br><ul>
<li>100% Authentic</li>
<li>In Stock &amp; Ready to Ship</li>
</ul>All items are shipped out quickly with safe packaging.<br>Check our reviews to see the accuracy of our conditions, speed of shipping and quality of service.<br>Send a DM to request any photos - If you have any questions please reach out!<br>","Jordan 10 Retro Orlando (gs)","Brand New","Sneakers","gid://shopify/TaxonomyCategory/aa-sneakers","","false"
"jordan-10-retro-orlando-gs","310806-108-5Y","Jordan","Jordan 10 Retro Orlando (GS)","Jordan 10 Retro Orlando (GS)<br><br>SKU: 310806-108<br>Colorway: White/Black-Royal-Metallic Silver<br>Released: 12/01/2018<br>new<br><br><br><ul>
<li>100% Authentic</li>
<li>In Stock &amp; Ready to Ship</li>
</ul>All items are shipped out quickly with safe packaging.<br>Check our reviews to see the accuracy of our conditions, speed of shipping and quality of service.<br>Send a DM to request any photos - If you have any questions please reach out!<br>","","sneakers","","5Y","","","","","KCP","310806-108-5Y","KCP-127","5","6.5","Brand New","","Jordan 10 Retro Orlando (GS)","Jordan 10 Retro Orlando (GS)<br><br>SKU: 310806-108<br>Colorway: White/Black-Royal-Metallic Silver<br>Released: 12/01/2018<br>new<br><br><br><ul>
<li>100% Authentic</li>
<li>In Stock &amp; Ready to Ship</li>
</ul>All items are shipped out quickly with safe packaging.<br>Check our reviews to see the accuracy of our conditions, speed of shipping and quality of service.<br>Send a DM to request any photos - If you have any questions please reach out!<br>","Jordan 10 Retro Orlando (gs)","Brand New","Sneakers","gid://shopify/TaxonomyCategory/aa-sneakers","","false"
"jordan-10-retro-orlando-gs","310806-108-5.5Y","Jordan","Jordan 10 Retro Orlando (GS)","Jordan 10 Retro Orlando (GS)<br><br>SKU: 310806-108<br>Colorway: White/Black-Royal-Metallic Silver<br>Released: 12/01/2018<br>new<br><br><br><ul>
<li>100% Authentic</li>
<li>In Stock &amp; Ready to Ship</li>
</ul>All items are shipped out quickly with safe packaging.<br>Check our reviews to see the accuracy of our conditions, speed of shipping and quality of service.<br>Send a DM to request any photos - If you have any questions please reach out!<br>","","sneakers","","5.5Y","","","","","KCP","310806-108-5.5Y","KCP-128","5.5","7","Brand New","","Jordan 10 Retro Orlando (GS)","Jordan 10 Retro Orlando (GS)<br><br>SKU: 310806-108<br>Colorway: White/Black-Royal-Metallic Silver<br>Released: 12/01/2018<br>new<br><br><br><ul>
<li>100% Authentic</li>
<li>In Stock &amp; Ready to Ship</li>
</ul>All items are shipped out quickly with safe packaging.<br>Check our reviews to see the accuracy of our conditions, speed of shipping and quality of service.<br>Send a DM to request any photos - If you have any questions please reach out!<br>","Jordan 10 Retro Orlando (gs)","Brand New","Sneakers","gid://shopify/TaxonomyCategory/aa-sneakers","","false"
"jordan-10-retro-orlando-gs","310806-108-6Y","Jordan","Jordan 10 Retro Orlando (GS)","Jordan 10 Retro Orlando (GS)<br><br>SKU: 310806-108<br>Colorway: White/Black-Royal-Metallic Silver<br>Released: 12/01/2018<br>new<br><br><br><ul>
<li>100% Authentic</li>
<li>In Stock &amp; Ready to Ship</li>
</ul>All items are shipped out quickly with safe packaging.<br>Check our reviews to see the accuracy of our conditions, speed of shipping and quality of service.<br>Send a DM to request any photos - If you have any questions please reach out!<br>","","sneakers","","6Y","","","","","KCP","310806-108-6Y","KCP-129","6","7.5","Brand New","","Jordan 10 Retro Orlando (GS)","Jordan 10 Retro Orlando (GS)<br><br>SKU: 310806-108<br>Colorway: White/Black-Royal-Metallic Silver<br>Released: 12/01/2018<br>new<br><br><br><ul>
<li>100% Authentic</li>
<li>In Stock &amp; Ready to Ship</li>
</ul>All items are shipped out quickly with safe packaging.<br>Check our reviews to see the accuracy of our conditions, speed of shipping and quality of service.<br>Send a DM to request any photos - If you have any questions please reach out!<br>","Jordan 10 Retro Orlando (gs)","Brand New","Sneakers","gid://shopify/TaxonomyCategory/aa-sneakers","","false"
"jordan-10-retro-orlando-gs","310806-108-6.5Y","Jordan","Jordan 10 Retro Orlando (GS)","Jordan 10 Retro Orlando (GS)<br><br>SKU: 310806-108<br>Colorway: White/Black-Royal-Metallic Silver<br>Released: 12/01/2018<br>new<br><br><br><ul>
<li>100% Authentic</li>
<li>In Stock &amp; Ready to Ship</li>
</ul>All items are shipped out quickly with safe packaging.<br>Check our reviews to see the accuracy of our conditions, speed of shipping and quality of service.<br>Send a DM to request any photos - If you have any questions please reach out!<br>","","sneakers","","6.5Y","","","","","KCP","310806-108-6.5Y","KCP-130","6.5","8","Brand New","","Jordan 10 Retro Orlando (GS)","Jordan 10 Retro Orlando (GS)<br><br>SKU: 310806-108<br>Colorway: White/Black-Royal-Metallic Silver<br>Released: 12/01/2018<br>new<br><br><br><ul>
<li>100% Authentic</li>
<li>In Stock &amp; Ready to Ship</li>
</ul>All items are shipped out quickly with safe packaging.<br>Check our reviews to see the accuracy of our conditions, speed of shipping and quality of service.<br>Send a DM to request any photos - If you have any questions please reach out!<br>","Jordan 10 Retro Orlando (gs)","Brand New","Sneakers","gid://shopify/TaxonomyCategory/aa-sneakers","","false"
"jordan-10-retro-orlando-gs","310806-108-7Y","Jordan","Jordan 10 Retro Orlando (GS)","Jordan 10 Retro Orlando (GS)<br><br>SKU: 310806-108<br>Colorway: White/Black-Royal-Metallic Silver<br>Released: 12/01/2018<br>new<br><br><br><ul>
<li>100% Authentic</li>
<li>In Stock &amp; Ready to Ship</li>
</ul>All items are shipped out quickly with safe packaging.<br>Check our reviews to see the accuracy of our conditions, speed of shipping and quality of service.<br>Send a DM to request any photos - If you have any questions please reach out!<br>","","sneakers","","7Y","","","","","KCP","310806-108-7Y","KCP-131","7","8.5","Brand New","","Jordan 10 Retro Orlando (GS)","Jordan 10 Retro Orlando (GS)<br><br>SKU: 310806-108<br>Colorway: White/Black-Royal-Metallic Silver<br>Released: 12/01/2018<br>new<br><br><br><ul>
<li>100% Authentic</li>
<li>In Stock &amp; Ready to Ship</li>
</ul>All items are shipped out quickly with safe packaging.<br>Check our reviews to see the accuracy of our conditions, speed of shipping and quality of service.<br>Send a DM to request any photos - If you have any questions please reach out!<br>","Jordan 10 Retro Orlando (gs)","Brand New","Sneakers","gid://shopify/TaxonomyCategory/aa-sneakers","","false"
"nike-sb-dunk-high-hawaii","CZ2232-300-4","Nike","Nike SB Dunk High Hawaii","Nike SB Dunk High Hawaii<br><br>SKU: CZ2232-300<br>Colorway: Sail/Blue-Green Aqua<br>Released: 04/23/2021<br>new<br><br><br><ul>
<li>100% Authentic</li>
<li>In Stock &amp; Ready to Ship</li>
</ul>All items are shipped out quickly with safe packaging.<br>Check our reviews to see the accuracy of our conditions, speed of shipping and quality of service.<br>Send a DM to request any photos - If you have any questions please reach out!<br>","","sneakers","Size","4Y / 5.5W","","","","","KCP","CZ2232-300-4","KCP-132","4","5.5","Brand New","","Nike SB Dunk High Hawaii","Nike SB Dunk High Hawaii<br><br>SKU: CZ2232-300<br>Colorway: Sail/Blue-Green Aqua<br>Released: 04/23/2021<br>new<br><br><br><ul>
<li>100% Authentic</li>
<li>In Stock &amp; Ready to Ship</li>
</ul>All items are shipped out quickly with safe packaging.<br>Check our reviews to see the accuracy of our conditions, speed of shipping and quality of service.<br>Send a DM to request any photos - If you have any questions please reach out!<br>","Nike SB Dunk High Hawaii","Brand New","Sneakers","gid://shopify/TaxonomyCategory/aa-sneakers","","false"
"nike-sb-dunk-high-hawaii","CZ2232-300-4.5","Nike","Nike SB Dunk High Hawaii","Nike SB Dunk High Hawaii<br><br>SKU: CZ2232-300<br>Colorway: Sail/Blue-Green Aqua<br>Released: 04/23/2021<br>new<br><br><br><ul>
<li>100% Authentic</li>
<li>In Stock &amp; Ready to Ship</li>
</ul>All items are shipped out quickly with safe packaging.<br>Check our reviews to see the accuracy of our conditions, speed of shipping and quality of service.<br>Send a DM to request any photos - If you have any questions please reach out!<br>","","sneakers","","4.5Y / 6W","","","","","KCP","CZ2232-300-4.5","KCP-133","4.5","6","Brand New","","Nike SB Dunk High Hawaii","Nike SB Dunk High Hawaii<br><br>SKU: CZ2232-300<br>Colorway: Sail/Blue-Green Aqua<br>Released: 04/23/2021<br>new<br><br><br><ul>
<li>100% Authentic</li>
<li>In Stock &amp; Ready to Ship</li>
</ul>All items are shipped out quickly with safe packaging.<br>Check our reviews to see the accuracy of our conditions, speed of shipping and quality of service.<br>Send a DM to request any photos - If you have any questions please reach out!<br>","Nike SB Dunk High Hawaii","Brand New","Sneakers","gid://shopify/TaxonomyCategory/aa-sneakers","","false"
"nike-sb-dunk-high-hawaii","CZ2232-300-5","Nike","Nike SB Dunk High Hawaii","Nike SB Dunk High Hawaii<br><br>SKU: CZ2232-300<br>Colorway: Sail/Blue-Green Aqua<br>Released: 04/23/2021<br>new<br><br><br><ul>
<li>100% Authentic</li>
<li>In Stock &amp; Ready to Ship</li>
</ul>All items are shipped out quickly with safe packaging.<br>Check our reviews to see the accuracy of our conditions, speed of shipping and quality of service.<br>Send a DM to request any photos - If you have any questions please reach out!<br>","","sneakers","","5Y / 6.5W","","","","","KCP","CZ2232-300-5","KCP-134","5","6.5","Brand New","","Nike SB Dunk High Hawaii","Nike SB Dunk High Hawaii<br><br>SKU: CZ2232-300<br>Colorway: Sail/Blue-Green Aqua<br>Released: 04/23/2021<br>new<br><br><br><ul>
<li>100% Authentic</li>
<li>In Stock &amp; Ready to Ship</li>
</ul>All items are shipped out quickly with safe packaging.<br>Check our reviews to see the accuracy of our conditions, speed of shipping and quality of service.<br>Send a DM to request any photos - If you have any questions please reach out!<br>","Nike SB Dunk High Hawaii","Brand New","Sneakers","gid://shopify/TaxonomyCategory/aa-sneakers","","false"
"nike-sb-dunk-high-hawaii","CZ2232-300-5.5","Nike","Nike SB Dunk High Hawaii","Nike SB Dunk High Hawaii<br><br>SKU: CZ2232-300<br>Colorway: Sail/Blue-Green Aqua<br>Released: 04/23/2021<br>new<br><br><br><ul>
<li>100% Authentic</li>
<li>In Stock &amp; Ready to Ship</li>
</ul>All items are shipped out quickly with safe packaging.<br>Check our reviews to see the accuracy of our conditions, speed of shipping and quality of service.<br>Send a DM to request any photos - If you have any questions please reach out!<br>","","sneakers","","5.5Y / 7W","","","","","KCP","CZ2232-300-5.5","KCP-135","5.5","7","Brand New","","Nike SB Dunk High Hawaii","Nike SB Dunk High Hawaii<br><br>SKU: CZ2232-300<br>Colorway: Sail/Blue-Green Aqua<br>Released: 04/23/2021<br>new<br><br><br><ul>
<li>100% Authentic</li>
<li>In Stock &amp; Ready to Ship</li>
</ul>All items are shipped out quickly with safe packaging.<br>Check our reviews to see the accuracy of our conditions, speed of shipping and quality of service.<br>Send a DM to request any photos - If you have any questions please reach out!<br>","Nike SB Dunk High Hawaii","Brand New","Sneakers","gid://shopify/TaxonomyCategory/aa-sneakers","","false"
"nike-sb-dunk-high-hawaii","CZ2232-300-6","Nike","Nike SB Dunk High Hawaii","Nike SB Dunk High Hawaii<br><br>SKU: CZ2232-300<br>Colorway: Sail/Blue-Green Aqua<br>Released: 04/23/2021<br>new<br><br><br><ul>
<li>100% Authentic</li>
<li>In Stock &amp; Ready to Ship</li>
</ul>All items are shipped out quickly with safe packaging.<br>Check our reviews to see the accuracy of our conditions, speed of shipping and quality of service.<br>Send a DM to request any photos - If you have any questions please reach out!<br>","","sneakers","","6Y / 7.5W","","","","","KCP","CZ2232-300-6","KCP-136","6","7.5","Brand New","","Nike SB Dunk High Hawaii","Nike SB Dunk High Hawaii<br><br>SKU: CZ2232-300<br>Colorway: Sail/Blue-Green Aqua<br>Released: 04/23/2021<br>new<br><br><br><ul>
<li>100% Authentic</li>
<li>In Stock &amp; Ready to Ship</li>
</ul>All items are shipped out quickly with safe packaging.<br>Check our reviews to see the accuracy of our conditions, speed of shipping and quality of service.<br>Send a DM to request any photos - If you have any questions please reach out!<br>","Nike SB Dunk High Hawaii","Brand New","Sneakers","gid://shopify/TaxonomyCategory/aa-sneakers","","false"
"nike-sb-dunk-high-hawaii","CZ2232-300-6.5","Nike","Nike SB Dunk High Hawaii","Nike SB Dunk High Hawaii<br><br>SKU: CZ2232-300<br>Colorway: Sail/Blue-Green Aqua<br>Released: 04/23/2021<br>new<br><br><br><ul>
<li>100% Authentic</li>
<li>In Stock &amp; Ready to Ship</li>
</ul>All items are shipped out quickly with safe packaging.<br>Check our reviews to see the accuracy of our conditions, speed of shipping and quality of service.<br>Send a DM to request any photos - If you have any questions please reach out!<br>","","sneakers","","6.5Y / 8W","","","","","KCP","CZ2232-300-6.5","KCP-137","6.5","8","Brand New","","Nike SB Dunk High Hawaii","Nike SB Dunk High Hawaii<br><br>SKU: CZ2232-300<br>Colorway: Sail/Blue-Green Aqua<br>Released: 04/23/2021<br>new<br><br><br><ul>
<li>100% Authentic</li>
<li>In Stock &amp; Ready to Ship</li>
</ul>All items are shipped out quickly with safe packaging.<br>Check our reviews to see the accuracy of our conditions, speed of shipping and quality of service.<br>Send a DM to request any photos - If you have any questions please reach out!<br>","Nike SB Dunk High Hawaii","Brand New","Sneakers","gid://shopify/TaxonomyCategory/aa-sneakers","","false"
"nike-sb-dunk-high-hawaii","CZ2232-300-7","Nike","Nike SB Dunk High Hawaii","Nike SB Dunk High Hawaii<br><br>SKU: CZ2232-300<br>Colorway: Sail/Blue-Green Aqua<br>Released: 04/23/2021<br>new<br><br><br><ul>
<li>100% Authentic</li>
<li>In Stock &amp; Ready to Ship</li>
</ul>All items are shipped out quickly with safe packaging.<br>Check our reviews to see the accuracy of our conditions, speed of shipping and quality of service.<br>Send a DM to request any photos - If you have any questions please reach out!<br>","","sneakers","","7Y / 8.5W","","","","","KCP","CZ2232-300-7","KCP-138","7","8.5","Brand New","","Nike SB Dunk High Hawaii","Nike SB Dunk High Hawaii<br><br>SKU: CZ2232-300<br>Colorway: Sail/Blue-Green Aqua<br>Released: 04/23/2021<br>new<br><br><br><ul>
<li>100% Authentic</li>
<li>In Stock &amp; Ready to Ship</li>
</ul>All items are shipped out quickly with safe packaging.<br>Check our reviews to see the accuracy of our conditions, speed of shipping and quality of service.<br>Send a DM to request any photos - If you have any questions please reach out!<br>","Nike SB Dunk High Hawaii","Brand New","Sneakers","gid://shopify/TaxonomyCategory/aa-sneakers","","false"
"nike-sb-dunk-high-hawaii","CZ2232-300-7.5","Nike","Nike SB Dunk High Hawaii","Nike SB Dunk High Hawaii<br><br>SKU: CZ2232-300<br>Colorway: Sail/Blue-Green Aqua<br>Released: 04/23/2021<br>new<br><br><br><ul>
<li>100% Authentic</li>
<li>In Stock &amp; Ready to Ship</li>
</ul>All items are shipped out quickly with safe packaging.<br>Check our reviews to see the accuracy of our conditions, speed of shipping and quality of service.<br>Send a DM to request any photos - If you have any questions please reach out!<br>","","sneakers","","7.5M / 9W","","","","","KCP","CZ2232-300-7.5","KCP-139","7.5","9","Brand New","","Nike SB Dunk High Hawaii","Nike SB Dunk High Hawaii<br><br>SKU: CZ2232-300<br>Colorway: Sail/Blue-Green Aqua<br>Released: 04/23/2021<br>new<br><br><br><ul>
<li>100% Authentic</li>
<li>In Stock &amp; Ready to Ship</li>
</ul>All items are shipped out quickly with safe packaging.<br>Check our reviews to see the accuracy of our conditions, speed of shipping and quality of service.<br>Send a DM to request any photos - If you have any questions please reach out!<br>","Nike SB Dunk High Hawaii","Brand New","Sneakers","gid://shopify/TaxonomyCategory/aa-sneakers","","false"
"nike-sb-dunk-high-hawaii","CZ2232-300-8","Nike","Nike SB Dunk High Hawaii","Nike SB Dunk High Hawaii<br><br>SKU: CZ2232-300<br>Colorway: Sail/Blue-Green Aqua<br>Released: 04/23/2021<br>new<br><br><br><ul>
<li>100% Authentic</li>
<li>In Stock &amp; Ready to Ship</li>
</ul>All items are shipped out quickly with safe packaging.<br>Check our reviews to see the accuracy of our conditions, speed of shipping and quality of service.<br>Send a DM to request any photos - If you have any questions please reach out!<br>","","sneakers","","8M / 9.5W","","","","","KCP","CZ2232-300-8","KCP-140","8","9.5","Brand New","","Nike SB Dunk High Hawaii","Nike SB Dunk High Hawaii<br><br>SKU: CZ2232-300<br>Colorway: Sail/Blue-Green Aqua<br>Released: 04/23/2021<br>new<br><br><br><ul>
<li>100% Authentic</li>
<li>In Stock &amp; Ready to Ship</li>
</ul>All items are shipped out quickly with safe packaging.<br>Check our reviews to see the accuracy of our conditions, speed of shipping and quality of service.<br>Send a DM to request any photos - If you have any questions please reach out!<br>","Nike SB Dunk High Hawaii","Brand New","Sneakers","gid://shopify/TaxonomyCategory/aa-sneakers","","false"
"nike-sb-dunk-high-hawaii","CZ2232-300-8.5","Nike","Nike SB Dunk High Hawaii","Nike SB Dunk High Hawaii<br><br>SKU: CZ2232-300<br>Colorway: Sail/Blue-Green Aqua<br>Released: 04/23/2021<br>new<br><br><br><ul>
<li>100% Authentic</li>
<li>In Stock &amp; Ready to Ship</li>
</ul>All items are shipped out quickly with safe packaging.<br>Check our reviews to see the accuracy of our conditions, speed of shipping and quality of service.<br>Send a DM to request any photos - If you have any questions please reach out!<br>","","sneakers","","8.5M / 10W","","","","","KCP","CZ2232-300-8.5","KCP-141","8.5","10","Brand New","","Nike SB Dunk High Hawaii","Nike SB Dunk High Hawaii<br><br>SKU: CZ2232-300<br>Colorway: Sail/Blue-Green Aqua<br>Released: 04/23/2021<br>new<br><br><br><ul>
<li>100% Authentic</li>
<li>In Stock &amp; Ready to Ship</li>
</ul>All items are shipped out quickly with safe packaging.<br>Check our reviews to see the accuracy of our conditions, speed of shipping and quality of service.<br>Send a DM to request any photos - If you have any questions please reach out!<br>","Nike SB Dunk High Hawaii","Brand New","Sneakers","gid://shopify/TaxonomyCategory/aa-sneakers","","false"
"nike-sb-dunk-high-hawaii","CZ2232-300-9","Nike","Nike SB Dunk High Hawaii","Nike SB Dunk High Hawaii<br><br>SKU: CZ2232-300<br>Colorway: Sail/Blue-Green Aqua<br>Released: 04/23/2021<br>new<br><br><br><ul>
<li>100% Authentic</li>
<li>In Stock &amp; Ready to Ship</li>
</ul>All items are shipped out quickly with safe packaging.<br>Check our reviews to see the accuracy of our conditions, speed of shipping and quality of service.<br>Send a DM to request any photos - If you have any questions please reach out!<br>","","sneakers","","9M / 10.5W","","","","","KCP","CZ2232-300-9","KCP-142","9","10.5","Brand New","","Nike SB Dunk High Hawaii","Nike SB Dunk High Hawaii<br><br>SKU: CZ2232-300<br>Colorway: Sail/Blue-Green Aqua<br>Released: 04/23/2021<br>new<br><br><br><ul>
<li>100% Authentic</li>
<li>In Stock &amp; Ready to Ship</li>
</ul>All items are shipped out quickly with safe packaging.<br>Check our reviews to see the accuracy of our conditions, speed of shipping and quality of service.<br>Send a DM to request any photos - If you have any questions please reach out!<br>","Nike SB Dunk High Hawaii","Brand New","Sneakers","gid://shopify/TaxonomyCategory/aa-sneakers","","false"
"nike-sb-dunk-high-hawaii","CZ2232-300-9.5","Nike","Nike SB Dunk High Hawaii","Nike SB Dunk High Hawaii<br><br>SKU: CZ2232-300<br>Colorway: Sail/Blue-Green Aqua<br>Released: 04/23/2021<br>new<br><br><br><ul>
<li>100% Authentic</li>
<li>In Stock &amp; Ready to Ship</li>
</ul>All items are shipped out quickly with safe packaging.<br>Check our reviews to see the accuracy of our conditions, speed of shipping and quality of service.<br>Send a DM to request any photos - If you have any questions please reach out!<br>","","sneakers","","9.5M / 11W","","","","","KCP","CZ2232-300-9.5","KCP-143","9.5","11","Brand New","","Nike SB Dunk High Hawaii","Nike SB Dunk High Hawaii<br><br>SKU: CZ2232-300<br>Colorway: Sail/Blue-Green Aqua<br>Released: 04/23/2021<br>new<br><br><br><ul>
<li>100% Authentic</li>
<li>In Stock &amp; Ready to Ship</li>
</ul>All items are shipped out quickly with safe packaging.<br>Check our reviews to see the accuracy of our conditions, speed of shipping and quality of service.<br>Send a DM to request any photos - If you have any questions please reach out!<br>","Nike SB Dunk High Hawaii","Brand New","Sneakers","gid://shopify/TaxonomyCategory/aa-sneakers","","false"
"nike-sb-dunk-high-hawaii","CZ2232-300-10","Nike","Nike SB Dunk High Hawaii","Nike SB Dunk High Hawaii<br><br>SKU: CZ2232-300<br>Colorway: Sail/Blue-Green Aqua<br>Released: 04/23/2021<br>new<br><br><br><ul>
<li>100% Authentic</li>
<li>In Stock &amp; Ready to Ship</li>
</ul>All items are shipped out quickly with safe packaging.<br>Check our reviews to see the accuracy of our conditions, speed of shipping and quality of service.<br>Send a DM to request any photos - If you have any questions please reach out!<br>","","sneakers","","10M / 11.5W","","","","","KCP","CZ2232-300-10","KCP-144","10","11.5","Brand New","","Nike SB Dunk High Hawaii","Nike SB Dunk High Hawaii<br><br>SKU: CZ2232-300<br>Colorway: Sail/Blue-Green Aqua<br>Released: 04/23/2021<br>new<br><br><br><ul>
<li>100% Authentic</li>
<li>In Stock &amp; Ready to Ship</li>
</ul>All items are shipped out quickly with safe packaging.<br>Check our reviews to see the accuracy of our conditions, speed of shipping and quality of service.<br>Send a DM to request any photos - If you have any questions please reach out!<br>","Nike SB Dunk High Hawaii","Brand New","Sneakers","gid://shopify/TaxonomyCategory/aa-sneakers","","false"
"nike-sb-dunk-high-hawaii","CZ2232-300-10.5","Nike","Nike SB Dunk High Hawaii","Nike SB Dunk High Hawaii<br><br>SKU: CZ2232-300<br>Colorway: Sail/Blue-Green Aqua<br>Released: 04/23/2021<br>new<br><br><br><ul>
<li>100% Authentic</li>
<li>In Stock &amp; Ready to Ship</li>
</ul>All items are shipped out quickly with safe packaging.<br>Check our reviews to see the accuracy of our conditions, speed of shipping and quality of service.<br>Send a DM to request any photos - If you have any questions please reach out!<br>","","sneakers","","10.5M / 12W","","","","","KCP","CZ2232-300-10.5","KCP-145","10.5","12","Brand New","","Nike SB Dunk High Hawaii","Nike SB Dunk High Hawaii<br><br>SKU: CZ2232-300<br>Colorway: Sail/Blue-Green Aqua<br>Released: 04/23/2021<br>new<br><br><br><ul>
<li>100% Authentic</li>
<li>In Stock &amp; Ready to Ship</li>
</ul>All items are shipped out quickly with safe packaging.<br>Check our reviews to see the accuracy of our conditions, speed of shipping and quality of service.<br>Send a DM to request any photos - If you have any questions please reach out!<br>","Nike SB Dunk High Hawaii","Brand New","Sneakers","gid://shopify/TaxonomyCategory/aa-sneakers","","false"
"nike-sb-dunk-high-hawaii","CZ2232-300-11","Nike","Nike SB Dunk High Hawaii","Nike SB Dunk High Hawaii<br><br>SKU: CZ2232-300<br>Colorway: Sail/Blue-Green Aqua<br>Released: 04/23/2021<br>new<br><br><br><ul>
<li>100% Authentic</li>
<li>In Stock &amp; Ready to Ship</li>
</ul>All items are shipped out quickly with safe packaging.<br>Check our reviews to see the accuracy of our conditions, speed of shipping and quality of service.<br>Send a DM to request any photos - If you have any questions please reach out!<br>","","sneakers","","11M / 12.5W","","","","","KCP","CZ2232-300-11","KCP-146","11","12.5","Brand New","","Nike SB Dunk High Hawaii","Nike SB Dunk High Hawaii<br><br>SKU: CZ2232-300<br>Colorway: Sail/Blue-Green Aqua<br>Released: 04/23/2021<br>new<br><br><br><ul>
<li>100% Authentic</li>
<li>In Stock &amp; Ready to Ship</li>
</ul>All items are shipped out quickly with safe packaging.<br>Check our reviews to see the accuracy of our conditions, speed of shipping and quality of service.<br>Send a DM to request any photos - If you have any questions please reach out!<br>","Nike SB Dunk High Hawaii","Brand New","Sneakers","gid://shopify/TaxonomyCategory/aa-sneakers","","false"
"nike-sb-dunk-high-hawaii","CZ2232-300-11.5","Nike","Nike SB Dunk High Hawaii","Nike SB Dunk High Hawaii<br><br>SKU: CZ2232-300<br>Colorway: Sail/Blue-Green Aqua<br>Released: 04/23/2021<br>new<br><br><br><ul>
<li>100% Authentic</li>
<li>In Stock &amp; Ready to Ship</li>
</ul>All items are shipped out quickly with safe packaging.<br>Check our reviews to see the accuracy of our conditions, speed of shipping and quality of service.<br>Send a DM to request any photos - If you have any questions please reach out!<br>","","sneakers","","11.5M / 13W","","","","","KCP","CZ2232-300-11.5","KCP-147","11.5","13","Brand New","","Nike SB Dunk High Hawaii","Nike SB Dunk High Hawaii<br><br>SKU: CZ2232-300<br>Colorway: Sail/Blue-Green Aqua<br>Released: 04/23/2021<br>new<br><br><br><ul>
<li>100% Authentic</li>
<li>In Stock &amp; Ready to Ship</li>
</ul>All items are shipped out quickly with safe packaging.<br>Check our reviews to see the accuracy of our conditions, speed of shipping and quality of service.<br>Send a DM to request any photos - If you have any questions please reach out!<br>","Nike SB Dunk High Hawaii","Brand New","Sneakers","gid://shopify/TaxonomyCategory/aa-sneakers","","false"
"nike-sb-dunk-high-hawaii","CZ2232-300-12","Nike","Nike SB Dunk High Hawaii","Nike SB Dunk High Hawaii<br><br>SKU: CZ2232-300<br>Colorway: Sail/Blue-Green Aqua<br>Released: 04/23/2021<br>new<br><br><br><ul>
<li>100% Authentic</li>
<li>In Stock &amp; Ready to Ship</li>
</ul>All items are shipped out quickly with safe packaging.<br>Check our reviews to see the accuracy of our conditions, speed of shipping and quality of service.<br>Send a DM to request any photos - If you have any questions please reach out!<br>","","sneakers","","12M / 13.5W","","","","","KCP","CZ2232-300-12","KCP-148","12","13.5","Brand New","","Nike SB Dunk High Hawaii","Nike SB Dunk High Hawaii<br><br>SKU: CZ2232-300<br>Colorway: Sail/Blue-Green Aqua<br>Released: 04/23/2021<br>new<br><br><br><ul>
<li>100% Authentic</li>
<li>In Stock &amp; Ready to Ship</li>
</ul>All items are shipped out quickly with safe packaging.<br>Check our reviews to see the accuracy of our conditions, speed of shipping and quality of service.<br>Send a DM to request any photos - If you have any questions please reach out!<br>","Nike SB Dunk High Hawaii","Brand New","Sneakers","gid://shopify/TaxonomyCategory/aa-sneakers","","false"
"nike-sb-dunk-high-hawaii","CZ2232-300-12.5","Nike","Nike SB Dunk High Hawaii","Nike SB Dunk High Hawaii<br><br>SKU: CZ2232-300<br>Colorway: Sail/Blue-Green Aqua<br>Released: 04/23/2021<br>new<br><br><br><ul>
<li>100% Authentic</li>
<li>In Stock &amp; Ready to Ship</li>
</ul>All items are shipped out quickly with safe packaging.<br>Check our reviews to see the accuracy of our conditions, speed of shipping and quality of service.<br>Send a DM to request any photos - If you have any questions please reach out!<br>","","sneakers","","12.5M / 14W","","","","","KCP","CZ2232-300-12.5","KCP-149","12.5","14","Brand New","","Nike SB Dunk High Hawaii","Nike SB Dunk High Hawaii<br><br>SKU: CZ2232-300<br>Colorway: Sail/Blue-Green Aqua<br>Released: 04/23/2021<br>new<br><br><br><ul>
<li>100% Authentic</li>
<li>In Stock &amp; Ready to Ship</li>
</ul>All items are shipped out quickly with safe packaging.<br>Check our reviews to see the accuracy of our conditions, speed of shipping and quality of service.<br>Send a DM to request any photos - If you have any questions please reach out!<br>","Nike SB Dunk High Hawaii","Brand New","Sneakers","gid://shopify/TaxonomyCategory/aa-sneakers","","false"
"nike-sb-dunk-high-hawaii","CZ2232-300-13","Nike","Nike SB Dunk High Hawaii","Nike SB Dunk High Hawaii<br><br>SKU: CZ2232-300<br>Colorway: Sail/Blue-Green Aqua<br>Released: 04/23/2021<br>new<br><br><br><ul>
<li>100% Authentic</li>
<li>In Stock &amp; Ready to Ship</li>
</ul>All items are shipped out quickly with safe packaging.<br>Check our reviews to see the accuracy of our conditions, speed of shipping and quality of service.<br>Send a DM to request any photos - If you have any questions please reach out!<br>","","sneakers","","13M / 14.5W","","","","","KCP","CZ2232-300-13","KCP-150","13","14.5","Brand New","","Nike SB Dunk High Hawaii","Nike SB Dunk High Hawaii<br><br>SKU: CZ2232-300<br>Colorway: Sail/Blue-Green Aqua<br>Released: 04/23/2021<br>new<br><br><br><ul>
<li>100% Authentic</li>
<li>In Stock &amp; Ready to Ship</li>
</ul>All items are shipped out quickly with safe packaging.<br>Check our reviews to see the accuracy of our conditions, speed of shipping and quality of service.<br>Send a DM to request any photos - If you have any questions please reach out!<br>","Nike SB Dunk High Hawaii","Brand New","Sneakers","gid://shopify/TaxonomyCategory/aa-sneakers","","false"
"nike-sb-dunk-high-hawaii","CZ2232-300-14","Nike","Nike SB Dunk High Hawaii","Nike SB Dunk High Hawaii<br><br>SKU: CZ2232-300<br>Colorway: Sail/Blue-Green Aqua<br>Released: 04/23/2021<br>new<br><br><br><ul>
<li>100% Authentic</li>
<li>In Stock &amp; Ready to Ship</li>
</ul>All items are shipped out quickly with safe packaging.<br>Check our reviews to see the accuracy of our conditions, speed of shipping and quality of service.<br>Send a DM to request any photos - If you have any questions please reach out!<br>","","sneakers","","14M / 15.5W","","","","","KCP","CZ2232-300-14","KCP-151","14","15.5","Brand New","","Nike SB Dunk High Hawaii","Nike SB Dunk High Hawaii<br><br>SKU: CZ2232-300<br>Colorway: Sail/Blue-Green Aqua<br>Released: 04/23/2021<br>new<br><br><br><ul>
<li>100% Authentic</li>
<li>In Stock &amp; Ready to Ship</li>
</ul>All items are shipped out quickly with safe packaging.<br>Check our reviews to see the accuracy of our conditions, speed of shipping and quality of service.<br>Send a DM to request any photos - If you have any questions please reach out!<br>","Nike SB Dunk High Hawaii","Brand New","Sneakers","gid://shopify/TaxonomyCategory/aa-sneakers","","false"
"nike-sb-dunk-high-hawaii","CZ2232-300-15","Nike","Nike SB Dunk High Hawaii","Nike SB Dunk High Hawaii<br><br>SKU: CZ2232-300<br>Colorway: Sail/Blue-Green Aqua<br>Released: 04/23/2021<br>new<br><br><br><ul>
<li>100% Authentic</li>
<li>In Stock &amp; Ready to Ship</li>
</ul>All items are shipped out quickly with safe packaging.<br>Check our reviews to see the accuracy of our conditions, speed of shipping and quality of service.<br>Send a DM to request any photos - If you have any questions please reach out!<br>","","sneakers","","15M / 16.5W","","","","","KCP","CZ2232-300-15","KCP-152","15","16.5","Brand New","","Nike SB Dunk High Hawaii","Nike SB Dunk High Hawaii<br><br>SKU: CZ2232-300<br>Colorway: Sail/Blue-Green Aqua<br>Released: 04/23/2021<br>new<br><br><br><ul>
<li>100% Authentic</li>
<li>In Stock &amp; Ready to Ship</li>
</ul>All items are shipped out quickly with safe packaging.<br>Check our reviews to see the accuracy of our conditions, speed of shipping and quality of service.<br>Send a DM to request any photos - If you have any questions please reach out!<br>","Nike SB Dunk High Hawaii","Brand New","Sneakers","gid://shopify/TaxonomyCategory/aa-sneakers","","false"
"nike-sb-dunk-high-hawaii","CZ2232-300-16","Nike","Nike SB Dunk High Hawaii","Nike SB Dunk High Hawaii<br><br>SKU: CZ2232-300<br>Colorway: Sail/Blue-Green Aqua<br>Released: 04/23/2021<br>new<br><br><br><ul>
<li>100% Authentic</li>
<li>In Stock &amp; Ready to Ship</li>
</ul>All items are shipped out quickly with safe packaging.<br>Check our reviews to see the accuracy of our conditions, speed of shipping and quality of service.<br>Send a DM to request any photos - If you have any questions please reach out!<br>","","sneakers","","16M / 17.5W","","","","","KCP","CZ2232-300-16","KCP-153","16","17.5","Brand New","","Nike SB Dunk High Hawaii","Nike SB Dunk High Hawaii<br><br>SKU: CZ2232-300<br>Colorway: Sail/Blue-Green Aqua<br>Released: 04/23/2021<br>new<br><br><br><ul>
<li>100% Authentic</li>
<li>In Stock &amp; Ready to Ship</li>
</ul>All items are shipped out quickly with safe packaging.<br>Check our reviews to see the accuracy of our conditions, speed of shipping and quality of service.<br>Send a DM to request any photos - If you have any questions please reach out!<br>","Nike SB Dunk High Hawaii","Brand New","Sneakers","gid://shopify/TaxonomyCategory/aa-sneakers","","false"
"nike-air-force-1-low-qs-terror-squad-loyalty","FJ5755-100-3.5","Nike","Nike Air Force 1 Low QS Terror Squad Loyalty","Nike Air Force 1 Low QS Terror Squad Loyalty<br><br>SKU: FJ5755-100<br>Colorway: White/Porpoise<br>Released: 09/15/2023<br>new<br><br><br><ul>
<li>100% Authentic</li>
<li>In Stock &amp; Ready to Ship</li>
</ul>All items are shipped out quickly with safe packaging.<br>Check our reviews to see the accuracy of our conditions, speed of shipping and quality of service.<br>Send a DM to request any photos - If you have any questions please reach out!<br>","","sneakers","Size","3.5Y / 5W","","","","","KCP","FJ5755-100-3.5","KCP-154","3.5","5","Brand New","","Nike Air Force 1 Low QS Terror Squad Loyalty","Nike Air Force 1 Low QS Terror Squad Loyalty<br><br>SKU: FJ5755-100<br>Colorway: White/Porpoise<br>Released: 09/15/2023<br>new<br><br><br><ul>
<li>100% Authentic</li>
<li>In Stock &amp; Ready to Ship</li>
</ul>All items are shipped out quickly with safe packaging.<br>Check our reviews to see the accuracy of our conditions, speed of shipping and quality of service.<br>Send a DM to request any photos - If you have any questions please reach out!<br>","Nike Air Force 1 Low QS Terror Squad Loyalty","Brand New","Sneakers","gid://shopify/TaxonomyCategory/aa-sneakers","","false"
"nike-air-force-1-low-qs-terror-squad-loyalty","FJ5755-100-4","Nike","Nike Air Force 1 Low QS Terror Squad Loyalty","Nike Air Force 1 Low QS Terror Squad Loyalty<br><br>SKU: FJ5755-100<br>Colorway: White/Porpoise<br>Released: 09/15/2023<br>new<br><br><br><ul>
<li>100% Authentic</li>
<li>In Stock &amp; Ready to Ship</li>
</ul>All items are shipped out quickly with safe packaging.<br>Check our reviews to see the accuracy of our conditions, speed of shipping and quality of service.<br>Send a DM to request any photos - If you have any questions please reach out!<br>","","sneakers","","4Y / 5.5W","","","","","KCP","FJ5755-100-4","KCP-155","4","5.5","Brand New","","Nike Air Force 1 Low QS Terror Squad Loyalty","Nike Air Force 1 Low QS Terror Squad Loyalty<br><br>SKU: FJ5755-100<br>Colorway: White/Porpoise<br>Released: 09/15/2023<br>new<br><br><br><ul>
<li>100% Authentic</li>
<li>In Stock &amp; Ready to Ship</li>
</ul>All items are shipped out quickly with safe packaging.<br>Check our reviews to see the accuracy of our conditions, speed of shipping and quality of service.<br>Send a DM to request any photos - If you have any questions please reach out!<br>","Nike Air Force 1 Low QS Terror Squad Loyalty","Brand New","Sneakers","gid://shopify/TaxonomyCategory/aa-sneakers","","false"
"nike-air-force-1-low-qs-terror-squad-loyalty","FJ5755-100-4.5","Nike","Nike Air Force 1 Low QS Terror Squad Loyalty","Nike Air Force 1 Low QS Terror Squad Loyalty<br><br>SKU: FJ5755-100<br>Colorway: White/Porpoise<br>Released: 09/15/2023<br>new<br><br><br><ul>
<li>100% Authentic</li>
<li>In Stock &amp; Ready to Ship</li>
</ul>All items are shipped out quickly with safe packaging.<br>Check our reviews to see the accuracy of our conditions, speed of shipping and quality of service.<br>Send a DM to request any photos - If you have any questions please reach out!<br>","","sneakers","","4.5Y / 6W","","","","","KCP","FJ5755-100-4.5","KCP-156","4.5","6","Brand New","","Nike Air Force 1 Low QS Terror Squad Loyalty","Nike Air Force 1 Low QS Terror Squad Loyalty<br><br>SKU: FJ5755-100<br>Colorway: White/Porpoise<br>Released: 09/15/2023<br>new<br><br><br><ul>
<li>100% Authentic</li>
<li>In Stock &amp; Ready to Ship</li>
</ul>All items are shipped out quickly with safe packaging.<br>Check our reviews to see the accuracy of our conditions, speed of shipping and quality of service.<br>Send a DM to request any photos - If you have any questions please reach out!<br>","Nike Air Force 1 Low QS Terror Squad Loyalty","Brand New","Sneakers","gid://shopify/TaxonomyCategory/aa-sneakers","","false"
"nike-air-force-1-low-qs-terror-squad-loyalty","FJ5755-100-5","Nike","Nike Air Force 1 Low QS Terror Squad Loyalty","Nike Air Force 1 Low QS Terror Squad Loyalty<br><br>SKU: FJ5755-100<br>Colorway: White/Porpoise<br>Released: 09/15/2023<br>new<br><br><br><ul>
<li>100% Authentic</li>
<li>In Stock &amp; Ready to Ship</li>
</ul>All items are shipped out quickly with safe packaging.<br>Check our reviews to see the accuracy of our conditions, speed of shipping and quality of service.<br>Send a DM to request any photos - If you have any questions please reach out!<br>","","sneakers","","5Y / 6.5W","","","","","KCP","FJ5755-100-5","KCP-157","5","6.5","Brand New","","Nike Air Force 1 Low QS Terror Squad Loyalty","Nike Air Force 1 Low QS Terror Squad Loyalty<br><br>SKU: FJ5755-100<br>Colorway: White/Porpoise<br>Released: 09/15/2023<br>new<br><br><br><ul>
<li>100% Authentic</li>
<li>In Stock &amp; Ready to Ship</li>
</ul>All items are shipped out quickly with safe packaging.<br>Check our reviews to see the accuracy of our conditions, speed of shipping and quality of service.<br>Send a DM to request any photos - If you have any questions please reach out!<br>","Nike Air Force 1 Low QS Terror Squad Loyalty","Brand New","Sneakers","gid://shopify/TaxonomyCategory/aa-sneakers","","false"
"nike-air-force-1-low-qs-terror-squad-loyalty","FJ5755-100-5.5","Nike","Nike Air Force 1 Low QS Terror Squad Loyalty","Nike Air Force 1 Low QS Terror Squad Loyalty<br><br>SKU: FJ5755-100<br>Colorway: White/Porpoise<br>Released: 09/15/2023<br>new<br><br><br><ul>
<li>100% Authentic</li>
<li>In Stock &amp; Ready to Ship</li>
</ul>All items are shipped out quickly with safe packaging.<br>Check our reviews to see the accuracy of our conditions, speed of shipping and quality of service.<br>Send a DM to request any photos - If you have any questions please reach out!<br>","","sneakers","","5.5Y / 7W","","","","","KCP","FJ5755-100-5.5","KCP-158","5.5","7","Brand New","","Nike Air Force 1 Low QS Terror Squad Loyalty","Nike Air Force 1 Low QS Terror Squad Loyalty<br><br>SKU: FJ5755-100<br>Colorway: White/Porpoise<br>Released: 09/15/2023<br>new<br><br><br><ul>
<li>100% Authentic</li>
<li>In Stock &amp; Ready to Ship</li>
</ul>All items are shipped out quickly with safe packaging.<br>Check our reviews to see the accuracy of our conditions, speed of shipping and quality of service.<br>Send a DM to request any photos - If you have any questions please reach out!<br>","Nike Air Force 1 Low QS Terror Squad Loyalty","Brand New","Sneakers","gid://shopify/TaxonomyCategory/aa-sneakers","","false"
"nike-air-force-1-low-qs-terror-squad-loyalty","FJ5755-100-6","Nike","Nike Air Force 1 Low QS Terror Squad Loyalty","Nike Air Force 1 Low QS Terror Squad Loyalty<br><br>SKU: FJ5755-100<br>Colorway: White/Porpoise<br>Released: 09/15/2023<br>new<br><br><br><ul>
<li>100% Authentic</li>
<li>In Stock &amp; Ready to Ship</li>
</ul>All items are shipped out quickly with safe packaging.<br>Check our reviews to see the accuracy of our conditions, speed of shipping and quality of service.<br>Send a DM to request any photos - If you have any questions please reach out!<br>","","sneakers","","6Y / 7.5W","","","","","KCP","FJ5755-100-6","KCP-159","6","7.5","Brand New","","Nike Air Force 1 Low QS Terror Squad Loyalty","Nike Air Force 1 Low QS Terror Squad Loyalty<br><br>SKU: FJ5755-100<br>Colorway: White/Porpoise<br>Released: 09/15/2023<br>new<br><br><br><ul>
<li>100% Authentic</li>
<li>In Stock &amp; Ready to Ship</li>
</ul>All items are shipped out quickly with safe packaging.<br>Check our reviews to see the accuracy of our conditions, speed of shipping and quality of service.<br>Send a DM to request any photos - If you have any questions please reach out!<br>","Nike Air Force 1 Low QS Terror Squad Loyalty","Brand New","Sneakers","gid://shopify/TaxonomyCategory/aa-sneakers","","false"
"nike-air-force-1-low-qs-terror-squad-loyalty","FJ5755-100-6.5","Nike","Nike Air Force 1 Low QS Terror Squad Loyalty","Nike Air Force 1 Low QS Terror Squad Loyalty<br><br>SKU: FJ5755-100<br>Colorway: White/Porpoise<br>Released: 09/15/2023<br>new<br><br><br><ul>
<li>100% Authentic</li>
<li>In Stock &amp; Ready to Ship</li>
</ul>All items are shipped out quickly with safe packaging.<br>Check our reviews to see the accuracy of our conditions, speed of shipping and quality of service.<br>Send a DM to request any photos - If you have any questions please reach out!<br>","","sneakers","","6.5Y / 8W","","","","","KCP","FJ5755-100-6.5","KCP-160","6.5","8","Brand New","","Nike Air Force 1 Low QS Terror Squad Loyalty","Nike Air Force 1 Low QS Terror Squad Loyalty<br><br>SKU: FJ5755-100<br>Colorway: White/Porpoise<br>Released: 09/15/2023<br>new<br><br><br><ul>
<li>100% Authentic</li>
<li>In Stock &amp; Ready to Ship</li>
</ul>All items are shipped out quickly with safe packaging.<br>Check our reviews to see the accuracy of our conditions, speed of shipping and quality of service.<br>Send a DM to request any photos - If you have any questions please reach out!<br>","Nike Air Force 1 Low QS Terror Squad Loyalty","Brand New","Sneakers","gid://shopify/TaxonomyCategory/aa-sneakers","","false"
"nike-air-force-1-low-qs-terror-squad-loyalty","FJ5755-100-7","Nike","Nike Air Force 1 Low QS Terror Squad Loyalty","Nike Air Force 1 Low QS Terror Squad Loyalty<br><br>SKU: FJ5755-100<br>Colorway: White/Porpoise<br>Released: 09/15/2023<br>new<br><br><br><ul>
<li>100% Authentic</li>
<li>In Stock &amp; Ready to Ship</li>
</ul>All items are shipped out quickly with safe packaging.<br>Check our reviews to see the accuracy of our conditions, speed of shipping and quality of service.<br>Send a DM to request any photos - If you have any questions please reach out!<br>","","sneakers","","7Y / 8.5W","","","","","KCP","FJ5755-100-7","KCP-161","7","8.5","Brand New","","Nike Air Force 1 Low QS Terror Squad Loyalty","Nike Air Force 1 Low QS Terror Squad Loyalty<br><br>SKU: FJ5755-100<br>Colorway: White/Porpoise<br>Released: 09/15/2023<br>new<br><br><br><ul>
<li>100% Authentic</li>
<li>In Stock &amp; Ready to Ship</li>
</ul>All items are shipped out quickly with safe packaging.<br>Check our reviews to see the accuracy of our conditions, speed of shipping and quality of service.<br>Send a DM to request any photos - If you have any questions please reach out!<br>","Nike Air Force 1 Low QS Terror Squad Loyalty","Brand New","Sneakers","gid://shopify/TaxonomyCategory/aa-sneakers","","false"
"nike-air-force-1-low-qs-terror-squad-loyalty","FJ5755-100-7.5","Nike","Nike Air Force 1 Low QS Terror Squad Loyalty","Nike Air Force 1 Low QS Terror Squad Loyalty<br><br>SKU: FJ5755-100<br>Colorway: White/Porpoise<br>Released: 09/15/2023<br>new<br><br><br><ul>
<li>100% Authentic</li>
<li>In Stock &amp; Ready to Ship</li>
</ul>All items are shipped out quickly with safe packaging.<br>Check our reviews to see the accuracy of our conditions, speed of shipping and quality of service.<br>Send a DM to request any photos - If you have any questions please reach out!<br>","","sneakers","","7.5M / 9W","","","","","KCP","FJ5755-100-7.5","KCP-162","7.5","9","Brand New","","Nike Air Force 1 Low QS Terror Squad Loyalty","Nike Air Force 1 Low QS Terror Squad Loyalty<br><br>SKU: FJ5755-100<br>Colorway: White/Porpoise<br>Released: 09/15/2023<br>new<br><br><br><ul>
<li>100% Authentic</li>
<li>In Stock &amp; Ready to Ship</li>
</ul>All items are shipped out quickly with safe packaging.<br>Check our reviews to see the accuracy of our conditions, speed of shipping and quality of service.<br>Send a DM to request any photos - If you have any questions please reach out!<br>","Nike Air Force 1 Low QS Terror Squad Loyalty","Brand New","Sneakers","gid://shopify/TaxonomyCategory/aa-sneakers","","false"
"nike-air-force-1-low-qs-terror-squad-loyalty","FJ5755-100-8","Nike","Nike Air Force 1 Low QS Terror Squad Loyalty","Nike Air Force 1 Low QS Terror Squad Loyalty<br><br>SKU: FJ5755-100<br>Colorway: White/Porpoise<br>Released: 09/15/2023<br>new<br><br><br><ul>
<li>100% Authentic</li>
<li>In Stock &amp; Ready to Ship</li>
</ul>All items are shipped out quickly with safe packaging.<br>Check our reviews to see the accuracy of our conditions, speed of shipping and quality of service.<br>Send a DM to request any photos - If you have any questions please reach out!<br>","","sneakers","","8M / 9.5W","","","","","KCP","FJ5755-100-8","KCP-163","8","9.5","Brand New","","Nike Air Force 1 Low QS Terror Squad Loyalty","Nike Air Force 1 Low QS Terror Squad Loyalty<br><br>SKU: FJ5755-100<br>Colorway: White/Porpoise<br>Released: 09/15/2023<br>new<br><br><br><ul>
<li>100% Authentic</li>
<li>In Stock &amp; Ready to Ship</li>
</ul>All items are shipped out quickly with safe packaging.<br>Check our reviews to see the accuracy of our conditions, speed of shipping and quality of service.<br>Send a DM to request any photos - If you have any questions please reach out!<br>","Nike Air Force 1 Low QS Terror Squad Loyalty","Brand New","Sneakers","gid://shopify/TaxonomyCategory/aa-sneakers","","false"
"nike-air-force-1-low-qs-terror-squad-loyalty","FJ5755-100-8.5","Nike","Nike Air Force 1 Low QS Terror Squad Loyalty","Nike Air Force 1 Low QS Terror Squad Loyalty<br><br>SKU: FJ5755-100<br>Colorway: White/Porpoise<br>Released: 09/15/2023<br>new<br><br><br><ul>
<li>100% Authentic</li>
<li>In Stock &amp; Ready to Ship</li>
</ul>All items are shipped out quickly with safe packaging.<br>Check our reviews to see the accuracy of our conditions, speed of shipping and quality of service.<br>Send a DM to request any photos - If you have any questions please reach out!<br>","","sneakers","","8.5M / 10W","","","","","KCP","FJ5755-100-8.5","KCP-164","8.5","10","Brand New","","Nike Air Force 1 Low QS Terror Squad Loyalty","Nike Air Force 1 Low QS Terror Squad Loyalty<br><br>SKU: FJ5755-100<br>Colorway: White/Porpoise<br>Released: 09/15/2023<br>new<br><br><br><ul>
<li>100% Authentic</li>
<li>In Stock &amp; Ready to Ship</li>
</ul>All items are shipped out quickly with safe packaging.<br>Check our reviews to see the accuracy of our conditions, speed of shipping and quality of service.<br>Send a DM to request any photos - If you have any questions please reach out!<br>","Nike Air Force 1 Low QS Terror Squad Loyalty","Brand New","Sneakers","gid://shopify/TaxonomyCategory/aa-sneakers","","false"
"nike-air-force-1-low-qs-terror-squad-loyalty","FJ5755-100-9","Nike","Nike Air Force 1 Low QS Terror Squad Loyalty","Nike Air Force 1 Low QS Terror Squad Loyalty<br><br>SKU: FJ5755-100<br>Colorway: White/Porpoise<br>Released: 09/15/2023<br>new<br><br><br><ul>
<li>100% Authentic</li>
<li>In Stock &amp; Ready to Ship</li>
</ul>All items are shipped out quickly with safe packaging.<br>Check our reviews to see the accuracy of our conditions, speed of shipping and quality of service.<br>Send a DM to request any photos - If you have any questions please reach out!<br>","","sneakers","","9M / 10.5W","","","","","KCP","FJ5755-100-9","KCP-165","9","10.5","Brand New","","Nike Air Force 1 Low QS Terror Squad Loyalty","Nike Air Force 1 Low QS Terror Squad Loyalty<br><br>SKU: FJ5755-100<br>Colorway: White/Porpoise<br>Released: 09/15/2023<br>new<br><br><br><ul>
<li>100% Authentic</li>
<li>In Stock &amp; Ready to Ship</li>
</ul>All items are shipped out quickly with safe packaging.<br>Check our reviews to see the accuracy of our conditions, speed of shipping and quality of service.<br>Send a DM to request any photos - If you have any questions please reach out!<br>","Nike Air Force 1 Low QS Terror Squad Loyalty","Brand New","Sneakers","gid://shopify/TaxonomyCategory/aa-sneakers","","false"
"nike-air-force-1-low-qs-terror-squad-loyalty","FJ5755-100-9.5","Nike","Nike Air Force 1 Low QS Terror Squad Loyalty","Nike Air Force 1 Low QS Terror Squad Loyalty<br><br>SKU: FJ5755-100<br>Colorway: White/Porpoise<br>Released: 09/15/2023<br>new<br><br><br><ul>
<li>100% Authentic</li>
<li>In Stock &amp; Ready to Ship</li>
</ul>All items are shipped out quickly with safe packaging.<br>Check our reviews to see the accuracy of our conditions, speed of shipping and quality of service.<br>Send a DM to request any photos - If you have any questions please reach out!<br>","","sneakers","","9.5M / 11W","","","","","KCP","FJ5755-100-9.5","KCP-166","9.5","11","Brand New","","Nike Air Force 1 Low QS Terror Squad Loyalty","Nike Air Force 1 Low QS Terror Squad Loyalty<br><br>SKU: FJ5755-100<br>Colorway: White/Porpoise<br>Released: 09/15/2023<br>new<br><br><br><ul>
<li>100% Authentic</li>
<li>In Stock &amp; Ready to Ship</li>
</ul>All items are shipped out quickly with safe packaging.<br>Check our reviews to see the accuracy of our conditions, speed of shipping and quality of service.<br>Send a DM to request any photos - If you have any questions please reach out!<br>","Nike Air Force 1 Low QS Terror Squad Loyalty","Brand New","Sneakers","gid://shopify/TaxonomyCategory/aa-sneakers","","false"
"nike-air-force-1-low-qs-terror-squad-loyalty","FJ5755-100-10","Nike","Nike Air Force 1 Low QS Terror Squad Loyalty","Nike Air Force 1 Low QS Terror Squad Loyalty<br><br>SKU: FJ5755-100<br>Colorway: White/Porpoise<br>Released: 09/15/2023<br>new<br><br><br><ul>
<li>100% Authentic</li>
<li>In Stock &amp; Ready to Ship</li>
</ul>All items are shipped out quickly with safe packaging.<br>Check our reviews to see the accuracy of our conditions, speed of shipping and quality of service.<br>Send a DM to request any photos - If you have any questions please reach out!<br>","","sneakers","","10M / 11.5W","","","","","KCP","FJ5755-100-10","KCP-167","10","11.5","Brand New","","Nike Air Force 1 Low QS Terror Squad Loyalty","Nike Air Force 1 Low QS Terror Squad Loyalty<br><br>SKU: FJ5755-100<br>Colorway: White/Porpoise<br>Released: 09/15/2023<br>new<br><br><br><ul>
<li>100% Authentic</li>
<li>In Stock &amp; Ready to Ship</li>
</ul>All items are shipped out quickly with safe packaging.<br>Check our reviews to see the accuracy of our conditions, speed of shipping and quality of service.<br>Send a DM to request any photos - If you have any questions please reach out!<br>","Nike Air Force 1 Low QS Terror Squad Loyalty","Brand New","Sneakers","gid://shopify/TaxonomyCategory/aa-sneakers","","false"
"nike-air-force-1-low-qs-terror-squad-loyalty","FJ5755-100-10.5","Nike","Nike Air Force 1 Low QS Terror Squad Loyalty","Nike Air Force 1 Low QS Terror Squad Loyalty<br><br>SKU: FJ5755-100<br>Colorway: White/Porpoise<br>Released: 09/15/2023<br>new<br><br><br><ul>
<li>100% Authentic</li>
<li>In Stock &amp; Ready to Ship</li>
</ul>All items are shipped out quickly with safe packaging.<br>Check our reviews to see the accuracy of our conditions, speed of shipping and quality of service.<br>Send a DM to request any photos - If you have any questions please reach out!<br>","","sneakers","","10.5M / 12W","","","","","KCP","FJ5755-100-10.5","KCP-168","10.5","12","Brand New","","Nike Air Force 1 Low QS Terror Squad Loyalty","Nike Air Force 1 Low QS Terror Squad Loyalty<br><br>SKU: FJ5755-100<br>Colorway: White/Porpoise<br>Released: 09/15/2023<br>new<br><br><br><ul>
<li>100% Authentic</li>
<li>In Stock &amp; Ready to Ship</li>
</ul>All items are shipped out quickly with safe packaging.<br>Check our reviews to see the accuracy of our conditions, speed of shipping and quality of service.<br>Send a DM to request any photos - If you have any questions please reach out!<br>","Nike Air Force 1 Low QS Terror Squad Loyalty","Brand New","Sneakers","gid://shopify/TaxonomyCategory/aa-sneakers","","false"
"nike-air-force-1-low-qs-terror-squad-loyalty","FJ5755-100-11","Nike","Nike Air Force 1 Low QS Terror Squad Loyalty","Nike Air Force 1 Low QS Terror Squad Loyalty<br><br>SKU: FJ5755-100<br>Colorway: White/Porpoise<br>Released: 09/15/2023<br>new<br><br><br><ul>
<li>100% Authentic</li>
<li>In Stock &amp; Ready to Ship</li>
</ul>All items are shipped out quickly with safe packaging.<br>Check our reviews to see the accuracy of our conditions, speed of shipping and quality of service.<br>Send a DM to request any photos - If you have any questions please reach out!<br>","","sneakers","","11M / 12.5W","","","","","KCP","FJ5755-100-11","KCP-169","11","12.5","Brand New","","Nike Air Force 1 Low QS Terror Squad Loyalty","Nike Air Force 1 Low QS Terror Squad Loyalty<br><br>SKU: FJ5755-100<br>Colorway: White/Porpoise<br>Released: 09/15/2023<br>new<br><br><br><ul>
<li>100% Authentic</li>
<li>In Stock &amp; Ready to Ship</li>
</ul>All items are shipped out quickly with safe packaging.<br>Check our reviews to see the accuracy of our conditions, speed of shipping and quality of service.<br>Send a DM to request any photos - If you have any questions please reach out!<br>","Nike Air Force 1 Low QS Terror Squad Loyalty","Brand New","Sneakers","gid://shopify/TaxonomyCategory/aa-sneakers","","false"
"nike-air-force-1-low-qs-terror-squad-loyalty","FJ5755-100-11.5","Nike","Nike Air Force 1 Low QS Terror Squad Loyalty","Nike Air Force 1 Low QS Terror Squad Loyalty<br><br>SKU: FJ5755-100<br>Colorway: White/Porpoise<br>Released: 09/15/2023<br>new<br><br><br><ul>
<li>100% Authentic</li>
<li>In Stock &amp; Ready to Ship</li>
</ul>All items are shipped out quickly with safe packaging.<br>Check our reviews to see the accuracy of our conditions, speed of shipping and quality of service.<br>Send a DM to request any photos - If you have any questions please reach out!<br>","","sneakers","","11.5M / 13W","","","","","KCP","FJ5755-100-11.5","KCP-170","11.5","13","Brand New","","Nike Air Force 1 Low QS Terror Squad Loyalty","Nike Air Force 1 Low QS Terror Squad Loyalty<br><br>SKU: FJ5755-100<br>Colorway: White/Porpoise<br>Released: 09/15/2023<br>new<br><br><br><ul>
<li>100% Authentic</li>
<li>In Stock &amp; Ready to Ship</li>
</ul>All items are shipped out quickly with safe packaging.<br>Check our reviews to see the accuracy of our conditions, speed of shipping and quality of service.<br>Send a DM to request any photos - If you have any questions please reach out!<br>","Nike Air Force 1 Low QS Terror Squad Loyalty","Brand New","Sneakers","gid://shopify/TaxonomyCategory/aa-sneakers","","false"
"nike-air-force-1-low-qs-terror-squad-loyalty","FJ5755-100-12","Nike","Nike Air Force 1 Low QS Terror Squad Loyalty","Nike Air Force 1 Low QS Terror Squad Loyalty<br><br>SKU: FJ5755-100<br>Colorway: White/Porpoise<br>Released: 09/15/2023<br>new<br><br><br><ul>
<li>100% Authentic</li>
<li>In Stock &amp; Ready to Ship</li>
</ul>All items are shipped out quickly with safe packaging.<br>Check our reviews to see the accuracy of our conditions, speed of shipping and quality of service.<br>Send a DM to request any photos - If you have any questions please reach out!<br>","","sneakers","","12M / 13.5W","","","","","KCP","FJ5755-100-12","KCP-171","12","13.5","Brand New","","Nike Air Force 1 Low QS Terror Squad Loyalty","Nike Air Force 1 Low QS Terror Squad Loyalty<br><br>SKU: FJ5755-100<br>Colorway: White/Porpoise<br>Released: 09/15/2023<br>new<br><br><br><ul>
<li>100% Authentic</li>
<li>In Stock &amp; Ready to Ship</li>
</ul>All items are shipped out quickly with safe packaging.<br>Check our reviews to see the accuracy of our conditions, speed of shipping and quality of service.<br>Send a DM to request any photos - If you have any questions please reach out!<br>","Nike Air Force 1 Low QS Terror Squad Loyalty","Brand New","Sneakers","gid://shopify/TaxonomyCategory/aa-sneakers","","false"
"nike-air-force-1-low-qs-terror-squad-loyalty","FJ5755-100-12.5","Nike","Nike Air Force 1 Low QS Terror Squad Loyalty","Nike Air Force 1 Low QS Terror Squad Loyalty<br><br>SKU: FJ5755-100<br>Colorway: White/Porpoise<br>Released: 09/15/2023<br>new<br><br><br><ul>
<li>100% Authentic</li>
<li>In Stock &amp; Ready to Ship</li>
</ul>All items are shipped out quickly with safe packaging.<br>Check our reviews to see the accuracy of our conditions, speed of shipping and quality of service.<br>Send a DM to request any photos - If you have any questions please reach out!<br>","","sneakers","","12.5M / 14W","","","","","KCP","FJ5755-100-12.5","KCP-172","12.5","14","Brand New","","Nike Air Force 1 Low QS Terror Squad Loyalty","Nike Air Force 1 Low QS Terror Squad Loyalty<br><br>SKU: FJ5755-100<br>Colorway: White/Porpoise<br>Released: 09/15/2023<br>new<br><br><br><ul>
<li>100% Authentic</li>
<li>In Stock &amp; Ready to Ship</li>
</ul>All items are shipped out quickly with safe packaging.<br>Check our reviews to see the accuracy of our conditions, speed of shipping and quality of service.<br>Send a DM to request any photos - If you have any questions please reach out!<br>","Nike Air Force 1 Low QS Terror Squad Loyalty","Brand New","Sneakers","gid://shopify/TaxonomyCategory/aa-sneakers","","false"
"nike-air-force-1-low-qs-terror-squad-loyalty","FJ5755-100-13","Nike","Nike Air Force 1 Low QS Terror Squad Loyalty","Nike Air Force 1 Low QS Terror Squad Loyalty<br><br>SKU: FJ5755-100<br>Colorway: White/Porpoise<br>Released: 09/15/2023<br>new<br><br><br><ul>
<li>100% Authentic</li>
<li>In Stock &amp; Ready to Ship</li>
</ul>All items are shipped out quickly with safe packaging.<br>Check our reviews to see the accuracy of our conditions, speed of shipping and quality of service.<br>Send a DM to request any photos - If you have any questions please reach out!<br>","","sneakers","","13M / 14.5W","","","","","KCP","FJ5755-100-13","KCP-173","13","14.5","Brand New","","Nike Air Force 1 Low QS Terror Squad Loyalty","Nike Air Force 1 Low QS Terror Squad Loyalty<br><br>SKU: FJ5755-100<br>Colorway: White/Porpoise<br>Released: 09/15/2023<br>new<br><br><br><ul>
<li>100% Authentic</li>
<li>In Stock &amp; Ready to Ship</li>
</ul>All items are shipped out quickly with safe packaging.<br>Check our reviews to see the accuracy of our conditions, speed of shipping and quality of service.<br>Send a DM to request any photos - If you have any questions please reach out!<br>","Nike Air Force 1 Low QS Terror Squad Loyalty","Brand New","Sneakers","gid://shopify/TaxonomyCategory/aa-sneakers","","false"
"nike-air-force-1-low-qs-terror-squad-loyalty","FJ5755-100-14","Nike","Nike Air Force 1 Low QS Terror Squad Loyalty","Nike Air Force 1 Low QS Terror Squad Loyalty<br><br>SKU: FJ5755-100<br>Colorway: White/Porpoise<br>Released: 09/15/2023<br>new<br><br><br><ul>
<li>100% Authentic</li>
<li>In Stock &amp; Ready to Ship</li>
</ul>All items are shipped out quickly with safe packaging.<br>Check our reviews to see the accuracy of our conditions, speed of shipping and quality of service.<br>Send a DM to request any photos - If you have any questions please reach out!<br>","","sneakers","","14M / 15.5W","","","","","KCP","FJ5755-100-14","KCP-174","14","15.5","Brand New","","Nike Air Force 1 Low QS Terror Squad Loyalty","Nike Air Force 1 Low QS Terror Squad Loyalty<br><br>SKU: FJ5755-100<br>Colorway: White/Porpoise<br>Released: 09/15/2023<br>new<br><br><br><ul>
<li>100% Authentic</li>
<li>In Stock &amp; Ready to Ship</li>
</ul>All items are shipped out quickly with safe packaging.<br>Check our reviews to see the accuracy of our conditions, speed of shipping and quality of service.<br>Send a DM to request any photos - If you have any questions please reach out!<br>","Nike Air Force 1 Low QS Terror Squad Loyalty","Brand New","Sneakers","gid://shopify/TaxonomyCategory/aa-sneakers","","false"
"nike-air-force-1-low-qs-terror-squad-loyalty","FJ5755-100-15","Nike","Nike Air Force 1 Low QS Terror Squad Loyalty","Nike Air Force 1 Low QS Terror Squad Loyalty<br><br>SKU: FJ5755-100<br>Colorway: White/Porpoise<br>Released: 09/15/2023<br>new<br><br><br><ul>
<li>100% Authentic</li>
<li>In Stock &amp; Ready to Ship</li>
</ul>All items are shipped out quickly with safe packaging.<br>Check our reviews to see the accuracy of our conditions, speed of shipping and quality of service.<br>Send a DM to request any photos - If you have any questions please reach out!<br>","","sneakers","","15M / 16.5W","","","","","KCP","FJ5755-100-15","KCP-175","15","16.5","Brand New","","Nike Air Force 1 Low QS Terror Squad Loyalty","Nike Air Force 1 Low QS Terror Squad Loyalty<br><br>SKU: FJ5755-100<br>Colorway: White/Porpoise<br>Released: 09/15/2023<br>new<br><br><br><ul>
<li>100% Authentic</li>
<li>In Stock &amp; Ready to Ship</li>
</ul>All items are shipped out quickly with safe packaging.<br>Check our reviews to see the accuracy of our conditions, speed of shipping and quality of service.<br>Send a DM to request any photos - If you have any questions please reach out!<br>","Nike Air Force 1 Low QS Terror Squad Loyalty","Brand New","Sneakers","gid://shopify/TaxonomyCategory/aa-sneakers","","false"
"jordan-1-retro-high-shadow-2-0","555088-035-3.5","Jordan","Jordan 1 Retro High Shadow 2.0","Jordan 1 Retro High Shadow 2.0<br><br>SKU: 555088-035<br>Colorway: Black/White-Light Smoke Grey<br>Released: 05/15/2021<br>new<br><br><br><ul>
<li>100% Authentic</li>
<li>In Stock &amp; Ready to Ship</li>
</ul>All items are shipped out quickly with safe packaging.<br>Check our reviews to see the accuracy of our conditions, speed of shipping and quality of service.<br>Send a DM to request any photos - If you have any questions please reach out!<br>","","sneakers","Size","3.5Y / 5W","","","","","KCP","555088-035-3.5","KCP-176","3.5","5","Brand New","","Jordan 1 Retro High Shadow 2.0","Jordan 1 Retro High Shadow 2.0<br><br>SKU: 555088-035<br>Colorway: Black/White-Light Smoke Grey<br>Released: 05/15/2021<br>new<br><br><br><ul>
<li>100% Authentic</li>
<li>In Stock &amp; Ready to Ship</li>
</ul>All items are shipped out quickly with safe packaging.<br>Check our reviews to see the accuracy of our conditions, speed of shipping and quality of service.<br>Send a DM to request any photos - If you have any questions please reach out!<br>","Jordan 1 Retro High Shadow 2.0","Brand New","Sneakers","gid://shopify/TaxonomyCategory/aa-sneakers","","false"
"jordan-1-retro-high-shadow-2-0","555088-035-4","Jordan","Jordan 1 Retro High Shadow 2.0","Jordan 1 Retro High Shadow 2.0<br><br>SKU: 555088-035<br>Colorway: Black/White-Light Smoke Grey<br>Released: 05/15/2021<br>new<br><br><br><ul>
<li>100% Authentic</li>
<li>In Stock &amp; Ready to Ship</li>
</ul>All items are shipped out quickly with safe packaging.<br>Check our reviews to see the accuracy of our conditions, speed of shipping and quality of service.<br>Send a DM to request any photos - If you have any questions please reach out!<br>","","sneakers","","4Y / 5.5W","","","","","KCP","555088-035-4","KCP-177","4","5.5","Brand New","","Jordan 1 Retro High Shadow 2.0","Jordan 1 Retro High Shadow 2.0<br><br>SKU: 555088-035<br>Colorway: Black/White-Light Smoke Grey<br>Released: 05/15/2021<br>new<br><br><br><ul>
<li>100% Authentic</li>
<li>In Stock &amp; Ready to Ship</li>
</ul>All items are shipped out quickly with safe packaging.<br>Check our reviews to see the accuracy of our conditions, speed of shipping and quality of service.<br>Send a DM to request any photos - If you have any questions please reach out!<br>","Jordan 1 Retro High Shadow 2.0","Brand New","Sneakers","gid://shopify/TaxonomyCategory/aa-sneakers","","false"
"jordan-1-retro-high-shadow-2-0","555088-035-4.5","Jordan","Jordan 1 Retro High Shadow 2.0","Jordan 1 Retro High Shadow 2.0<br><br>SKU: 555088-035<br>Colorway: Black/White-Light Smoke Grey<br>Released: 05/15/2021<br>new<br><br><br><ul>
<li>100% Authentic</li>
<li>In Stock &amp; Ready to Ship</li>
</ul>All items are shipped out quickly with safe packaging.<br>Check our reviews to see the accuracy of our conditions, speed of shipping and quality of service.<br>Send a DM to request any photos - If you have any questions please reach out!<br>","","sneakers","","4.5Y / 6W","","","","","KCP","555088-035-4.5","KCP-178","4.5","6","Brand New","","Jordan 1 Retro High Shadow 2.0","Jordan 1 Retro High Shadow 2.0<br><br>SKU: 555088-035<br>Colorway: Black/White-Light Smoke Grey<br>Released: 05/15/2021<br>new<br><br><br><ul>
<li>100% Authentic</li>
<li>In Stock &amp; Ready to Ship</li>
</ul>All items are shipped out quickly with safe packaging.<br>Check our reviews to see the accuracy of our conditions, speed of shipping and quality of service.<br>Send a DM to request any photos - If you have any questions please reach out!<br>","Jordan 1 Retro High Shadow 2.0","Brand New","Sneakers","gid://shopify/TaxonomyCategory/aa-sneakers","","false"
"jordan-1-retro-high-shadow-2-0","555088-035-5","Jordan","Jordan 1 Retro High Shadow 2.0","Jordan 1 Retro High Shadow 2.0<br><br>SKU: 555088-035<br>Colorway: Black/White-Light Smoke Grey<br>Released: 05/15/2021<br>new<br><br><br><ul>
<li>100% Authentic</li>
<li>In Stock &amp; Ready to Ship</li>
</ul>All items are shipped out quickly with safe packaging.<br>Check our reviews to see the accuracy of our conditions, speed of shipping and quality of service.<br>Send a DM to request any photos - If you have any questions please reach out!<br>","","sneakers","","5Y / 6.5W","","","","","KCP","555088-035-5","KCP-179","5","6.5","Brand New","","Jordan 1 Retro High Shadow 2.0","Jordan 1 Retro High Shadow 2.0<br><br>SKU: 555088-035<br>Colorway: Black/White-Light Smoke Grey<br>Released: 05/15/2021<br>new<br><br><br><ul>
<li>100% Authentic</li>
<li>In Stock &amp; Ready to Ship</li>
</ul>All items are shipped out quickly with safe packaging.<br>Check our reviews to see the accuracy of our conditions, speed of shipping and quality of service.<br>Send a DM to request any photos - If you have any questions please reach out!<br>","Jordan 1 Retro High Shadow 2.0","Brand New","Sneakers","gid://shopify/TaxonomyCategory/aa-sneakers","","false"
"jordan-1-retro-high-shadow-2-0","555088-035-5.5","Jordan","Jordan 1 Retro High Shadow 2.0","Jordan 1 Retro High Shadow 2.0<br><br>SKU: 555088-035<br>Colorway: Black/White-Light Smoke Grey<br>Released: 05/15/2021<br>new<br><br><br><ul>
<li>100% Authentic</li>
<li>In Stock &amp; Ready to Ship</li>
</ul>All items are shipped out quickly with safe packaging.<br>Check our reviews to see the accuracy of our conditions, speed of shipping and quality of service.<br>Send a DM to request any photos - If you have any questions please reach out!<br>","","sneakers","","5.5Y / 7W","","","","","KCP","555088-035-5.5","KCP-180","5.5","7","Brand New","","Jordan 1 Retro High Shadow 2.0","Jordan 1 Retro High Shadow 2.0<br><br>SKU: 555088-035<br>Colorway: Black/White-Light Smoke Grey<br>Released: 05/15/2021<br>new<br><br><br><ul>
<li>100% Authentic</li>
<li>In Stock &amp; Ready to Ship</li>
</ul>All items are shipped out quickly with safe packaging.<br>Check our reviews to see the accuracy of our conditions, speed of shipping and quality of service.<br>Send a DM to request any photos - If you have any questions please reach out!<br>","Jordan 1 Retro High Shadow 2.0","Brand New","Sneakers","gid://shopify/TaxonomyCategory/aa-sneakers","","false"
"jordan-1-retro-high-shadow-2-0","555088-035-6","Jordan","Jordan 1 Retro High Shadow 2.0","Jordan 1 Retro High Shadow 2.0<br><br>SKU: 555088-035<br>Colorway: Black/White-Light Smoke Grey<br>Released: 05/15/2021<br>new<br><br><br><ul>
<li>100% Authentic</li>
<li>In Stock &amp; Ready to Ship</li>
</ul>All items are shipped out quickly with safe packaging.<br>Check our reviews to see the accuracy of our conditions, speed of shipping and quality of service.<br>Send a DM to request any photos - If you have any questions please reach out!<br>","","sneakers","","6Y / 7.5W","","","","","KCP","555088-035-6","KCP-181","6","7.5","Brand New","","Jordan 1 Retro High Shadow 2.0","Jordan 1 Retro High Shadow 2.0<br><br>SKU: 555088-035<br>Colorway: Black/White-Light Smoke Grey<br>Released: 05/15/2021<br>new<br><br><br><ul>
<li>100% Authentic</li>
<li>In Stock &amp; Ready to Ship</li>
</ul>All items are shipped out quickly with safe packaging.<br>Check our reviews to see the accuracy of our conditions, speed of shipping and quality of service.<br>Send a DM to request any photos - If you have any questions please reach out!<br>","Jordan 1 Retro High Shadow 2.0","Brand New","Sneakers","gid://shopify/TaxonomyCategory/aa-sneakers","","false"
"jordan-1-retro-high-shadow-2-0","555088-035-6.5","Jordan","Jordan 1 Retro High Shadow 2.0","Jordan 1 Retro High Shadow 2.0<br><br>SKU: 555088-035<br>Colorway: Black/White-Light Smoke Grey<br>Released: 05/15/2021<br>new<br><br><br><ul>
<li>100% Authentic</li>
<li>In Stock &amp; Ready to Ship</li>
</ul>All items are shipped out quickly with safe packaging.<br>Check our reviews to see the accuracy of our conditions, speed of shipping and quality of service.<br>Send a DM to request any photos - If you have any questions please reach out!<br>","","sneakers","","6.5Y / 8W","","","","","KCP","555088-035-6.5","KCP-182","6.5","8","Brand New","","Jordan 1 Retro High Shadow 2.0","Jordan 1 Retro High Shadow 2.0<br><br>SKU: 555088-035<br>Colorway: Black/White-Light Smoke Grey<br>Released: 05/15/2021<br>new<br><br><br><ul>
<li>100% Authentic</li>
<li>In Stock &amp; Ready to Ship</li>
</ul>All items are shipped out quickly with safe packaging.<br>Check our reviews to see the accuracy of our conditions, speed of shipping and quality of service.<br>Send a DM to request any photos - If you have any questions please reach out!<br>","Jordan 1 Retro High Shadow 2.0","Brand New","Sneakers","gid://shopify/TaxonomyCategory/aa-sneakers","","false"
"jordan-1-retro-high-shadow-2-0","555088-035-7","Jordan","Jordan 1 Retro High Shadow 2.0","Jordan 1 Retro High Shadow 2.0<br><br>SKU: 555088-035<br>Colorway: Black/White-Light Smoke Grey<br>Released: 05/15/2021<br>new<br><br><br><ul>
<li>100% Authentic</li>
<li>In Stock &amp; Ready to Ship</li>
</ul>All items are shipped out quickly with safe packaging.<br>Check our reviews to see the accuracy of our conditions, speed of shipping and quality of service.<br>Send a DM to request any photos - If you have any questions please reach out!<br>","","sneakers","","7Y / 8.5W","","","","","KCP","555088-035-7","KCP-183","7","8.5","Brand New","","Jordan 1 Retro High Shadow 2.0","Jordan 1 Retro High Shadow 2.0<br><br>SKU: 555088-035<br>Colorway: Black/White-Light Smoke Grey<br>Released: 05/15/2021<br>new<br><br><br><ul>
<li>100% Authentic</li>
<li>In Stock &amp; Ready to Ship</li>
</ul>All items are shipped out quickly with safe packaging.<br>Check our reviews to see the accuracy of our conditions, speed of shipping and quality of service.<br>Send a DM to request any photos - If you have any questions please reach out!<br>","Jordan 1 Retro High Shadow 2.0","Brand New","Sneakers","gid://shopify/TaxonomyCategory/aa-sneakers","","false"
"jordan-1-retro-high-shadow-2-0","555088-035-7.5","Jordan","Jordan 1 Retro High Shadow 2.0","Jordan 1 Retro High Shadow 2.0<br><br>SKU: 555088-035<br>Colorway: Black/White-Light Smoke Grey<br>Released: 05/15/2021<br>new<br><br><br><ul>
<li>100% Authentic</li>
<li>In Stock &amp; Ready to Ship</li>
</ul>All items are shipped out quickly with safe packaging.<br>Check our reviews to see the accuracy of our conditions, speed of shipping and quality of service.<br>Send a DM to request any photos - If you have any questions please reach out!<br>","","sneakers","","7.5M / 9W","","","","","KCP","555088-035-7.5","KCP-184","7.5","9","Brand New","","Jordan 1 Retro High Shadow 2.0","Jordan 1 Retro High Shadow 2.0<br><br>SKU: 555088-035<br>Colorway: Black/White-Light Smoke Grey<br>Released: 05/15/2021<br>new<br><br><br><ul>
<li>100% Authentic</li>
<li>In Stock &amp; Ready to Ship</li>
</ul>All items are shipped out quickly with safe packaging.<br>Check our reviews to see the accuracy of our conditions, speed of shipping and quality of service.<br>Send a DM to request any photos - If you have any questions please reach out!<br>","Jordan 1 Retro High Shadow 2.0","Brand New","Sneakers","gid://shopify/TaxonomyCategory/aa-sneakers","","false"
"jordan-1-retro-high-shadow-2-0","555088-035-8","Jordan","Jordan 1 Retro High Shadow 2.0","Jordan 1 Retro High Shadow 2.0<br><br>SKU: 555088-035<br>Colorway: Black/White-Light Smoke Grey<br>Released: 05/15/2021<br>new<br><br><br><ul>
<li>100% Authentic</li>
<li>In Stock &amp; Ready to Ship</li>
</ul>All items are shipped out quickly with safe packaging.<br>Check our reviews to see the accuracy of our conditions, speed of shipping and quality of service.<br>Send a DM to request any photos - If you have any questions please reach out!<br>","","sneakers","","8M / 9.5W","","","","","KCP","555088-035-8","KCP-185","8","9.5","Brand New","","Jordan 1 Retro High Shadow 2.0","Jordan 1 Retro High Shadow 2.0<br><br>SKU: 555088-035<br>Colorway: Black/White-Light Smoke Grey<br>Released: 05/15/2021<br>new<br><br><br><ul>
<li>100% Authentic</li>
<li>In Stock &amp; Ready to Ship</li>
</ul>All items are shipped out quickly with safe packaging.<br>Check our reviews to see the accuracy of our conditions, speed of shipping and quality of service.<br>Send a DM to request any photos - If you have any questions please reach out!<br>","Jordan 1 Retro High Shadow 2.0","Brand New","Sneakers","gid://shopify/TaxonomyCategory/aa-sneakers","","false"
"jordan-1-retro-high-shadow-2-0","555088-035-8.5","Jordan","Jordan 1 Retro High Shadow 2.0","Jordan 1 Retro High Shadow 2.0<br><br>SKU: 555088-035<br>Colorway: Black/White-Light Smoke Grey<br>Released: 05/15/2021<br>new<br><br><br><ul>
<li>100% Authentic</li>
<li>In Stock &amp; Ready to Ship</li>
</ul>All items are shipped out quickly with safe packaging.<br>Check our reviews to see the accuracy of our conditions, speed of shipping and quality of service.<br>Send a DM to request any photos - If you have any questions please reach out!<br>","","sneakers","","8.5M / 10W","","","","","KCP","555088-035-8.5","KCP-186","8.5","10","Brand New","","Jordan 1 Retro High Shadow 2.0","Jordan 1 Retro High Shadow 2.0<br><br>SKU: 555088-035<br>Colorway: Black/White-Light Smoke Grey<br>Released: 05/15/2021<br>new<br><br><br><ul>
<li>100% Authentic</li>
<li>In Stock &amp; Ready to Ship</li>
</ul>All items are shipped out quickly with safe packaging.<br>Check our reviews to see the accuracy of our conditions, speed of shipping and quality of service.<br>Send a DM to request any photos - If you have any questions please reach out!<br>","Jordan 1 Retro High Shadow 2.0","Brand New","Sneakers","gid://shopify/TaxonomyCategory/aa-sneakers","","false"
"jordan-1-retro-high-shadow-2-0","555088-035-9","Jordan","Jordan 1 Retro High Shadow 2.0","Jordan 1 Retro High Shadow 2.0<br><br>SKU: 555088-035<br>Colorway: Black/White-Light Smoke Grey<br>Released: 05/15/2021<br>new<br><br><br><ul>
<li>100% Authentic</li>
<li>In Stock &amp; Ready to Ship</li>
</ul>All items are shipped out quickly with safe packaging.<br>Check our reviews to see the accuracy of our conditions, speed of shipping and quality of service.<br>Send a DM to request any photos - If you have any questions please reach out!<br>","","sneakers","","9M / 10.5W","","","","","KCP","555088-035-9","KCP-187","9","10.5","Brand New","","Jordan 1 Retro High Shadow 2.0","Jordan 1 Retro High Shadow 2.0<br><br>SKU: 555088-035<br>Colorway: Black/White-Light Smoke Grey<br>Released: 05/15/2021<br>new<br><br><br><ul>
<li>100% Authentic</li>
<li>In Stock &amp; Ready to Ship</li>
</ul>All items are shipped out quickly with safe packaging.<br>Check our reviews to see the accuracy of our conditions, speed of shipping and quality of service.<br>Send a DM to request any photos - If you have any questions please reach out!<br>","Jordan 1 Retro High Shadow 2.0","Brand New","Sneakers","gid://shopify/TaxonomyCategory/aa-sneakers","","false"
"jordan-1-retro-high-shadow-2-0","555088-035-9.5","Jordan","Jordan 1 Retro High Shadow 2.0","Jordan 1 Retro High Shadow 2.0<br><br>SKU: 555088-035<br>Colorway: Black/White-Light Smoke Grey<br>Released: 05/15/2021<br>new<br><br><br><ul>
<li>100% Authentic</li>
<li>In Stock &amp; Ready to Ship</li>
</ul>All items are shipped out quickly with safe packaging.<br>Check our reviews to see the accuracy of our conditions, speed of shipping and quality of service.<br>Send a DM to request any photos - If you have any questions please reach out!<br>","","sneakers","","9.5M / 11W","","","","","KCP","555088-035-9.5","KCP-188","9.5","11","Brand New","","Jordan 1 Retro High Shadow 2.0","Jordan 1 Retro High Shadow 2.0<br><br>SKU: 555088-035<br>Colorway: Black/White-Light Smoke Grey<br>Released: 05/15/2021<br>new<br><br><br><ul>
<li>100% Authentic</li>
<li>In Stock &amp; Ready to Ship</li>
</ul>All items are shipped out quickly with safe packaging.<br>Check our reviews to see the accuracy of our conditions, speed of shipping and quality of service.<br>Send a DM to request any photos - If you have any questions please reach out!<br>","Jordan 1 Retro High Shadow 2.0","Brand New","Sneakers","gid://shopify/TaxonomyCategory/aa-sneakers","","false"
"jordan-1-retro-high-shadow-2-0","555088-035-10","Jordan","Jordan 1 Retro High Shadow 2.0","Jordan 1 Retro High Shadow 2.0<br><br>SKU: 555088-035<br>Colorway: Black/White-Light Smoke Grey<br>Released: 05/15/2021<br>new<br><br><br><ul>
<li>100% Authentic</li>
<li>In Stock &amp; Ready to Ship</li>
</ul>All items are shipped out quickly with safe packaging.<br>Check our reviews to see the accuracy of our conditions, speed of shipping and quality of service.<br>Send a DM to request any photos - If you have any questions please reach out!<br>","","sneakers","","10M / 11.5W","","","","","KCP","555088-035-10","KCP-189","10","11.5","Brand New","","Jordan 1 Retro High Shadow 2.0","Jordan 1 Retro High Shadow 2.0<br><br>SKU: 555088-035<br>Colorway: Black/White-Light Smoke Grey<br>Released: 05/15/2021<br>new<br><br><br><ul>
<li>100% Authentic</li>
<li>In Stock &amp; Ready to Ship</li>
</ul>All items are shipped out quickly with safe packaging.<br>Check our reviews to see the accuracy of our conditions, speed of shipping and quality of service.<br>Send a DM to request any photos - If you have any questions please reach out!<br>","Jordan 1 Retro High Shadow 2.0","Brand New","Sneakers","gid://shopify/TaxonomyCategory/aa-sneakers","","false"
"jordan-1-retro-high-shadow-2-0","555088-035-10.5","Jordan","Jordan 1 Retro High Shadow 2.0","Jordan 1 Retro High Shadow 2.0<br><br>SKU: 555088-035<br>Colorway: Black/White-Light Smoke Grey<br>Released: 05/15/2021<br>new<br><br><br><ul>
<li>100% Authentic</li>
<li>In Stock &amp; Ready to Ship</li>
</ul>All items are shipped out quickly with safe packaging.<br>Check our reviews to see the accuracy of our conditions, speed of shipping and quality of service.<br>Send a DM to request any photos - If you have any questions please reach out!<br>","","sneakers","","10.5M / 12W","","","","","KCP","555088-035-10.5","KCP-190","10.5","12","Brand New","","Jordan 1 Retro High Shadow 2.0","Jordan 1 Retro High Shadow 2.0<br><br>SKU: 555088-035<br>Colorway: Black/White-Light Smoke Grey<br>Released: 05/15/2021<br>new<br><br><br><ul>
<li>100% Authentic</li>
<li>In Stock &amp; Ready to Ship</li>
</ul>All items are shipped out quickly with safe packaging.<br>Check our reviews to see the accuracy of our conditions, speed of shipping and quality of service.<br>Send a DM to request any photos - If you have any questions please reach out!<br>","Jordan 1 Retro High Shadow 2.0","Brand New","Sneakers","gid://shopify/TaxonomyCategory/aa-sneakers","","false"
"jordan-1-retro-high-shadow-2-0","555088-035-11","Jordan","Jordan 1 Retro High Shadow 2.0","Jordan 1 Retro High Shadow 2.0<br><br>SKU: 555088-035<br>Colorway: Black/White-Light Smoke Grey<br>Released: 05/15/2021<br>new<br><br><br><ul>
<li>100% Authentic</li>
<li>In Stock &amp; Ready to Ship</li>
</ul>All items are shipped out quickly with safe packaging.<br>Check our reviews to see the accuracy of our conditions, speed of shipping and quality of service.<br>Send a DM to request any photos - If you have any questions please reach out!<br>","","sneakers","","11M / 12.5W","","","","","KCP","555088-035-11","KCP-191","11","12.5","Brand New","","Jordan 1 Retro High Shadow 2.0","Jordan 1 Retro High Shadow 2.0<br><br>SKU: 555088-035<br>Colorway: Black/White-Light Smoke Grey<br>Released: 05/15/2021<br>new<br><br><br><ul>
<li>100% Authentic</li>
<li>In Stock &amp; Ready to Ship</li>
</ul>All items are shipped out quickly with safe packaging.<br>Check our reviews to see the accuracy of our conditions, speed of shipping and quality of service.<br>Send a DM to request any photos - If you have any questions please reach out!<br>","Jordan 1 Retro High Shadow 2.0","Brand New","Sneakers","gid://shopify/TaxonomyCategory/aa-sneakers","","false"
"jordan-1-retro-high-shadow-2-0","555088-035-11.5","Jordan","Jordan 1 Retro High Shadow 2.0","Jordan 1 Retro High Shadow 2.0<br><br>SKU: 555088-035<br>Colorway: Black/White-Light Smoke Grey<br>Released: 05/15/2021<br>new<br><br><br><ul>
<li>100% Authentic</li>
<li>In Stock &amp; Ready to Ship</li>
</ul>All items are shipped out quickly with safe packaging.<br>Check our reviews to see the accuracy of our conditions, speed of shipping and quality of service.<br>Send a DM to request any photos - If you have any questions please reach out!<br>","","sneakers","","11.5M / 13W","","","","","KCP","555088-035-11.5","KCP-192","11.5","13","Brand New","","Jordan 1 Retro High Shadow 2.0","Jordan 1 Retro High Shadow 2.0<br><br>SKU: 555088-035<br>Colorway: Black/White-Light Smoke Grey<br>Released: 05/15/2021<br>new<br><br><br><ul>
<li>100% Authentic</li>
<li>In Stock &amp; Ready to Ship</li>
</ul>All items are shipped out quickly with safe packaging.<br>Check our reviews to see the accuracy of our conditions, speed of shipping and quality of service.<br>Send a DM to request any photos - If you have any questions please reach out!<br>","Jordan 1 Retro High Shadow 2.0","Brand New","Sneakers","gid://shopify/TaxonomyCategory/aa-sneakers","","false"
"jordan-1-retro-high-shadow-2-0","555088-035-12","Jordan","Jordan 1 Retro High Shadow 2.0","Jordan 1 Retro High Shadow 2.0<br><br>SKU: 555088-035<br>Colorway: Black/White-Light Smoke Grey<br>Released: 05/15/2021<br>new<br><br><br><ul>
<li>100% Authentic</li>
<li>In Stock &amp; Ready to Ship</li>
</ul>All items are shipped out quickly with safe packaging.<br>Check our reviews to see the accuracy of our conditions, speed of shipping and quality of service.<br>Send a DM to request any photos - If you have any questions please reach out!<br>","","sneakers","","12M / 13.5W","","","","","KCP","555088-035-12","KCP-193","12","13.5","Brand New","","Jordan 1 Retro High Shadow 2.0","Jordan 1 Retro High Shadow 2.0<br><br>SKU: 555088-035<br>Colorway: Black/White-Light Smoke Grey<br>Released: 05/15/2021<br>new<br><br><br><ul>
<li>100% Authentic</li>
<li>In Stock &amp; Ready to Ship</li>
</ul>All items are shipped out quickly with safe packaging.<br>Check our reviews to see the accuracy of our conditions, speed of shipping and quality of service.<br>Send a DM to request any photos - If you have any questions please reach out!<br>","Jordan 1 Retro High Shadow 2.0","Brand New","Sneakers","gid://shopify/TaxonomyCategory/aa-sneakers","","false"
"jordan-1-retro-high-shadow-2-0","555088-035-12.5","Jordan","Jordan 1 Retro High Shadow 2.0","Jordan 1 Retro High Shadow 2.0<br><br>SKU: 555088-035<br>Colorway: Black/White-Light Smoke Grey<br>Released: 05/15/2021<br>new<br><br><br><ul>
<li>100% Authentic</li>
<li>In Stock &amp; Ready to Ship</li>
</ul>All items are shipped out quickly with safe packaging.<br>Check our reviews to see the accuracy of our conditions, speed of shipping and quality of service.<br>Send a DM to request any photos - If you have any questions please reach out!<br>","","sneakers","","12.5M / 14W","","","","","KCP","555088-035-12.5","KCP-194","12.5","14","Brand New","","Jordan 1 Retro High Shadow 2.0","Jordan 1 Retro High Shadow 2.0<br><br>SKU: 555088-035<br>Colorway: Black/White-Light Smoke Grey<br>Released: 05/15/2021<br>new<br><br><br><ul>
<li>100% Authentic</li>
<li>In Stock &amp; Ready to Ship</li>
</ul>All items are shipped out quickly with safe packaging.<br>Check our reviews to see the accuracy of our conditions, speed of shipping and quality of service.<br>Send a DM to request any photos - If you have any questions please reach out!<br>","Jordan 1 Retro High Shadow 2.0","Brand New","Sneakers","gid://shopify/TaxonomyCategory/aa-sneakers","","false"
"jordan-1-retro-high-shadow-2-0","555088-035-13","Jordan","Jordan 1 Retro High Shadow 2.0","Jordan 1 Retro High Shadow 2.0<br><br>SKU: 555088-035<br>Colorway: Black/White-Light Smoke Grey<br>Released: 05/15/2021<br>new<br><br><br><ul>
<li>100% Authentic</li>
<li>In Stock &amp; Ready to Ship</li>
</ul>All items are shipped out quickly with safe packaging.<br>Check our reviews to see the accuracy of our conditions, speed of shipping and quality of service.<br>Send a DM to request any photos - If you have any questions please reach out!<br>","","sneakers","","13M / 14.5W","","","","","KCP","555088-035-13","KCP-195","13","14.5","Brand New","","Jordan 1 Retro High Shadow 2.0","Jordan 1 Retro High Shadow 2.0<br><br>SKU: 555088-035<br>Colorway: Black/White-Light Smoke Grey<br>Released: 05/15/2021<br>new<br><br><br><ul>
<li>100% Authentic</li>
<li>In Stock &amp; Ready to Ship</li>
</ul>All items are shipped out quickly with safe packaging.<br>Check our reviews to see the accuracy of our conditions, speed of shipping and quality of service.<br>Send a DM to request any photos - If you have any questions please reach out!<br>","Jordan 1 Retro High Shadow 2.0","Brand New","Sneakers","gid://shopify/TaxonomyCategory/aa-sneakers","","false"
"jordan-1-retro-high-shadow-2-0","555088-035-14","Jordan","Jordan 1 Retro High Shadow 2.0","Jordan 1 Retro High Shadow 2.0<br><br>SKU: 555088-035<br>Colorway: Black/White-Light Smoke Grey<br>Released: 05/15/2021<br>new<br><br><br><ul>
<li>100% Authentic</li>
<li>In Stock &amp; Ready to Ship</li>
</ul>All items are shipped out quickly with safe packaging.<br>Check our reviews to see the accuracy of our conditions, speed of shipping and quality of service.<br>Send a DM to request any photos - If you have any questions please reach out!<br>","","sneakers","","14M / 15.5W","","","","","KCP","555088-035-14","KCP-196","14","15.5","Brand New","","Jordan 1 Retro High Shadow 2.0","Jordan 1 Retro High Shadow 2.0<br><br>SKU: 555088-035<br>Colorway: Black/White-Light Smoke Grey<br>Released: 05/15/2021<br>new<br><br><br><ul>
<li>100% Authentic</li>
<li>In Stock &amp; Ready to Ship</li>
</ul>All items are shipped out quickly with safe packaging.<br>Check our reviews to see the accuracy of our conditions, speed of shipping and quality of service.<br>Send a DM to request any photos - If you have any questions please reach out!<br>","Jordan 1 Retro High Shadow 2.0","Brand New","Sneakers","gid://shopify/TaxonomyCategory/aa-sneakers","","false"
"jordan-1-retro-high-shadow-2-0","555088-035-15","Jordan","Jordan 1 Retro High Shadow 2.0","Jordan 1 Retro High Shadow 2.0<br><br>SKU: 555088-035<br>Colorway: Black/White-Light Smoke Grey<br>Released: 05/15/2021<br>new<br><br><br><ul>
<li>100% Authentic</li>
<li>In Stock &amp; Ready to Ship</li>
</ul>All items are shipped out quickly with safe packaging.<br>Check our reviews to see the accuracy of our conditions, speed of shipping and quality of service.<br>Send a DM to request any photos - If you have any questions please reach out!<br>","","sneakers","","15M / 16.5W","","","","","KCP","555088-035-15","KCP-197","15","16.5","Brand New","","Jordan 1 Retro High Shadow 2.0","Jordan 1 Retro High Shadow 2.0<br><br>SKU: 555088-035<br>Colorway: Black/White-Light Smoke Grey<br>Released: 05/15/2021<br>new<br><br><br><ul>
<li>100% Authentic</li>
<li>In Stock &amp; Ready to Ship</li>
</ul>All items are shipped out quickly with safe packaging.<br>Check our reviews to see the accuracy of our conditions, speed of shipping and quality of service.<br>Send a DM to request any photos - If you have any questions please reach out!<br>","Jordan 1 Retro High Shadow 2.0","Brand New","Sneakers","gid://shopify/TaxonomyCategory/aa-sneakers","","false"
"jordan-1-retro-high-shadow-2-0","555088-035-16","Jordan","Jordan 1 Retro High Shadow 2.0","Jordan 1 Retro High Shadow 2.0<br><br>SKU: 555088-035<br>Colorway: Black/White-Light Smoke Grey<br>Released: 05/15/2021<br>new<br><br><br><ul>
<li>100% Authentic</li>
<li>In Stock &amp; Ready to Ship</li>
</ul>All items are shipped out quickly with safe packaging.<br>Check our reviews to see the accuracy of our conditions, speed of shipping and quality of service.<br>Send a DM to request any photos - If you have any questions please reach out!<br>","","sneakers","","16M / 17.5W","","","","","KCP","555088-035-16","KCP-198","16","17.5","Brand New","","Jordan 1 Retro High Shadow 2.0","Jordan 1 Retro High Shadow 2.0<br><br>SKU: 555088-035<br>Colorway: Black/White-Light Smoke Grey<br>Released: 05/15/2021<br>new<br><br><br><ul>
<li>100% Authentic</li>
<li>In Stock &amp; Ready to Ship</li>
</ul>All items are shipped out quickly with safe packaging.<br>Check our reviews to see the accuracy of our conditions, speed of shipping and quality of service.<br>Send a DM to request any photos - If you have any questions please reach out!<br>","Jordan 1 Retro High Shadow 2.0","Brand New","Sneakers","gid://shopify/TaxonomyCategory/aa-sneakers","","false"
"jordan-1-retro-high-shadow-2-0","555088-035-17","Jordan","Jordan 1 Retro High Shadow 2.0","Jordan 1 Retro High Shadow 2.0<br><br>SKU: 555088-035<br>Colorway: Black/White-Light Smoke Grey<br>Released: 05/15/2021<br>new<br><br><br><ul>
<li>100% Authentic</li>
<li>In Stock &amp; Ready to Ship</li>
</ul>All items are shipped out quickly with safe packaging.<br>Check our reviews to see the accuracy of our conditions, speed of shipping and quality of service.<br>Send a DM to request any photos - If you have any questions please reach out!<br>","","sneakers","","17M / 18.5W","","","","","KCP","555088-035-17","KCP-199","17","18.5","Brand New","","Jordan 1 Retro High Shadow 2.0","Jordan 1 Retro High Shadow 2.0<br><br>SKU: 555088-035<br>Colorway: Black/White-Light Smoke Grey<br>Released: 05/15/2021<br>new<br><br><br><ul>
<li>100% Authentic</li>
<li>In Stock &amp; Ready to Ship</li>
</ul>All items are shipped out quickly with safe packaging.<br>Check our reviews to see the accuracy of our conditions, speed of shipping and quality of service.<br>Send a DM to request any photos - If you have any questions please reach out!<br>","Jordan 1 Retro High Shadow 2.0","Brand New","Sneakers","gid://shopify/TaxonomyCategory/aa-sneakers","","false"
"jordan-1-retro-high-shadow-2-0","555088-035-18","Jordan","Jordan 1 Retro High Shadow 2.0","Jordan 1 Retro High Shadow 2.0<br><br>SKU: 555088-035<br>Colorway: Black/White-Light Smoke Grey<br>Released: 05/15/2021<br>new<br><br><br><ul>
<li>100% Authentic</li>
<li>In Stock &amp; Ready to Ship</li>
</ul>All items are shipped out quickly with safe packaging.<br>Check our reviews to see the accuracy of our conditions, speed of shipping and quality of service.<br>Send a DM to request any photos - If you have any questions please reach out!<br>","","sneakers","","18M / 19.5W","","","","","KCP","555088-035-18","KCP-200","18","19.5","Brand New","","Jordan 1 Retro High Shadow 2.0","Jordan 1 Retro High Shadow 2.0<br><br>SKU: 555088-035<br>Colorway: Black/White-Light Smoke Grey<br>Released: 05/15/2021<br>new<br><br><br><ul>
<li>100% Authentic</li>
<li>In Stock &amp; Ready to Ship</li>
</ul>All items are shipped out quickly with safe packaging.<br>Check our reviews to see the accuracy of our conditions, speed of shipping and quality of service.<br>Send a DM to request any photos - If you have any questions please reach out!<br>","Jordan 1 Retro High Shadow 2.0","Brand New","Sneakers","gid://shopify/TaxonomyCategory/aa-sneakers","","false"
"jordan-1-retro-high-og-stealth","555088-037-3.5","Jordan","Jordan 1 Retro High OG Stealth","Jordan 1 Retro High OG Stealth<br><br>SKU: 555088-037<br>Colorway: Stealth/White<br>Released: 08/30/2022<br>new<br><br><br><ul>
<li>100% Authentic</li>
<li>In Stock &amp; Ready to Ship</li>
</ul>All items are shipped out quickly with safe packaging.<br>Check our reviews to see the accuracy of our conditions, speed of shipping and quality of service.<br>Send a DM to request any photos - If you have any questions please reach out!<br>","","sneakers","Size","3.5Y / 5W","","","","","KCP","555088-037-3.5","KCP-201","3.5","5","Brand New","","Jordan 1 Retro High OG Stealth","Jordan 1 Retro High OG Stealth<br><br>SKU: 555088-037<br>Colorway: Stealth/White<br>Released: 08/30/2022<br>new<br><br><br><ul>
<li>100% Authentic</li>
<li>In Stock &amp; Ready to Ship</li>
</ul>All items are shipped out quickly with safe packaging.<br>Check our reviews to see the accuracy of our conditions, speed of shipping and quality of service.<br>Send a DM to request any photos - If you have any questions please reach out!<br>","Jordan 1 Retro High OG Stealth","Brand New","Sneakers","gid://shopify/TaxonomyCategory/aa-sneakers","","false"
"jordan-1-retro-high-og-stealth","555088-037-4","Jordan","Jordan 1 Retro High OG Stealth","Jordan 1 Retro High OG Stealth<br><br>SKU: 555088-037<br>Colorway: Stealth/White<br>Released: 08/30/2022<br>new<br><br><br><ul>
<li>100% Authentic</li>
<li>In Stock &amp; Ready to Ship</li>
</ul>All items are shipped out quickly with safe packaging.<br>Check our reviews to see the accuracy of our conditions, speed of shipping and quality of service.<br>Send a DM to request any photos - If you have any questions please reach out!<br>","","sneakers","","4Y / 5.5W","","","","","KCP","555088-037-4","KCP-202","4","5.5","Brand New","","Jordan 1 Retro High OG Stealth","Jordan 1 Retro High OG Stealth<br><br>SKU: 555088-037<br>Colorway: Stealth/White<br>Released: 08/30/2022<br>new<br><br><br><ul>
<li>100% Authentic</li>
<li>In Stock &amp; Ready to Ship</li>
</ul>All items are shipped out quickly with safe packaging.<br>Check our reviews to see the accuracy of our conditions, speed of shipping and quality of service.<br>Send a DM to request any photos - If you have any questions please reach out!<br>","Jordan 1 Retro High OG Stealth","Brand New","Sneakers","gid://shopify/TaxonomyCategory/aa-sneakers","","false"
"jordan-1-retro-high-og-stealth","555088-037-4.5","Jordan","Jordan 1 Retro High OG Stealth","Jordan 1 Retro High OG Stealth<br><br>SKU: 555088-037<br>Colorway: Stealth/White<br>Released: 08/30/2022<br>new<br><br><br><ul>
<li>100% Authentic</li>
<li>In Stock &amp; Ready to Ship</li>
</ul>All items are shipped out quickly with safe packaging.<br>Check our reviews to see the accuracy of our conditions, speed of shipping and quality of service.<br>Send a DM to request any photos - If you have any questions please reach out!<br>","","sneakers","","4.5Y / 6W","","","","","KCP","555088-037-4.5","KCP-203","4.5","6","Brand New","","Jordan 1 Retro High OG Stealth","Jordan 1 Retro High OG Stealth<br><br>SKU: 555088-037<br>Colorway: Stealth/White<br>Released: 08/30/2022<br>new<br><br><br><ul>
<li>100% Authentic</li>
<li>In Stock &amp; Ready to Ship</li>
</ul>All items are shipped out quickly with safe packaging.<br>Check our reviews to see the accuracy of our conditions, speed of shipping and quality of service.<br>Send a DM to request any photos - If you have any questions please reach out!<br>","Jordan 1 Retro High OG Stealth","Brand New","Sneakers","gid://shopify/TaxonomyCategory/aa-sneakers","","false"
"jordan-1-retro-high-og-stealth","555088-037-5","Jordan","Jordan 1 Retro High OG Stealth","Jordan 1 Retro High OG Stealth<br><br>SKU: 555088-037<br>Colorway: Stealth/White<br>Released: 08/30/2022<br>new<br><br><br><ul>
<li>100% Authentic</li>
<li>In Stock &amp; Ready to Ship</li>
</ul>All items are shipped out quickly with safe packaging.<br>Check our reviews to see the accuracy of our conditions, speed of shipping and quality of service.<br>Send a DM to request any photos - If you have any questions please reach out!<br>","","sneakers","","5Y / 6.5W","","","","","KCP","555088-037-5","KCP-204","5","6.5","Brand New","","Jordan 1 Retro High OG Stealth","Jordan 1 Retro High OG Stealth<br><br>SKU: 555088-037<br>Colorway: Stealth/White<br>Released: 08/30/2022<br>new<br><br><br><ul>
<li>100% Authentic</li>
<li>In Stock &amp; Ready to Ship</li>
</ul>All items are shipped out quickly with safe packaging.<br>Check our reviews to see the accuracy of our conditions, speed of shipping and quality of service.<br>Send a DM to request any photos - If you have any questions please reach out!<br>","Jordan 1 Retro High OG Stealth","Brand New","Sneakers","gid://shopify/TaxonomyCategory/aa-sneakers","","false"
"jordan-1-retro-high-og-stealth","555088-037-5.5","Jordan","Jordan 1 Retro High OG Stealth","Jordan 1 Retro High OG Stealth<br><br>SKU: 555088-037<br>Colorway: Stealth/White<br>Released: 08/30/2022<br>new<br><br><br><ul>
<li>100% Authentic</li>
<li>In Stock &amp; Ready to Ship</li>
</ul>All items are shipped out quickly with safe packaging.<br>Check our reviews to see the accuracy of our conditions, speed of shipping and quality of service.<br>Send a DM to request any photos - If you have any questions please reach out!<br>","","sneakers","","5.5Y / 7W","","","","","KCP","555088-037-5.5","KCP-205","5.5","7","Brand New","","Jordan 1 Retro High OG Stealth","Jordan 1 Retro High OG Stealth<br><br>SKU: 555088-037<br>Colorway: Stealth/White<br>Released: 08/30/2022<br>new<br><br><br><ul>
<li>100% Authentic</li>
<li>In Stock &amp; Ready to Ship</li>
</ul>All items are shipped out quickly with safe packaging.<br>Check our reviews to see the accuracy of our conditions, speed of shipping and quality of service.<br>Send a DM to request any photos - If you have any questions please reach out!<br>","Jordan 1 Retro High OG Stealth","Brand New","Sneakers","gid://shopify/TaxonomyCategory/aa-sneakers","","false"
"jordan-1-retro-high-og-stealth","555088-037-6","Jordan","Jordan 1 Retro High OG Stealth","Jordan 1 Retro High OG Stealth<br><br>SKU: 555088-037<br>Colorway: Stealth/White<br>Released: 08/30/2022<br>new<br><br><br><ul>
<li>100% Authentic</li>
<li>In Stock &amp; Ready to Ship</li>
</ul>All items are shipped out quickly with safe packaging.<br>Check our reviews to see the accuracy of our conditions, speed of shipping and quality of service.<br>Send a DM to request any photos - If you have any questions please reach out!<br>","","sneakers","","6Y / 7.5W","","","","","KCP","555088-037-6","KCP-206","6","7.5","Brand New","","Jordan 1 Retro High OG Stealth","Jordan 1 Retro High OG Stealth<br><br>SKU: 555088-037<br>Colorway: Stealth/White<br>Released: 08/30/2022<br>new<br><br><br><ul>
<li>100% Authentic</li>
<li>In Stock &amp; Ready to Ship</li>
</ul>All items are shipped out quickly with safe packaging.<br>Check our reviews to see the accuracy of our conditions, speed of shipping and quality of service.<br>Send a DM to request any photos - If you have any questions please reach out!<br>","Jordan 1 Retro High OG Stealth","Brand New","Sneakers","gid://shopify/TaxonomyCategory/aa-sneakers","","false"
"jordan-1-retro-high-og-stealth","555088-037-6.5","Jordan","Jordan 1 Retro High OG Stealth","Jordan 1 Retro High OG Stealth<br><br>SKU: 555088-037<br>Colorway: Stealth/White<br>Released: 08/30/2022<br>new<br><br><br><ul>
<li>100% Authentic</li>
<li>In Stock &amp; Ready to Ship</li>
</ul>All items are shipped out quickly with safe packaging.<br>Check our reviews to see the accuracy of our conditions, speed of shipping and quality of service.<br>Send a DM to request any photos - If you have any questions please reach out!<br>","","sneakers","","6.5Y / 8W","","","","","KCP","555088-037-6.5","KCP-207","6.5","8","Brand New","","Jordan 1 Retro High OG Stealth","Jordan 1 Retro High OG Stealth<br><br>SKU: 555088-037<br>Colorway: Stealth/White<br>Released: 08/30/2022<br>new<br><br><br><ul>
<li>100% Authentic</li>
<li>In Stock &amp; Ready to Ship</li>
</ul>All items are shipped out quickly with safe packaging.<br>Check our reviews to see the accuracy of our conditions, speed of shipping and quality of service.<br>Send a DM to request any photos - If you have any questions please reach out!<br>","Jordan 1 Retro High OG Stealth","Brand New","Sneakers","gid://shopify/TaxonomyCategory/aa-sneakers","","false"
"jordan-1-retro-high-og-stealth","555088-037-7","Jordan","Jordan 1 Retro High OG Stealth","Jordan 1 Retro High OG Stealth<br><br>SKU: 555088-037<br>Colorway: Stealth/White<br>Released: 08/30/2022<br>new<br><br><br><ul>
<li>100% Authentic</li>
<li>In Stock &amp; Ready to Ship</li>
</ul>All items are shipped out quickly with safe packaging.<br>Check our reviews to see the accuracy of our conditions, speed of shipping and quality of service.<br>Send a DM to request any photos - If you have any questions please reach out!<br>","","sneakers","","7Y / 8.5W","","","","","KCP","555088-037-7","KCP-208","7","8.5","Brand New","","Jordan 1 Retro High OG Stealth","Jordan 1 Retro High OG Stealth<br><br>SKU: 555088-037<br>Colorway: Stealth/White<br>Released: 08/30/2022<br>new<br><br><br><ul>
<li>100% Authentic</li>
<li>In Stock &amp; Ready to Ship</li>
</ul>All items are shipped out quickly with safe packaging.<br>Check our reviews to see the accuracy of our conditions, speed of shipping and quality of service.<br>Send a DM to request any photos - If you have any questions please reach out!<br>","Jordan 1 Retro High OG Stealth","Brand New","Sneakers","gid://shopify/TaxonomyCategory/aa-sneakers","","false"
"jordan-1-retro-high-og-stealth","555088-037-7.5","Jordan","Jordan 1 Retro High OG Stealth","Jordan 1 Retro High OG Stealth<br><br>SKU: 555088-037<br>Colorway: Stealth/White<br>Released: 08/30/2022<br>new<br><br><br><ul>
<li>100% Authentic</li>
<li>In Stock &amp; Ready to Ship</li>
</ul>All items are shipped out quickly with safe packaging.<br>Check our reviews to see the accuracy of our conditions, speed of shipping and quality of service.<br>Send a DM to request any photos - If you have any questions please reach out!<br>","","sneakers","","7.5M / 9W","","","","","KCP","555088-037-7.5","KCP-209","7.5","9","Brand New","","Jordan 1 Retro High OG Stealth","Jordan 1 Retro High OG Stealth<br><br>SKU: 555088-037<br>Colorway: Stealth/White<br>Released: 08/30/2022<br>new<br><br><br><ul>
<li>100% Authentic</li>
<li>In Stock &amp; Ready to Ship</li>
</ul>All items are shipped out quickly with safe packaging.<br>Check our reviews to see the accuracy of our conditions, speed of shipping and quality of service.<br>Send a DM to request any photos - If you have any questions please reach out!<br>","Jordan 1 Retro High OG Stealth","Brand New","Sneakers","gid://shopify/TaxonomyCategory/aa-sneakers","","false"
"jordan-1-retro-high-og-stealth","555088-037-8","Jordan","Jordan 1 Retro High OG Stealth","Jordan 1 Retro High OG Stealth<br><br>SKU: 555088-037<br>Colorway: Stealth/White<br>Released: 08/30/2022<br>new<br><br><br><ul>
<li>100% Authentic</li>
<li>In Stock &amp; Ready to Ship</li>
</ul>All items are shipped out quickly with safe packaging.<br>Check our reviews to see the accuracy of our conditions, speed of shipping and quality of service.<br>Send a DM to request any photos - If you have any questions please reach out!<br>","","sneakers","","8M / 9.5W","","","","","KCP","555088-037-8","KCP-210","8","9.5","Brand New","","Jordan 1 Retro High OG Stealth","Jordan 1 Retro High OG Stealth<br><br>SKU: 555088-037<br>Colorway: Stealth/White<br>Released: 08/30/2022<br>new<br><br><br><ul>
<li>100% Authentic</li>
<li>In Stock &amp; Ready to Ship</li>
</ul>All items are shipped out quickly with safe packaging.<br>Check our reviews to see the accuracy of our conditions, speed of shipping and quality of service.<br>Send a DM to request any photos - If you have any questions please reach out!<br>","Jordan 1 Retro High OG Stealth","Brand New","Sneakers","gid://shopify/TaxonomyCategory/aa-sneakers","","false"
"jordan-1-retro-high-og-stealth","555088-037-8.5","Jordan","Jordan 1 Retro High OG Stealth","Jordan 1 Retro High OG Stealth<br><br>SKU: 555088-037<br>Colorway: Stealth/White<br>Released: 08/30/2022<br>new<br><br><br><ul>
<li>100% Authentic</li>
<li>In Stock &amp; Ready to Ship</li>
</ul>All items are shipped out quickly with safe packaging.<br>Check our reviews to see the accuracy of our conditions, speed of shipping and quality of service.<br>Send a DM to request any photos - If you have any questions please reach out!<br>","","sneakers","","8.5M / 10W","","","","","KCP","555088-037-8.5","KCP-211","8.5","10","Brand New","","Jordan 1 Retro High OG Stealth","Jordan 1 Retro High OG Stealth<br><br>SKU: 555088-037<br>Colorway: Stealth/White<br>Released: 08/30/2022<br>new<br><br><br><ul>
<li>100% Authentic</li>
<li>In Stock &amp; Ready to Ship</li>
</ul>All items are shipped out quickly with safe packaging.<br>Check our reviews to see the accuracy of our conditions, speed of shipping and quality of service.<br>Send a DM to request any photos - If you have any questions please reach out!<br>","Jordan 1 Retro High OG Stealth","Brand New","Sneakers","gid://shopify/TaxonomyCategory/aa-sneakers","","false"
"jordan-1-retro-high-og-stealth","555088-037-9","Jordan","Jordan 1 Retro High OG Stealth","Jordan 1 Retro High OG Stealth<br><br>SKU: 555088-037<br>Colorway: Stealth/White<br>Released: 08/30/2022<br>new<br><br><br><ul>
<li>100% Authentic</li>
<li>In Stock &amp; Ready to Ship</li>
</ul>All items are shipped out quickly with safe packaging.<br>Check our reviews to see the accuracy of our conditions, speed of shipping and quality of service.<br>Send a DM to request any photos - If you have any questions please reach out!<br>","","sneakers","","9M / 10.5W","","","","","KCP","555088-037-9","KCP-212","9","10.5","Brand New","","Jordan 1 Retro High OG Stealth","Jordan 1 Retro High OG Stealth<br><br>SKU: 555088-037<br>Colorway: Stealth/White<br>Released: 08/30/2022<br>new<br><br><br><ul>
<li>100% Authentic</li>
<li>In Stock &amp; Ready to Ship</li>
</ul>All items are shipped out quickly with safe packaging.<br>Check our reviews to see the accuracy of our conditions, speed of shipping and quality of service.<br>Send a DM to request any photos - If you have any questions please reach out!<br>","Jordan 1 Retro High OG Stealth","Brand New","Sneakers","gid://shopify/TaxonomyCategory/aa-sneakers","","false"
"jordan-1-retro-high-og-stealth","555088-037-9.5","Jordan","Jordan 1 Retro High OG Stealth","Jordan 1 Retro High OG Stealth<br><br>SKU: 555088-037<br>Colorway: Stealth/White<br>Released: 08/30/2022<br>new<br><br><br><ul>
<li>100% Authentic</li>
<li>In Stock &amp; Ready to Ship</li>
</ul>All items are shipped out quickly with safe packaging.<br>Check our reviews to see the accuracy of our conditions, speed of shipping and quality of service.<br>Send a DM to request any photos - If you have any questions please reach out!<br>","","sneakers","","9.5M / 11W","","","","","KCP","555088-037-9.5","KCP-213","9.5","11","Brand New","","Jordan 1 Retro High OG Stealth","Jordan 1 Retro High OG Stealth<br><br>SKU: 555088-037<br>Colorway: Stealth/White<br>Released: 08/30/2022<br>new<br><br><br><ul>
<li>100% Authentic</li>
<li>In Stock &amp; Ready to Ship</li>
</ul>All items are shipped out quickly with safe packaging.<br>Check our reviews to see the accuracy of our conditions, speed of shipping and quality of service.<br>Send a DM to request any photos - If you have any questions please reach out!<br>","Jordan 1 Retro High OG Stealth","Brand New","Sneakers","gid://shopify/TaxonomyCategory/aa-sneakers","","false"
"jordan-1-retro-high-og-stealth","555088-037-10","Jordan","Jordan 1 Retro High OG Stealth","Jordan 1 Retro High OG Stealth<br><br>SKU: 555088-037<br>Colorway: Stealth/White<br>Released: 08/30/2022<br>new<br><br><br><ul>
<li>100% Authentic</li>
<li>In Stock &amp; Ready to Ship</li>
</ul>All items are shipped out quickly with safe packaging.<br>Check our reviews to see the accuracy of our conditions, speed of shipping and quality of service.<br>Send a DM to request any photos - If you have any questions please reach out!<br>","","sneakers","","10M / 11.5W","","","","","KCP","555088-037-10","KCP-214","10","11.5","Brand New","","Jordan 1 Retro High OG Stealth","Jordan 1 Retro High OG Stealth<br><br>SKU: 555088-037<br>Colorway: Stealth/White<br>Released: 08/30/2022<br>new<br><br><br><ul>
<li>100% Authentic</li>
<li>In Stock &amp; Ready to Ship</li>
</ul>All items are shipped out quickly with safe packaging.<br>Check our reviews to see the accuracy of our conditions, speed of shipping and quality of service.<br>Send a DM to request any photos - If you have any questions please reach out!<br>","Jordan 1 Retro High OG Stealth","Brand New","Sneakers","gid://shopify/TaxonomyCategory/aa-sneakers","","false"
"jordan-1-retro-high-og-stealth","555088-037-10.5","Jordan","Jordan 1 Retro High OG Stealth","Jordan 1 Retro High OG Stealth<br><br>SKU: 555088-037<br>Colorway: Stealth/White<br>Released: 08/30/2022<br>new<br><br><br><ul>
<li>100% Authentic</li>
<li>In Stock &amp; Ready to Ship</li>
</ul>All items are shipped out quickly with safe packaging.<br>Check our reviews to see the accuracy of our conditions, speed of shipping and quality of service.<br>Send a DM to request any photos - If you have any questions please reach out!<br>","","sneakers","","10.5M / 12W","","","","","KCP","555088-037-10.5","KCP-215","10.5","12","Brand New","","Jordan 1 Retro High OG Stealth","Jordan 1 Retro High OG Stealth<br><br>SKU: 555088-037<br>Colorway: Stealth/White<br>Released: 08/30/2022<br>new<br><br><br><ul>
<li>100% Authentic</li>
<li>In Stock &amp; Ready to Ship</li>
</ul>All items are shipped out quickly with safe packaging.<br>Check our reviews to see the accuracy of our conditions, speed of shipping and quality of service.<br>Send a DM to request any photos - If you have any questions please reach out!<br>","Jordan 1 Retro High OG Stealth","Brand New","Sneakers","gid://shopify/TaxonomyCategory/aa-sneakers","","false"
"jordan-1-retro-high-og-stealth","555088-037-11","Jordan","Jordan 1 Retro High OG Stealth","Jordan 1 Retro High OG Stealth<br><br>SKU: 555088-037<br>Colorway: Stealth/White<br>Released: 08/30/2022<br>new<br><br><br><ul>
<li>100% Authentic</li>
<li>In Stock &amp; Ready to Ship</li>
</ul>All items are shipped out quickly with safe packaging.<br>Check our reviews to see the accuracy of our conditions, speed of shipping and quality of service.<br>Send a DM to request any photos - If you have any questions please reach out!<br>","","sneakers","","11M / 12.5W","","","","","KCP","555088-037-11","KCP-216","11","12.5","Brand New","","Jordan 1 Retro High OG Stealth","Jordan 1 Retro High OG Stealth<br><br>SKU: 555088-037<br>Colorway: Stealth/White<br>Released: 08/30/2022<br>new<br><br><br><ul>
<li>100% Authentic</li>
<li>In Stock &amp; Ready to Ship</li>
</ul>All items are shipped out quickly with safe packaging.<br>Check our reviews to see the accuracy of our conditions, speed of shipping and quality of service.<br>Send a DM to request any photos - If you have any questions please reach out!<br>","Jordan 1 Retro High OG Stealth","Brand New","Sneakers","gid://shopify/TaxonomyCategory/aa-sneakers","","false"
"jordan-1-retro-high-og-stealth","555088-037-11.5","Jordan","Jordan 1 Retro High OG Stealth","Jordan 1 Retro High OG Stealth<br><br>SKU: 555088-037<br>Colorway: Stealth/White<br>Released: 08/30/2022<br>new<br><br><br><ul>
<li>100% Authentic</li>
<li>In Stock &amp; Ready to Ship</li>
</ul>All items are shipped out quickly with safe packaging.<br>Check our reviews to see the accuracy of our conditions, speed of shipping and quality of service.<br>Send a DM to request any photos - If you have any questions please reach out!<br>","","sneakers","","11.5M / 13W","","","","","KCP","555088-037-11.5","KCP-217","11.5","13","Brand New","","Jordan 1 Retro High OG Stealth","Jordan 1 Retro High OG Stealth<br><br>SKU: 555088-037<br>Colorway: Stealth/White<br>Released: 08/30/2022<br>new<br><br><br><ul>
<li>100% Authentic</li>
<li>In Stock &amp; Ready to Ship</li>
</ul>All items are shipped out quickly with safe packaging.<br>Check our reviews to see the accuracy of our conditions, speed of shipping and quality of service.<br>Send a DM to request any photos - If you have any questions please reach out!<br>","Jordan 1 Retro High OG Stealth","Brand New","Sneakers","gid://shopify/TaxonomyCategory/aa-sneakers","","false"
"jordan-1-retro-high-og-stealth","555088-037-12","Jordan","Jordan 1 Retro High OG Stealth","Jordan 1 Retro High OG Stealth<br><br>SKU: 555088-037<br>Colorway: Stealth/White<br>Released: 08/30/2022<br>new<br><br><br><ul>
<li>100% Authentic</li>
<li>In Stock &amp; Ready to Ship</li>
</ul>All items are shipped out quickly with safe packaging.<br>Check our reviews to see the accuracy of our conditions, speed of shipping and quality of service.<br>Send a DM to request any photos - If you have any questions please reach out!<br>","","sneakers","","12M / 13.5W","","","","","KCP","555088-037-12","KCP-218","12","13.5","Brand New","","Jordan 1 Retro High OG Stealth","Jordan 1 Retro High OG Stealth<br><br>SKU: 555088-037<br>Colorway: Stealth/White<br>Released: 08/30/2022<br>new<br><br><br><ul>
<li>100% Authentic</li>
<li>In Stock &amp; Ready to Ship</li>
</ul>All items are shipped out quickly with safe packaging.<br>Check our reviews to see the accuracy of our conditions, speed of shipping and quality of service.<br>Send a DM to request any photos - If you have any questions please reach out!<br>","Jordan 1 Retro High OG Stealth","Brand New","Sneakers","gid://shopify/TaxonomyCategory/aa-sneakers","","false"
"jordan-1-retro-high-og-stealth","555088-037-12.5","Jordan","Jordan 1 Retro High OG Stealth","Jordan 1 Retro High OG Stealth<br><br>SKU: 555088-037<br>Colorway: Stealth/White<br>Released: 08/30/2022<br>new<br><br><br><ul>
<li>100% Authentic</li>
<li>In Stock &amp; Ready to Ship</li>
</ul>All items are shipped out quickly with safe packaging.<br>Check our reviews to see the accuracy of our conditions, speed of shipping and quality of service.<br>Send a DM to request any photos - If you have any questions please reach out!<br>","","sneakers","","12.5M / 14W","","","","","KCP","555088-037-12.5","KCP-219","12.5","14","Brand New","","Jordan 1 Retro High OG Stealth","Jordan 1 Retro High OG Stealth<br><br>SKU: 555088-037<br>Colorway: Stealth/White<br>Released: 08/30/2022<br>new<br><br><br><ul>
<li>100% Authentic</li>
<li>In Stock &amp; Ready to Ship</li>
</ul>All items are shipped out quickly with safe packaging.<br>Check our reviews to see the accuracy of our conditions, speed of shipping and quality of service.<br>Send a DM to request any photos - If you have any questions please reach out!<br>","Jordan 1 Retro High OG Stealth","Brand New","Sneakers","gid://shopify/TaxonomyCategory/aa-sneakers","","false"
"jordan-1-retro-high-og-stealth","555088-037-13","Jordan","Jordan 1 Retro High OG Stealth","Jordan 1 Retro High OG Stealth<br><br>SKU: 555088-037<br>Colorway: Stealth/White<br>Released: 08/30/2022<br>new<br><br><br><ul>
<li>100% Authentic</li>
<li>In Stock &amp; Ready to Ship</li>
</ul>All items are shipped out quickly with safe packaging.<br>Check our reviews to see the accuracy of our conditions, speed of shipping and quality of service.<br>Send a DM to request any photos - If you have any questions please reach out!<br>","","sneakers","","13M / 14.5W","","","","","KCP","555088-037-13","KCP-220","13","14.5","Brand New","","Jordan 1 Retro High OG Stealth","Jordan 1 Retro High OG Stealth<br><br>SKU: 555088-037<br>Colorway: Stealth/White<br>Released: 08/30/2022<br>new<br><br><br><ul>
<li>100% Authentic</li>
<li>In Stock &amp; Ready to Ship</li>
</ul>All items are shipped out quickly with safe packaging.<br>Check our reviews to see the accuracy of our conditions, speed of shipping and quality of service.<br>Send a DM to request any photos - If you have any questions please reach out!<br>","Jordan 1 Retro High OG Stealth","Brand New","Sneakers","gid://shopify/TaxonomyCategory/aa-sneakers","","false"
"jordan-1-retro-high-og-stealth","555088-037-14","Jordan","Jordan 1 Retro High OG Stealth","Jordan 1 Retro High OG Stealth<br><br>SKU: 555088-037<br>Colorway: Stealth/White<br>Released: 08/30/2022<br>new<br><br><br><ul>
<li>100% Authentic</li>
<li>In Stock &amp; Ready to Ship</li>
</ul>All items are shipped out quickly with safe packaging.<br>Check our reviews to see the accuracy of our conditions, speed of shipping and quality of service.<br>Send a DM to request any photos - If you have any questions please reach out!<br>","","sneakers","","14M / 15.5W","","","","","KCP","555088-037-14","KCP-221","14","15.5","Brand New","","Jordan 1 Retro High OG Stealth","Jordan 1 Retro High OG Stealth<br><br>SKU: 555088-037<br>Colorway: Stealth/White<br>Released: 08/30/2022<br>new<br><br><br><ul>
<li>100% Authentic</li>
<li>In Stock &amp; Ready to Ship</li>
</ul>All items are shipped out quickly with safe packaging.<br>Check our reviews to see the accuracy of our conditions, speed of shipping and quality of service.<br>Send a DM to request any photos - If you have any questions please reach out!<br>","Jordan 1 Retro High OG Stealth","Brand New","Sneakers","gid://shopify/TaxonomyCategory/aa-sneakers","","false"
"jordan-1-retro-high-og-stealth","555088-037-15","Jordan","Jordan 1 Retro High OG Stealth","Jordan 1 Retro High OG Stealth<br><br>SKU: 555088-037<br>Colorway: Stealth/White<br>Released: 08/30/2022<br>new<br><br><br><ul>
<li>100% Authentic</li>
<li>In Stock &amp; Ready to Ship</li>
</ul>All items are shipped out quickly with safe packaging.<br>Check our reviews to see the accuracy of our conditions, speed of shipping and quality of service.<br>Send a DM to request any photos - If you have any questions please reach out!<br>","","sneakers","","15M / 16.5W","","","","","KCP","555088-037-15","KCP-222","15","16.5","Brand New","","Jordan 1 Retro High OG Stealth","Jordan 1 Retro High OG Stealth<br><br>SKU: 555088-037<br>Colorway: Stealth/White<br>Released: 08/30/2022<br>new<br><br><br><ul>
<li>100% Authentic</li>
<li>In Stock &amp; Ready to Ship</li>
</ul>All items are shipped out quickly with safe packaging.<br>Check our reviews to see the accuracy of our conditions, speed of shipping and quality of service.<br>Send a DM to request any photos - If you have any questions please reach out!<br>","Jordan 1 Retro High OG Stealth","Brand New","Sneakers","gid://shopify/TaxonomyCategory/aa-sneakers","","false"
"jordan-1-retro-high-og-stealth","555088-037-16","Jordan","Jordan 1 Retro High OG Stealth","Jordan 1 Retro High OG Stealth<br><br>SKU: 555088-037<br>Colorway: Stealth/White<br>Released: 08/30/2022<br>new<br><br><br><ul>
<li>100% Authentic</li>
<li>In Stock &amp; Ready to Ship</li>
</ul>All items are shipped out quickly with safe packaging.<br>Check our reviews to see the accuracy of our conditions, speed of shipping and quality of service.<br>Send a DM to request any photos - If you have any questions please reach out!<br>","","sneakers","","16M / 17.5W","","","","","KCP","555088-037-16","KCP-223","16","17.5","Brand New","","Jordan 1 Retro High OG Stealth","Jordan 1 Retro High OG Stealth<br><br>SKU: 555088-037<br>Colorway: Stealth/White<br>Released: 08/30/2022<br>new<br><br><br><ul>
<li>100% Authentic</li>
<li>In Stock &amp; Ready to Ship</li>
</ul>All items are shipped out quickly with safe packaging.<br>Check our reviews to see the accuracy of our conditions, speed of shipping and quality of service.<br>Send a DM to request any photos - If you have any questions please reach out!<br>","Jordan 1 Retro High OG Stealth","Brand New","Sneakers","gid://shopify/TaxonomyCategory/aa-sneakers","","false"
"jordan-1-retro-high-og-stealth","555088-037-17","Jordan","Jordan 1 Retro High OG Stealth","Jordan 1 Retro High OG Stealth<br><br>SKU: 555088-037<br>Colorway: Stealth/White<br>Released: 08/30/2022<br>new<br><br><br><ul>
<li>100% Authentic</li>
<li>In Stock &amp; Ready to Ship</li>
</ul>All items are shipped out quickly with safe packaging.<br>Check our reviews to see the accuracy of our conditions, speed of shipping and quality of service.<br>Send a DM to request any photos - If you have any questions please reach out!<br>","","sneakers","","17M / 18.5W","","","","","KCP","555088-037-17","KCP-224","17","18.5","Brand New","","Jordan 1 Retro High OG Stealth","Jordan 1 Retro High OG Stealth<br><br>SKU: 555088-037<br>Colorway: Stealth/White<br>Released: 08/30/2022<br>new<br><br><br><ul>
<li>100% Authentic</li>
<li>In Stock &amp; Ready to Ship</li>
</ul>All items are shipped out quickly with safe packaging.<br>Check our reviews to see the accuracy of our conditions, speed of shipping and quality of service.<br>Send a DM to request any photos - If you have any questions please reach out!<br>","Jordan 1 Retro High OG Stealth","Brand New","Sneakers","gid://shopify/TaxonomyCategory/aa-sneakers","","false"
"jordan-1-retro-high-og-stealth","555088-037-18","Jordan","Jordan 1 Retro High OG Stealth","Jordan 1 Retro High OG Stealth<br><br>SKU: 555088-037<br>Colorway: Stealth/White<br>Released: 08/30/2022<br>new<br><br><br><ul>
<li>100% Authentic</li>
<li>In Stock &amp; Ready to Ship</li>
</ul>All items are shipped out quickly with safe packaging.<br>Check our reviews to see the accuracy of our conditions, speed of shipping and quality of service.<br>Send a DM to request any photos - If you have any questions please reach out!<br>","","sneakers","","18M / 19.5W","","","","","KCP","555088-037-18","KCP-225","18","19.5","Brand New","","Jordan 1 Retro High OG Stealth","Jordan 1 Retro High OG Stealth<br><br>SKU: 555088-037<br>Colorway: Stealth/White<br>Released: 08/30/2022<br>new<br><br><br><ul>
<li>100% Authentic</li>
<li>In Stock &amp; Ready to Ship</li>
</ul>All items are shipped out quickly with safe packaging.<br>Check our reviews to see the accuracy of our conditions, speed of shipping and quality of service.<br>Send a DM to request any photos - If you have any questions please reach out!<br>","Jordan 1 Retro High OG Stealth","Brand New","Sneakers","gid://shopify/TaxonomyCategory/aa-sneakers","","false"
"nike-field-general-union-la-shimmer","FQ9003-200-3.5","Nike","Nike Field General Union LA Shimmer","Nike Field General Union LA Shimmer<br><br>SKU: FQ9003-200<br>Colorway: Shimmer/Silt Red-Particle Beige-Dynamic Pink<br>Released: 06/27/2024<br>new<br><br><br><ul>
<li>100% Authentic</li>
<li>In Stock &amp; Ready to Ship</li>
</ul>All items are shipped out quickly with safe packaging.<br>Check our reviews to see the accuracy of our conditions, speed of shipping and quality of service.<br>Send a DM to request any photos - If you have any questions please reach out!<br>","","sneakers","Size","3.5Y / 5W","","","","","KCP","FQ9003-200-3.5","KCP-226","3.5","5","Brand New","","Nike Field General Union LA Shimmer","Nike Field General Union LA Shimmer<br><br>SKU: FQ9003-200<br>Colorway: Shimmer/Silt Red-Particle Beige-Dynamic Pink<br>Released: 06/27/2024<br>new<br><br><br><ul>
<li>100% Authentic</li>
<li>In Stock &amp; Ready to Ship</li>
</ul>All items are shipped out quickly with safe packaging.<br>Check our reviews to see the accuracy of our conditions, speed of shipping and quality of service.<br>Send a DM to request any photos - If you have any questions please reach out!<br>","Nike Field General Union LA Shimmer","Brand New","Sneakers","gid://shopify/TaxonomyCategory/aa-sneakers","","false"
"nike-field-general-union-la-shimmer","FQ9003-200-4","Nike","Nike Field General Union LA Shimmer","Nike Field General Union LA Shimmer<br><br>SKU: FQ9003-200<br>Colorway: Shimmer/Silt Red-Particle Beige-Dynamic Pink<br>Released: 06/27/2024<br>new<br><br><br><ul>
<li>100% Authentic</li>
<li>In Stock &amp; Ready to Ship</li>
</ul>All items are shipped out quickly with safe packaging.<br>Check our reviews to see the accuracy of our conditions, speed of shipping and quality of service.<br>Send a DM to request any photos - If you have any questions please reach out!<br>","","sneakers","","4Y / 5.5W","","","","","KCP","FQ9003-200-4","KCP-227","4","5.5","Brand New","","Nike Field General Union LA Shimmer","Nike Field General Union LA Shimmer<br><br>SKU: FQ9003-200<br>Colorway: Shimmer/Silt Red-Particle Beige-Dynamic Pink<br>Released: 06/27/2024<br>new<br><br><br><ul>
<li>100% Authentic</li>
<li>In Stock &amp; Ready to Ship</li>
</ul>All items are shipped out quickly with safe packaging.<br>Check our reviews to see the accuracy of our conditions, speed of shipping and quality of service.<br>Send a DM to request any photos - If you have any questions please reach out!<br>","Nike Field General Union LA Shimmer","Brand New","Sneakers","gid://shopify/TaxonomyCategory/aa-sneakers","","false"
"nike-field-general-union-la-shimmer","FQ9003-200-4.5","Nike","Nike Field General Union LA Shimmer","Nike Field General Union LA Shimmer<br><br>SKU: FQ9003-200<br>Colorway: Shimmer/Silt Red-Particle Beige-Dynamic Pink<br>Released: 06/27/2024<br>new<br><br><br><ul>
<li>100% Authentic</li>
<li>In Stock &amp; Ready to Ship</li>
</ul>All items are shipped out quickly with safe packaging.<br>Check our reviews to see the accuracy of our conditions, speed of shipping and quality of service.<br>Send a DM to request any photos - If you have any questions please reach out!<br>","","sneakers","","4.5Y / 6W","","","","","KCP","FQ9003-200-4.5","KCP-228","4.5","6","Brand New","","Nike Field General Union LA Shimmer","Nike Field General Union LA Shimmer<br><br>SKU: FQ9003-200<br>Colorway: Shimmer/Silt Red-Particle Beige-Dynamic Pink<br>Released: 06/27/2024<br>new<br><br><br><ul>
<li>100% Authentic</li>
<li>In Stock &amp; Ready to Ship</li>
</ul>All items are shipped out quickly with safe packaging.<br>Check our reviews to see the accuracy of our conditions, speed of shipping and quality of service.<br>Send a DM to request any photos - If you have any questions please reach out!<br>","Nike Field General Union LA Shimmer","Brand New","Sneakers","gid://shopify/TaxonomyCategory/aa-sneakers","","false"
"nike-field-general-union-la-shimmer","FQ9003-200-5","Nike","Nike Field General Union LA Shimmer","Nike Field General Union LA Shimmer<br><br>SKU: FQ9003-200<br>Colorway: Shimmer/Silt Red-Particle Beige-Dynamic Pink<br>Released: 06/27/2024<br>new<br><br><br><ul>
<li>100% Authentic</li>
<li>In Stock &amp; Ready to Ship</li>
</ul>All items are shipped out quickly with safe packaging.<br>Check our reviews to see the accuracy of our conditions, speed of shipping and quality of service.<br>Send a DM to request any photos - If you have any questions please reach out!<br>","","sneakers","","5Y / 6.5W","","","","","KCP","FQ9003-200-5","KCP-229","5","6.5","Brand New","","Nike Field General Union LA Shimmer","Nike Field General Union LA Shimmer<br><br>SKU: FQ9003-200<br>Colorway: Shimmer/Silt Red-Particle Beige-Dynamic Pink<br>Released: 06/27/2024<br>new<br><br><br><ul>
<li>100% Authentic</li>
<li>In Stock &amp; Ready to Ship</li>
</ul>All items are shipped out quickly with safe packaging.<br>Check our reviews to see the accuracy of our conditions, speed of shipping and quality of service.<br>Send a DM to request any photos - If you have any questions please reach out!<br>","Nike Field General Union LA Shimmer","Brand New","Sneakers","gid://shopify/TaxonomyCategory/aa-sneakers","","false"
"nike-field-general-union-la-shimmer","FQ9003-200-5.5","Nike","Nike Field General Union LA Shimmer","Nike Field General Union LA Shimmer<br><br>SKU: FQ9003-200<br>Colorway: Shimmer/Silt Red-Particle Beige-Dynamic Pink<br>Released: 06/27/2024<br>new<br><br><br><ul>
<li>100% Authentic</li>
<li>In Stock &amp; Ready to Ship</li>
</ul>All items are shipped out quickly with safe packaging.<br>Check our reviews to see the accuracy of our conditions, speed of shipping and quality of service.<br>Send a DM to request any photos - If you have any questions please reach out!<br>","","sneakers","","5.5Y / 7W","","","","","KCP","FQ9003-200-5.5","KCP-230","5.5","7","Brand New","","Nike Field General Union LA Shimmer","Nike Field General Union LA Shimmer<br><br>SKU: FQ9003-200<br>Colorway: Shimmer/Silt Red-Particle Beige-Dynamic Pink<br>Released: 06/27/2024<br>new<br><br><br><ul>
<li>100% Authentic</li>
<li>In Stock &amp; Ready to Ship</li>
</ul>All items are shipped out quickly with safe packaging.<br>Check our reviews to see the accuracy of our conditions, speed of shipping and quality of service.<br>Send a DM to request any photos - If you have any questions please reach out!<br>","Nike Field General Union LA Shimmer","Brand New","Sneakers","gid://shopify/TaxonomyCategory/aa-sneakers","","false"
"nike-field-general-union-la-shimmer","FQ9003-200-6","Nike","Nike Field General Union LA Shimmer","Nike Field General Union LA Shimmer<br><br>SKU: FQ9003-200<br>Colorway: Shimmer/Silt Red-Particle Beige-Dynamic Pink<br>Released: 06/27/2024<br>new<br><br><br><ul>
<li>100% Authentic</li>
<li>In Stock &amp; Ready to Ship</li>
</ul>All items are shipped out quickly with safe packaging.<br>Check our reviews to see the accuracy of our conditions, speed of shipping and quality of service.<br>Send a DM to request any photos - If you have any questions please reach out!<br>","","sneakers","","6Y / 7.5W","","","","","KCP","FQ9003-200-6","KCP-231","6","7.5","Brand New","","Nike Field General Union LA Shimmer","Nike Field General Union LA Shimmer<br><br>SKU: FQ9003-200<br>Colorway: Shimmer/Silt Red-Particle Beige-Dynamic Pink<br>Released: 06/27/2024<br>new<br><br><br><ul>
<li>100% Authentic</li>
<li>In Stock &amp; Ready to Ship</li>
</ul>All items are shipped out quickly with safe packaging.<br>Check our reviews to see the accuracy of our conditions, speed of shipping and quality of service.<br>Send a DM to request any photos - If you have any questions please reach out!<br>","Nike Field General Union LA Shimmer","Brand New","Sneakers","gid://shopify/TaxonomyCategory/aa-sneakers","","false"
"nike-field-general-union-la-shimmer","FQ9003-200-6.5","Nike","Nike Field General Union LA Shimmer","Nike Field General Union LA Shimmer<br><br>SKU: FQ9003-200<br>Colorway: Shimmer/Silt Red-Particle Beige-Dynamic Pink<br>Released: 06/27/2024<br>new<br><br><br><ul>
<li>100% Authentic</li>
<li>In Stock &amp; Ready to Ship</li>
</ul>All items are shipped out quickly with safe packaging.<br>Check our reviews to see the accuracy of our conditions, speed of shipping and quality of service.<br>Send a DM to request any photos - If you have any questions please reach out!<br>","","sneakers","","6.5Y / 8W","","","","","KCP","FQ9003-200-6.5","KCP-232","6.5","8","Brand New","","Nike Field General Union LA Shimmer","Nike Field General Union LA Shimmer<br><br>SKU: FQ9003-200<br>Colorway: Shimmer/Silt Red-Particle Beige-Dynamic Pink<br>Released: 06/27/2024<br>new<br><br><br><ul>
<li>100% Authentic</li>
<li>In Stock &amp; Ready to Ship</li>
</ul>All items are shipped out quickly with safe packaging.<br>Check our reviews to see the accuracy of our conditions, speed of shipping and quality of service.<br>Send a DM to request any photos - If you have any questions please reach out!<br>","Nike Field General Union LA Shimmer","Brand New","Sneakers","gid://shopify/TaxonomyCategory/aa-sneakers","","false"
"nike-field-general-union-la-shimmer","FQ9003-200-7","Nike","Nike Field General Union LA Shimmer","Nike Field General Union LA Shimmer<br><br>SKU: FQ9003-200<br>Colorway: Shimmer/Silt Red-Particle Beige-Dynamic Pink<br>Released: 06/27/2024<br>new<br><br><br><ul>
<li>100% Authentic</li>
<li>In Stock &amp; Ready to Ship</li>
</ul>All items are shipped out quickly with safe packaging.<br>Check our reviews to see the accuracy of our conditions, speed of shipping and quality of service.<br>Send a DM to request any photos - If you have any questions please reach out!<br>","","sneakers","","7Y / 8.5W","","","","","KCP","FQ9003-200-7","KCP-233","7","8.5","Brand New","","Nike Field General Union LA Shimmer","Nike Field General Union LA Shimmer<br><br>SKU: FQ9003-200<br>Colorway: Shimmer/Silt Red-Particle Beige-Dynamic Pink<br>Released: 06/27/2024<br>new<br><br><br><ul>
<li>100% Authentic</li>
<li>In Stock &amp; Ready to Ship</li>
</ul>All items are shipped out quickly with safe packaging.<br>Check our reviews to see the accuracy of our conditions, speed of shipping and quality of service.<br>Send a DM to request any photos - If you have any questions please reach out!<br>","Nike Field General Union LA Shimmer","Brand New","Sneakers","gid://shopify/TaxonomyCategory/aa-sneakers","","false"
"nike-field-general-union-la-shimmer","FQ9003-200-7.5","Nike","Nike Field General Union LA Shimmer","Nike Field General Union LA Shimmer<br><br>SKU: FQ9003-200<br>Colorway: Shimmer/Silt Red-Particle Beige-Dynamic Pink<br>Released: 06/27/2024<br>new<br><br><br><ul>
<li>100% Authentic</li>
<li>In Stock &amp; Ready to Ship</li>
</ul>All items are shipped out quickly with safe packaging.<br>Check our reviews to see the accuracy of our conditions, speed of shipping and quality of service.<br>Send a DM to request any photos - If you have any questions please reach out!<br>","","sneakers","","7.5M / 9W","","","","","KCP","FQ9003-200-7.5","KCP-234","7.5","9","Brand New","","Nike Field General Union LA Shimmer","Nike Field General Union LA Shimmer<br><br>SKU: FQ9003-200<br>Colorway: Shimmer/Silt Red-Particle Beige-Dynamic Pink<br>Released: 06/27/2024<br>new<br><br><br><ul>
<li>100% Authentic</li>
<li>In Stock &amp; Ready to Ship</li>
</ul>All items are shipped out quickly with safe packaging.<br>Check our reviews to see the accuracy of our conditions, speed of shipping and quality of service.<br>Send a DM to request any photos - If you have any questions please reach out!<br>","Nike Field General Union LA Shimmer","Brand New","Sneakers","gid://shopify/TaxonomyCategory/aa-sneakers","","false"
"nike-field-general-union-la-shimmer","FQ9003-200-8","Nike","Nike Field General Union LA Shimmer","Nike Field General Union LA Shimmer<br><br>SKU: FQ9003-200<br>Colorway: Shimmer/Silt Red-Particle Beige-Dynamic Pink<br>Released: 06/27/2024<br>new<br><br><br><ul>
<li>100% Authentic</li>
<li>In Stock &amp; Ready to Ship</li>
</ul>All items are shipped out quickly with safe packaging.<br>Check our reviews to see the accuracy of our conditions, speed of shipping and quality of service.<br>Send a DM to request any photos - If you have any questions please reach out!<br>","","sneakers","","8M / 9.5W","","","","","KCP","FQ9003-200-8","KCP-235","8","9.5","Brand New","","Nike Field General Union LA Shimmer","Nike Field General Union LA Shimmer<br><br>SKU: FQ9003-200<br>Colorway: Shimmer/Silt Red-Particle Beige-Dynamic Pink<br>Released: 06/27/2024<br>new<br><br><br><ul>
<li>100% Authentic</li>
<li>In Stock &amp; Ready to Ship</li>
</ul>All items are shipped out quickly with safe packaging.<br>Check our reviews to see the accuracy of our conditions, speed of shipping and quality of service.<br>Send a DM to request any photos - If you have any questions please reach out!<br>","Nike Field General Union LA Shimmer","Brand New","Sneakers","gid://shopify/TaxonomyCategory/aa-sneakers","","false"
"nike-field-general-union-la-shimmer","FQ9003-200-8.5","Nike","Nike Field General Union LA Shimmer","Nike Field General Union LA Shimmer<br><br>SKU: FQ9003-200<br>Colorway: Shimmer/Silt Red-Particle Beige-Dynamic Pink<br>Released: 06/27/2024<br>new<br><br><br><ul>
<li>100% Authentic</li>
<li>In Stock &amp; Ready to Ship</li>
</ul>All items are shipped out quickly with safe packaging.<br>Check our reviews to see the accuracy of our conditions, speed of shipping and quality of service.<br>Send a DM to request any photos - If you have any questions please reach out!<br>","","sneakers","","8.5M / 10W","","","","","KCP","FQ9003-200-8.5","KCP-236","8.5","10","Brand New","","Nike Field General Union LA Shimmer","Nike Field General Union LA Shimmer<br><br>SKU: FQ9003-200<br>Colorway: Shimmer/Silt Red-Particle Beige-Dynamic Pink<br>Released: 06/27/2024<br>new<br><br><br><ul>
<li>100% Authentic</li>
<li>In Stock &amp; Ready to Ship</li>
</ul>All items are shipped out quickly with safe packaging.<br>Check our reviews to see the accuracy of our conditions, speed of shipping and quality of service.<br>Send a DM to request any photos - If you have any questions please reach out!<br>","Nike Field General Union LA Shimmer","Brand New","Sneakers","gid://shopify/TaxonomyCategory/aa-sneakers","","false"
"nike-field-general-union-la-shimmer","FQ9003-200-9","Nike","Nike Field General Union LA Shimmer","Nike Field General Union LA Shimmer<br><br>SKU: FQ9003-200<br>Colorway: Shimmer/Silt Red-Particle Beige-Dynamic Pink<br>Released: 06/27/2024<br>new<br><br><br><ul>
<li>100% Authentic</li>
<li>In Stock &amp; Ready to Ship</li>
</ul>All items are shipped out quickly with safe packaging.<br>Check our reviews to see the accuracy of our conditions, speed of shipping and quality of service.<br>Send a DM to request any photos - If you have any questions please reach out!<br>","","sneakers","","9M / 10.5W","","","","","KCP","FQ9003-200-9","KCP-237","9","10.5","Brand New","","Nike Field General Union LA Shimmer","Nike Field General Union LA Shimmer<br><br>SKU: FQ9003-200<br>Colorway: Shimmer/Silt Red-Particle Beige-Dynamic Pink<br>Released: 06/27/2024<br>new<br><br><br><ul>
<li>100% Authentic</li>
<li>In Stock &amp; Ready to Ship</li>
</ul>All items are shipped out quickly with safe packaging.<br>Check our reviews to see the accuracy of our conditions, speed of shipping and quality of service.<br>Send a DM to request any photos - If you have any questions please reach out!<br>","Nike Field General Union LA Shimmer","Brand New","Sneakers","gid://shopify/TaxonomyCategory/aa-sneakers","","false"
"nike-field-general-union-la-shimmer","FQ9003-200-9.5","Nike","Nike Field General Union LA Shimmer","Nike Field General Union LA Shimmer<br><br>SKU: FQ9003-200<br>Colorway: Shimmer/Silt Red-Particle Beige-Dynamic Pink<br>Released: 06/27/2024<br>new<br><br><br><ul>
<li>100% Authentic</li>
<li>In Stock &amp; Ready to Ship</li>
</ul>All items are shipped out quickly with safe packaging.<br>Check our reviews to see the accuracy of our conditions, speed of shipping and quality of service.<br>Send a DM to request any photos - If you have any questions please reach out!<br>","","sneakers","","9.5M / 11W","","","","","KCP","FQ9003-200-9.5","KCP-238","9.5","11","Brand New","","Nike Field General Union LA Shimmer","Nike Field General Union LA Shimmer<br><br>SKU: FQ9003-200<br>Colorway: Shimmer/Silt Red-Particle Beige-Dynamic Pink<br>Released: 06/27/2024<br>new<br><br><br><ul>
<li>100% Authentic</li>
<li>In Stock &amp; Ready to Ship</li>
</ul>All items are shipped out quickly with safe packaging.<br>Check our reviews to see the accuracy of our conditions, speed of shipping and quality of service.<br>Send a DM to request any photos - If you have any questions please reach out!<br>","Nike Field General Union LA Shimmer","Brand New","Sneakers","gid://shopify/TaxonomyCategory/aa-sneakers","","false"
"nike-field-general-union-la-shimmer","FQ9003-200-10","Nike","Nike Field General Union LA Shimmer","Nike Field General Union LA Shimmer<br><br>SKU: FQ9003-200<br>Colorway: Shimmer/Silt Red-Particle Beige-Dynamic Pink<br>Released: 06/27/2024<br>new<br><br><br><ul>
<li>100% Authentic</li>
<li>In Stock &amp; Ready to Ship</li>
</ul>All items are shipped out quickly with safe packaging.<br>Check our reviews to see the accuracy of our conditions, speed of shipping and quality of service.<br>Send a DM to request any photos - If you have any questions please reach out!<br>","","sneakers","","10M / 11.5W","","","","","KCP","FQ9003-200-10","KCP-239","10","11.5","Brand New","","Nike Field General Union LA Shimmer","Nike Field General Union LA Shimmer<br><br>SKU: FQ9003-200<br>Colorway: Shimmer/Silt Red-Particle Beige-Dynamic Pink<br>Released: 06/27/2024<br>new<br><br><br><ul>
<li>100% Authentic</li>
<li>In Stock &amp; Ready to Ship</li>
</ul>All items are shipped out quickly with safe packaging.<br>Check our reviews to see the accuracy of our conditions, speed of shipping and quality of service.<br>Send a DM to request any photos - If you have any questions please reach out!<br>","Nike Field General Union LA Shimmer","Brand New","Sneakers","gid://shopify/TaxonomyCategory/aa-sneakers","","false"
"nike-field-general-union-la-shimmer","FQ9003-200-10.5","Nike","Nike Field General Union LA Shimmer","Nike Field General Union LA Shimmer<br><br>SKU: FQ9003-200<br>Colorway: Shimmer/Silt Red-Particle Beige-Dynamic Pink<br>Released: 06/27/2024<br>new<br><br><br><ul>
<li>100% Authentic</li>
<li>In Stock &amp; Ready to Ship</li>
</ul>All items are shipped out quickly with safe packaging.<br>Check our reviews to see the accuracy of our conditions, speed of shipping and quality of service.<br>Send a DM to request any photos - If you have any questions please reach out!<br>","","sneakers","","10.5M / 12W","","","","","KCP","FQ9003-200-10.5","KCP-240","10.5","12","Brand New","","Nike Field General Union LA Shimmer","Nike Field General Union LA Shimmer<br><br>SKU: FQ9003-200<br>Colorway: Shimmer/Silt Red-Particle Beige-Dynamic Pink<br>Released: 06/27/2024<br>new<br><br><br><ul>
<li>100% Authentic</li>
<li>In Stock &amp; Ready to Ship</li>
</ul>All items are shipped out quickly with safe packaging.<br>Check our reviews to see the accuracy of our conditions, speed of shipping and quality of service.<br>Send a DM to request any photos - If you have any questions please reach out!<br>","Nike Field General Union LA Shimmer","Brand New","Sneakers","gid://shopify/TaxonomyCategory/aa-sneakers","","false"
"nike-field-general-union-la-shimmer","FQ9003-200-11","Nike","Nike Field General Union LA Shimmer","Nike Field General Union LA Shimmer<br><br>SKU: FQ9003-200<br>Colorway: Shimmer/Silt Red-Particle Beige-Dynamic Pink<br>Released: 06/27/2024<br>new<br><br><br><ul>
<li>100% Authentic</li>
<li>In Stock &amp; Ready to Ship</li>
</ul>All items are shipped out quickly with safe packaging.<br>Check our reviews to see the accuracy of our conditions, speed of shipping and quality of service.<br>Send a DM to request any photos - If you have any questions please reach out!<br>","","sneakers","","11M / 12.5W","","","","","KCP","FQ9003-200-11","KCP-241","11","12.5","Brand New","","Nike Field General Union LA Shimmer","Nike Field General Union LA Shimmer<br><br>SKU: FQ9003-200<br>Colorway: Shimmer/Silt Red-Particle Beige-Dynamic Pink<br>Released: 06/27/2024<br>new<br><br><br><ul>
<li>100% Authentic</li>
<li>In Stock &amp; Ready to Ship</li>
</ul>All items are shipped out quickly with safe packaging.<br>Check our reviews to see the accuracy of our conditions, speed of shipping and quality of service.<br>Send a DM to request any photos - If you have any questions please reach out!<br>","Nike Field General Union LA Shimmer","Brand New","Sneakers","gid://shopify/TaxonomyCategory/aa-sneakers","","false"
"nike-field-general-union-la-shimmer","FQ9003-200-11.5","Nike","Nike Field General Union LA Shimmer","Nike Field General Union LA Shimmer<br><br>SKU: FQ9003-200<br>Colorway: Shimmer/Silt Red-Particle Beige-Dynamic Pink<br>Released: 06/27/2024<br>new<br><br><br><ul>
<li>100% Authentic</li>
<li>In Stock &amp; Ready to Ship</li>
</ul>All items are shipped out quickly with safe packaging.<br>Check our reviews to see the accuracy of our conditions, speed of shipping and quality of service.<br>Send a DM to request any photos - If you have any questions please reach out!<br>","","sneakers","","11.5M / 13W","","","","","KCP","FQ9003-200-11.5","KCP-242","11.5","13","Brand New","","Nike Field General Union LA Shimmer","Nike Field General Union LA Shimmer<br><br>SKU: FQ9003-200<br>Colorway: Shimmer/Silt Red-Particle Beige-Dynamic Pink<br>Released: 06/27/2024<br>new<br><br><br><ul>
<li>100% Authentic</li>
<li>In Stock &amp; Ready to Ship</li>
</ul>All items are shipped out quickly with safe packaging.<br>Check our reviews to see the accuracy of our conditions, speed of shipping and quality of service.<br>Send a DM to request any photos - If you have any questions please reach out!<br>","Nike Field General Union LA Shimmer","Brand New","Sneakers","gid://shopify/TaxonomyCategory/aa-sneakers","","false"
"nike-field-general-union-la-shimmer","FQ9003-200-12","Nike","Nike Field General Union LA Shimmer","Nike Field General Union LA Shimmer<br><br>SKU: FQ9003-200<br>Colorway: Shimmer/Silt Red-Particle Beige-Dynamic Pink<br>Released: 06/27/2024<br>new<br><br><br><ul>
<li>100% Authentic</li>
<li>In Stock &amp; Ready to Ship</li>
</ul>All items are shipped out quickly with safe packaging.<br>Check our reviews to see the accuracy of our conditions, speed of shipping and quality of service.<br>Send a DM to request any photos - If you have any questions please reach out!<br>","","sneakers","","12M / 13.5W","","","","","KCP","FQ9003-200-12","KCP-243","12","13.5","Brand New","","Nike Field General Union LA Shimmer","Nike Field General Union LA Shimmer<br><br>SKU: FQ9003-200<br>Colorway: Shimmer/Silt Red-Particle Beige-Dynamic Pink<br>Released: 06/27/2024<br>new<br><br><br><ul>
<li>100% Authentic</li>
<li>In Stock &amp; Ready to Ship</li>
</ul>All items are shipped out quickly with safe packaging.<br>Check our reviews to see the accuracy of our conditions, speed of shipping and quality of service.<br>Send a DM to request any photos - If you have any questions please reach out!<br>","Nike Field General Union LA Shimmer","Brand New","Sneakers","gid://shopify/TaxonomyCategory/aa-sneakers","","false"
"nike-field-general-union-la-shimmer","FQ9003-200-12.5","Nike","Nike Field General Union LA Shimmer","Nike Field General Union LA Shimmer<br><br>SKU: FQ9003-200<br>Colorway: Shimmer/Silt Red-Particle Beige-Dynamic Pink<br>Released: 06/27/2024<br>new<br><br><br><ul>
<li>100% Authentic</li>
<li>In Stock &amp; Ready to Ship</li>
</ul>All items are shipped out quickly with safe packaging.<br>Check our reviews to see the accuracy of our conditions, speed of shipping and quality of service.<br>Send a DM to request any photos - If you have any questions please reach out!<br>","","sneakers","","12.5M / 14W","","","","","KCP","FQ9003-200-12.5","KCP-244","12.5","14","Brand New","","Nike Field General Union LA Shimmer","Nike Field General Union LA Shimmer<br><br>SKU: FQ9003-200<br>Colorway: Shimmer/Silt Red-Particle Beige-Dynamic Pink<br>Released: 06/27/2024<br>new<br><br><br><ul>
<li>100% Authentic</li>
<li>In Stock &amp; Ready to Ship</li>
</ul>All items are shipped out quickly with safe packaging.<br>Check our reviews to see the accuracy of our conditions, speed of shipping and quality of service.<br>Send a DM to request any photos - If you have any questions please reach out!<br>","Nike Field General Union LA Shimmer","Brand New","Sneakers","gid://shopify/TaxonomyCategory/aa-sneakers","","false"
"nike-field-general-union-la-shimmer","FQ9003-200-13","Nike","Nike Field General Union LA Shimmer","Nike Field General Union LA Shimmer<br><br>SKU: FQ9003-200<br>Colorway: Shimmer/Silt Red-Particle Beige-Dynamic Pink<br>Released: 06/27/2024<br>new<br><br><br><ul>
<li>100% Authentic</li>
<li>In Stock &amp; Ready to Ship</li>
</ul>All items are shipped out quickly with safe packaging.<br>Check our reviews to see the accuracy of our conditions, speed of shipping and quality of service.<br>Send a DM to request any photos - If you have any questions please reach out!<br>","","sneakers","","13M / 14.5W","","","","","KCP","FQ9003-200-13","KCP-245","13","14.5","Brand New","","Nike Field General Union LA Shimmer","Nike Field General Union LA Shimmer<br><br>SKU: FQ9003-200<br>Colorway: Shimmer/Silt Red-Particle Beige-Dynamic Pink<br>Released: 06/27/2024<br>new<br><br><br><ul>
<li>100% Authentic</li>
<li>In Stock &amp; Ready to Ship</li>
</ul>All items are shipped out quickly with safe packaging.<br>Check our reviews to see the accuracy of our conditions, speed of shipping and quality of service.<br>Send a DM to request any photos - If you have any questions please reach out!<br>","Nike Field General Union LA Shimmer","Brand New","Sneakers","gid://shopify/TaxonomyCategory/aa-sneakers","","false"
"nike-field-general-union-la-shimmer","FQ9003-200-14","Nike","Nike Field General Union LA Shimmer","Nike Field General Union LA Shimmer<br><br>SKU: FQ9003-200<br>Colorway: Shimmer/Silt Red-Particle Beige-Dynamic Pink<br>Released: 06/27/2024<br>new<br><br><br><ul>
<li>100% Authentic</li>
<li>In Stock &amp; Ready to Ship</li>
</ul>All items are shipped out quickly with safe packaging.<br>Check our reviews to see the accuracy of our conditions, speed of shipping and quality of service.<br>Send a DM to request any photos - If you have any questions please reach out!<br>","","sneakers","","14M / 15.5W","","","","","KCP","FQ9003-200-14","KCP-246","14","15.5","Brand New","","Nike Field General Union LA Shimmer","Nike Field General Union LA Shimmer<br><br>SKU: FQ9003-200<br>Colorway: Shimmer/Silt Red-Particle Beige-Dynamic Pink<br>Released: 06/27/2024<br>new<br><br><br><ul>
<li>100% Authentic</li>
<li>In Stock &amp; Ready to Ship</li>
</ul>All items are shipped out quickly with safe packaging.<br>Check our reviews to see the accuracy of our conditions, speed of shipping and quality of service.<br>Send a DM to request any photos - If you have any questions please reach out!<br>","Nike Field General Union LA Shimmer","Brand New","Sneakers","gid://shopify/TaxonomyCategory/aa-sneakers","","false"
"nike-field-general-union-la-shimmer","FQ9003-200-15","Nike","Nike Field General Union LA Shimmer","Nike Field General Union LA Shimmer<br><br>SKU: FQ9003-200<br>Colorway: Shimmer/Silt Red-Particle Beige-Dynamic Pink<br>Released: 06/27/2024<br>new<br><br><br><ul>
<li>100% Authentic</li>
<li>In Stock &amp; Ready to Ship</li>
</ul>All items are shipped out quickly with safe packaging.<br>Check our reviews to see the accuracy of our conditions, speed of shipping and quality of service.<br>Send a DM to request any photos - If you have any questions please reach out!<br>","","sneakers","","15M / 16.5W","","","","","KCP","FQ9003-200-15","KCP-247","15","16.5","Brand New","","Nike Field General Union LA Shimmer","Nike Field General Union LA Shimmer<br><br>SKU: FQ9003-200<br>Colorway: Shimmer/Silt Red-Particle Beige-Dynamic Pink<br>Released: 06/27/2024<br>new<br><br><br><ul>
<li>100% Authentic</li>
<li>In Stock &amp; Ready to Ship</li>
</ul>All items are shipped out quickly with safe packaging.<br>Check our reviews to see the accuracy of our conditions, speed of shipping and quality of service.<br>Send a DM to request any photos - If you have any questions please reach out!<br>","Nike Field General Union LA Shimmer","Brand New","Sneakers","gid://shopify/TaxonomyCategory/aa-sneakers","","false"
"preowned-555088-030-10-5-po-7","555088-030-10.5-PO-7","Jordan","Jordan 1 Retro High Pine Green Black 10.5 (Pre-Owned)","<p><strong>Condition:</strong> Moderately Worn</p>
<p><strong>SKU:</strong> 555088-030</p>","","Pre-Owned Sneakers","Size","10.5M / 12W","","","","","KCP","555088-030-10.5-PO-7","KCP-248","10.5","12","Worn","","Jordan 1 Retro High Pine Green Black 10.5 (Pre-Owned)","<p><strong>Condition:</strong> Moderately Worn</p>
<p><strong>SKU:</strong> 555088-030</p>","Jordan 1 Retro High Pine Green Black 10.5 (pre-owned)","Worn","Sneakers","gid://shopify/TaxonomyCategory/aa-sneakers","","false"
"preowned-ih7959-400-13-po-1","IH7959-400-13-PO-1","Jordan","Jordan 3 Retro Levi’s Indigo 13 (Pre-Owned)","<p><strong>Condition:</strong> Lightly Worn</p>
<p><strong>SKU:</strong> IH7959-400</p>","","Pre-Owned Sneakers","Size","13M / 14.5W","","","","","KCP","IH7959-400-13-PO-1","KCP-257","13","14.5","Worn","","Jordan 3 Retro Levi’s Indigo 13 (Pre-Owned)","<p><strong>Condition:</strong> Lightly Worn</p>
<p><strong>SKU:</strong> IH7959-400</p>","Jordan 3 Retro Levi’s Indigo 13 (pre-owned)","Worn","Sneakers","gid://shopify/TaxonomyCategory/aa-sneakers","","false"
"preowned-dd1391-700-13-po-1","DD1391-700-13-PO-1","Nike","Nike Dunk Low Michigan (2021) 13 (Pre-Owned)","<p><strong>Condition:</strong> Moderately Worn</p>
<p><strong>SKU:</strong> DD1391-700</p>","","Pre-Owned Sneakers","Size","13M / 14.5W","","","","","KCP","DD1391-700-13-PO-1","KCP-265","13","14.5","Worn","","Nike Dunk Low Michigan (2021) 13 (Pre-Owned)","<p><strong>Condition:</strong> Moderately Worn</p>
<p><strong>SKU:</strong> DD1391-700</p>","Nike Dunk Low Michigan (2021) 13 (pre-owned)","Worn","Sneakers","gid://shopify/TaxonomyCategory/aa-sneakers","","false"
"preowned-cz0790-003-10-po-2","CZ0790-003-10-PO-2","Jordan","Jordan 1 Retro Low OG Shadow (2024) 10 (Pre-Owned)","<p><strong>Condition:</strong> Moderately Worn</p>
<p><strong>SKU:</strong> CZ0790-003</p>","","Pre-Owned Sneakers","Size","10M / 11.5W","","","","","KCP","CZ0790-003-10-PO-2","KCP-273","10","11.5","Worn","","Jordan 1 Retro Low OG Shadow (2024) 10 (Pre-Owned)","<p><strong>Condition:</strong> Moderately Worn</p>
<p><strong>SKU:</strong> CZ0790-003</p>","Jordan 1 Retro Low OG Shadow (2024) 10 (pre-owned)","Worn","Sneakers","gid://shopify/TaxonomyCategory/aa-sneakers","","false"
"preowned-cu9307-004-14-po-1","CU9307-004-14-PO-1","Jordan","Jordan 7 Retro Chambray (2023) 14 (Pre-Owned)","<p><strong>Condition:</strong> Moderately Worn</p>
<p><strong>SKU:</strong> CU9307-004</p>","","Pre-Owned Sneakers","Size","14M / 15.5W","","","","","KCP","CU9307-004-14-PO-1","KCP-282","14","15.5","Worn","","Jordan 7 Retro Chambray (2023) 14 (Pre-Owned)","<p><strong>Condition:</strong> Moderately Worn</p>
<p><strong>SKU:</strong> CU9307-004</p>","Jordan 7 Retro Chambray (2023) 14 (pre-owned)","Worn","Sneakers","gid://shopify/TaxonomyCategory/aa-sneakers","","false"
"preowned-555088-010-9-5-po-1","555088-010-9.5-PO-1","Jordan","Jordan 1 Retro Black White (2014) 9.5 (Pre-Owned)","<p><strong>Condition:</strong> Moderately Worn</p>
<p><strong>SKU:</strong> 555088-010</p>","","Pre-Owned Sneakers","Size","9.5M / 11W","","","","","KCP","555088-010-9.5-PO-1","KCP-290","9.5","11","Worn","","Jordan 1 Retro Black White (2014) 9.5 (Pre-Owned)","<p><strong>Condition:</strong> Moderately Worn</p>
<p><strong>SKU:</strong> 555088-010</p>","Jordan 1 Retro Black White (2014) 9.5 (pre-owned)","Worn","Sneakers","gid://shopify/TaxonomyCategory/aa-sneakers","","false"
"preowned-fz5758-004-10w-po-1","FZ5758-004-10W-PO-1","Jordan","Jordan 5 Retro A Ma Maniére Dawn (Women's) 10W (Pre-Owned)","<p><strong>Condition:</strong> Lightly Worn</p>
<p><strong>SKU:</strong> FZ5758-004</p>","","Pre-Owned Sneakers","Size","10W","","","","","KCP","FZ5758-004-10W-PO-1","KCP-299","8.5","10","Worn","","Jordan 5 Retro A Ma Maniére Dawn (Women's) 10W (Pre-Owned)","<p><strong>Condition:</strong> Lightly Worn</p>
<p><strong>SKU:</strong> FZ5758-004</p>","Jordan 5 Retro a Ma Maniére Dawn (women's) 10W (pre-owned)","Worn","Sneakers","gid://shopify/TaxonomyCategory/aa-sneakers","","false"
"preowned-555088-202-11-po-1","555088-202-11-PO-1","Jordan","Jordan 1 Retro High OG Heirloom 11 (Pre-Owned)","<p><strong>Condition:</strong> Moderately Worn</p>
<p><strong>SKU:</strong> 555088-202</p>","","Pre-Owned Sneakers","Size","11M / 12.5W","","","","","KCP","555088-202-11-PO-1","KCP-308","11","12.5","Worn","","Jordan 1 Retro High OG Heirloom 11 (Pre-Owned)","<p><strong>Condition:</strong> Moderately Worn</p>
<p><strong>SKU:</strong> 555088-202</p>","Jordan 1 Retro High OG Heirloom 11 (pre-owned)","Worn","Sneakers","gid://shopify/TaxonomyCategory/aa-sneakers","","false"
"preowned-ct8013-140-9-5-po-6","CT8013-140-9.5-PO-6","Jordan","Jordan 12 Retro Blueberry 9.5 (Pre-Owned)","<p><strong>Condition:</strong> Lightly Worn</p>
<p><strong>SKU:</strong> CT8013-140</p>","","Pre-Owned Sneakers","Size","9.5M / 11W","","","","","KCP","CT8013-140-9.5-PO-6","KCP-317","9.5","11","Worn","","Jordan 12 Retro Blueberry 9.5 (Pre-Owned)","<p><strong>Condition:</strong> Lightly Worn</p>
<p><strong>SKU:</strong> CT8013-140</p>","Jordan 12 Retro Blueberry 9.5 (pre-owned)","Worn","Sneakers","gid://shopify/TaxonomyCategory/aa-sneakers","","false"
"preowned-dz5485-402-10-5-po-7","DZ5485-402-10.5-PO-7","Jordan","Jordan 1 Retro High OG UNC Reimagined 10.5 (Pre-Owned)","<p><strong>Condition:</strong> Moderately Worn</p>
<p><strong>SKU:</strong> DZ5485-402</p>","","Pre-Owned Sneakers","Size","10.5M / 12W","","","","","KCP","DZ5485-402-10.5-PO-7","KCP-325","10.5","12","Worn","","Jordan 1 Retro High OG UNC Reimagined 10.5 (Pre-Owned)","<p><strong>Condition:</strong> Moderately Worn</p>
<p><strong>SKU:</strong> DZ5485-402</p>","Jordan 1 Retro High OG UNC Reimagined 10.5 (pre-owned)","Worn","Sneakers","gid://shopify/TaxonomyCategory/aa-sneakers","","false"
"preowned-tb0a6fd6-eeq-10-5-po-1","TB0A6FD6-EEQ-10.5-PO-1","Timberland","Timberland 6"" Premium Boot Woven Dark Green 10.5 (Pre-Owned)","<p><strong>Condition:</strong> Lightly Worn</p>
<p><strong>SKU:</strong> TB0A6FD6-EEQ</p>","","Pre-Owned Sneakers","Size","10.5M / 12W","","","","","KCP","TB0A6FD6-EEQ-10.5-PO-1","KCP-334","10.5","12","Worn","","Timberland 6"" Premium Boot Woven Dark Green 10.5 (Pre-Owned)","<p><strong>Condition:</strong> Lightly Worn</p>
<p><strong>SKU:</strong> TB0A6FD6-EEQ</p>","Timberland 6"" Premium Boot Woven Dark Green 10.5 (pre-owned)","Worn","Sneakers","gid://shopify/TaxonomyCategory/aa-sneakers","","false"
"preowned-fq3544-100-10-5-po-1","FQ3544-100-10.5-PO-1","Nike","Nike Kobe 4 Protro Gold Medal (2024) 10.5 (Pre-Owned)","<p><strong>Condition:</strong> Lightly Worn</p>
<p><strong>SKU:</strong> FQ3544-100</p>","","Pre-Owned Sneakers","Size","10.5M / 12W","","","","","KCP","FQ3544-100-10.5-PO-1","KCP-342","10.5","12","Worn","","Nike Kobe 4 Protro Gold Medal (2024) 10.5 (Pre-Owned)","<p><strong>Condition:</strong> Lightly Worn</p>
<p><strong>SKU:</strong> FQ3544-100</p>","Nike Kobe 4 Protro Gold Medal (2024) 10.5 (pre-owned)","Worn","Sneakers","gid://shopify/TaxonomyCategory/aa-sneakers","","false"
"preowned-dm7866-001-10-5-po-10","DM7866-001-10.5-PO-10","Jordan","Jordan 1 Retro Low OG SP Travis Scott Black Phantom 10.5 (Pre-Owned)","<p><strong>Condition:</strong> Lightly Worn</p>
<p><strong>SKU:</strong> DM7866-001</p>","","Pre-Owned Sneakers","Size","10.5M / 12W","","","","","KCP","DM7866-001-10.5-PO-10","KCP-350","10.5","12","Worn","","Jordan 1 Retro Low OG SP Travis Scott Black Phantom 10.5 (Pre-Owned)","<p><strong>Condition:</strong> Lightly Worn</p>
<p><strong>SKU:</strong> DM7866-001</p>","Jordan 1 Retro Low OG SP Travis Scott Black Phantom 10.5 (pre-owned)","Worn","Sneakers","gid://shopify/TaxonomyCategory/aa-sneakers","","false"
"preowned-dm7866-202-13-po-2","DM7866-202-13-PO-2","Jordan","Jordan 1 Retro Low OG SP Travis Scott Velvet Brown 13 (Pre-Owned)","<p><strong>Condition:</strong> Lightly Worn</p>
<p><strong>SKU:</strong> DM7866-202</p>","","Pre-Owned Sneakers","Size","13M / 14.5W","","","","","KCP","DM7866-202-13-PO-2","KCP-359","13","14.5","Worn","","Jordan 1 Retro Low OG SP Travis Scott Velvet Brown 13 (Pre-Owned)","<p><strong>Condition:</strong> Lightly Worn</p>
<p><strong>SKU:</strong> DM7866-202</p>","Jordan 1 Retro Low OG SP Travis Scott Velvet Brown 13 (pre-owned)","Worn","Sneakers","gid://shopify/TaxonomyCategory/aa-sneakers","","false"
"preowned-dm7866-200-8-5-po-1","DM7866-200-8.5-PO-1","Jordan","Jordan 1 Retro Low OG SP Travis Scott Medium Olive 8.5 (Pre-Owned)","<p><strong>Condition:</strong> Lightly Worn</p>
<p><strong>SKU:</strong> DM7866-200</p>","","Pre-Owned Sneakers","Size","8.5M / 10W","","","","","KCP","DM7866-200-8.5-PO-1","KCP-368","8.5","10","Worn","","Jordan 1 Retro Low OG SP Travis Scott Medium Olive 8.5 (Pre-Owned)","<p><strong>Condition:</strong> Lightly Worn</p>
<p><strong>SKU:</strong> DM7866-200</p>","Jordan 1 Retro Low OG SP Travis Scott Medium Olive 8.5 (pre-owned)","Worn","Sneakers","gid://shopify/TaxonomyCategory/aa-sneakers","","false"
"preowned-cv9388-100-13w-po-1","CV9388-100-13W-PO-1","Jordan","Jordan 4 Retro Off-White Sail (Women's) 13W (Pre-Owned)","<p><strong>Condition:</strong> Moderately Worn</p>
<p><strong>SKU:</strong> CV9388-100</p>","","Pre-Owned Sneakers","Size","13W","","","","","KCP","CV9388-100-13W-PO-1","KCP-377","11.5","13","Worn","","Jordan 4 Retro Off-White Sail (Women's) 13W (Pre-Owned)","<p><strong>Condition:</strong> Moderately Worn</p>
<p><strong>SKU:</strong> CV9388-100</p>","Jordan 4 Retro Off-white Sail (women's) 13W (pre-owned)","Worn","Sneakers","gid://shopify/TaxonomyCategory/aa-sneakers","","false"
"preowned-cp9652-10-po-3","CP9652-10-PO-3","adidas","adidas Yeezy Boost 350 V2 Black Red 10 (Pre-Owned)","<p><strong>Condition:</strong> Lightly Worn</p>
<p><strong>SKU:</strong> CP9652</p>","","Pre-Owned Sneakers","Size","10M / 11.5W","","","","","KCP","CP9652-10-PO-3","KCP-386","10","11.5","Worn","","adidas Yeezy Boost 350 V2 Black Red 10 (Pre-Owned)","<p><strong>Condition:</strong> Lightly Worn</p>
<p><strong>SKU:</strong> CP9652</p>","Adidas Yeezy Boost 350 V2 Black Red 10 (pre-owned)","Worn","Sneakers","gid://shopify/TaxonomyCategory/aa-sneakers","","false"
"crocs-classic-clog-yu-gi-oh-yugi-yami","213589-90H-2","Crocs","Crocs Classic Clog Yu-Gi-Oh! Yugi Yami","Crocs Classic Clog Yu-Gi-Oh! Yugi Yami<br><br>SKU: 213589-90H<br>Colorway: Multi<br>Released: 09/10/2026<br>new<br><br><br><ul>
<li>100% Authentic</li>
<li>In Stock &amp; Ready to Ship</li>
</ul>All items are shipped out quickly with safe packaging.<br>Check our reviews to see the accuracy of our conditions, speed of shipping and quality of service.<br>Send a DM to request any photos - If you have any questions please reach out!<br>","","sneakers","Size","2Y / 3.5W","","","","","KCP","213589-90H-2","KCP-394","","","","","Crocs Classic Clog Yu-Gi-Oh! Yugi Yami","Crocs Classic Clog Yu-Gi-Oh! Yugi Yami<br><br>SKU: 213589-90H<br>Colorway: Multi<br>Released: 09/10/2026<br>new<br><br><br><ul>
<li>100% Authentic</li>
<li>In Stock &amp; Ready to Ship</li>
</ul>All items are shipped out quickly with safe packaging.<br>Check our reviews to see the accuracy of our conditions, speed of shipping and quality of service.<br>Send a DM to request any photos - If you have any questions please reach out!<br>","Crocs Classic Clog Yu-gi-oh! Yugi Yami","","Sneakers","gid://shopify/TaxonomyCategory/aa-sneakers","child-size","true"
"crocs-classic-clog-yu-gi-oh-yugi-yami","213589-90H-3","Crocs","Crocs Classic Clog Yu-Gi-Oh! Yugi Yami","Crocs Classic Clog Yu-Gi-Oh! Yugi Yami<br><br>SKU: 213589-90H<br>Colorway: Multi<br>Released: 09/10/2026<br>new<br><br><br><ul>
<li>100% Authentic</li>
<li>In Stock &amp; Ready to Ship</li>
</ul>All items are shipped out quickly with safe packaging.<br>Check our reviews to see the accuracy of our conditions, speed of shipping and quality of service.<br>Send a DM to request any photos - If you have any questions please reach out!<br>","","sneakers","","3Y / 4.5W","","","","","KCP","213589-90H-3","KCP-395","","","","","Crocs Classic Clog Yu-Gi-Oh! Yugi Yami","Crocs Classic Clog Yu-Gi-Oh! Yugi Yami<br><br>SKU: 213589-90H<br>Colorway: Multi<br>Released: 09/10/2026<br>new<br><br><br><ul>
<li>100% Authentic</li>
<li>In Stock &amp; Ready to Ship</li>
</ul>All items are shipped out quickly with safe packaging.<br>Check our reviews to see the accuracy of our conditions, speed of shipping and quality of service.<br>Send a DM to request any photos - If you have any questions please reach out!<br>","Crocs Classic Clog Yu-gi-oh! Yugi Yami","","Sneakers","gid://shopify/TaxonomyCategory/aa-sneakers","child-size","true"
"crocs-classic-clog-yu-gi-oh-yugi-yami","213589-90H-4","Crocs","Crocs Classic Clog Yu-Gi-Oh! Yugi Yami","Crocs Classic Clog Yu-Gi-Oh! Yugi Yami<br><br>SKU: 213589-90H<br>Colorway: Multi<br>Released: 09/10/2026<br>new<br><br><br><ul>
<li>100% Authentic</li>
<li>In Stock &amp; Ready to Ship</li>
</ul>All items are shipped out quickly with safe packaging.<br>Check our reviews to see the accuracy of our conditions, speed of shipping and quality of service.<br>Send a DM to request any photos - If you have any questions please reach out!<br>","","sneakers","","4Y / 5.5W","","","","","KCP","213589-90H-4","KCP-396","4","5.5","Brand New","","Crocs Classic Clog Yu-Gi-Oh! Yugi Yami","Crocs Classic Clog Yu-Gi-Oh! Yugi Yami<br><br>SKU: 213589-90H<br>Colorway: Multi<br>Released: 09/10/2026<br>new<br><br><br><ul>
<li>100% Authentic</li>
<li>In Stock &amp; Ready to Ship</li>
</ul>All items are shipped out quickly with safe packaging.<br>Check our reviews to see the accuracy of our conditions, speed of shipping and quality of service.<br>Send a DM to request any photos - If you have any questions please reach out!<br>","Crocs Classic Clog Yu-gi-oh! Yugi Yami","Brand New","Sneakers","gid://shopify/TaxonomyCategory/aa-sneakers","","false"
"crocs-classic-clog-yu-gi-oh-yugi-yami","213589-90H-5","Crocs","Crocs Classic Clog Yu-Gi-Oh! Yugi Yami","Crocs Classic Clog Yu-Gi-Oh! Yugi Yami<br><br>SKU: 213589-90H<br>Colorway: Multi<br>Released: 09/10/2026<br>new<br><br><br><ul>
<li>100% Authentic</li>
<li>In Stock &amp; Ready to Ship</li>
</ul>All items are shipped out quickly with safe packaging.<br>Check our reviews to see the accuracy of our conditions, speed of shipping and quality of service.<br>Send a DM to request any photos - If you have any questions please reach out!<br>","","sneakers","","5Y / 6.5W","","","","","KCP","213589-90H-5","KCP-397","5","6.5","Brand New","","Crocs Classic Clog Yu-Gi-Oh! Yugi Yami","Crocs Classic Clog Yu-Gi-Oh! Yugi Yami<br><br>SKU: 213589-90H<br>Colorway: Multi<br>Released: 09/10/2026<br>new<br><br><br><ul>
<li>100% Authentic</li>
<li>In Stock &amp; Ready to Ship</li>
</ul>All items are shipped out quickly with safe packaging.<br>Check our reviews to see the accuracy of our conditions, speed of shipping and quality of service.<br>Send a DM to request any photos - If you have any questions please reach out!<br>","Crocs Classic Clog Yu-gi-oh! Yugi Yami","Brand New","Sneakers","gid://shopify/TaxonomyCategory/aa-sneakers","","false"
"crocs-classic-clog-yu-gi-oh-yugi-yami","213589-90H-6","Crocs","Crocs Classic Clog Yu-Gi-Oh! Yugi Yami","Crocs Classic Clog Yu-Gi-Oh! Yugi Yami<br><br>SKU: 213589-90H<br>Colorway: Multi<br>Released: 09/10/2026<br>new<br><br><br><ul>
<li>100% Authentic</li>
<li>In Stock &amp; Ready to Ship</li>
</ul>All items are shipped out quickly with safe packaging.<br>Check our reviews to see the accuracy of our conditions, speed of shipping and quality of service.<br>Send a DM to request any photos - If you have any questions please reach out!<br>","","sneakers","","6Y / 7.5W","","","","","KCP","213589-90H-6","KCP-398","6","7.5","Brand New","","Crocs Classic Clog Yu-Gi-Oh! Yugi Yami","Crocs Classic Clog Yu-Gi-Oh! Yugi Yami<br><br>SKU: 213589-90H<br>Colorway: Multi<br>Released: 09/10/2026<br>new<br><br><br><ul>
<li>100% Authentic</li>
<li>In Stock &amp; Ready to Ship</li>
</ul>All items are shipped out quickly with safe packaging.<br>Check our reviews to see the accuracy of our conditions, speed of shipping and quality of service.<br>Send a DM to request any photos - If you have any questions please reach out!<br>","Crocs Classic Clog Yu-gi-oh! Yugi Yami","Brand New","Sneakers","gid://shopify/TaxonomyCategory/aa-sneakers","","false"
"crocs-classic-clog-yu-gi-oh-yugi-yami","213589-90H-7","Crocs","Crocs Classic Clog Yu-Gi-Oh! Yugi Yami","Crocs Classic Clog Yu-Gi-Oh! Yugi Yami<br><br>SKU: 213589-90H<br>Colorway: Multi<br>Released: 09/10/2026<br>new<br><br><br><ul>
<li>100% Authentic</li>
<li>In Stock &amp; Ready to Ship</li>
</ul>All items are shipped out quickly with safe packaging.<br>Check our reviews to see the accuracy of our conditions, speed of shipping and quality of service.<br>Send a DM to request any photos - If you have any questions please reach out!<br>","","sneakers","","7Y / 8.5W","","","","","KCP","213589-90H-7","KCP-399","7","8.5","Brand New","","Crocs Classic Clog Yu-Gi-Oh! Yugi Yami","Crocs Classic Clog Yu-Gi-Oh! Yugi Yami<br><br>SKU: 213589-90H<br>Colorway: Multi<br>Released: 09/10/2026<br>new<br><br><br><ul>
<li>100% Authentic</li>
<li>In Stock &amp; Ready to Ship</li>
</ul>All items are shipped out quickly with safe packaging.<br>Check our reviews to see the accuracy of our conditions, speed of shipping and quality of service.<br>Send a DM to request any photos - If you have any questions please reach out!<br>","Crocs Classic Clog Yu-gi-oh! Yugi Yami","Brand New","Sneakers","gid://shopify/TaxonomyCategory/aa-sneakers","","false"
"crocs-classic-clog-yu-gi-oh-yugi-yami","213589-90H-8","Crocs","Crocs Classic Clog Yu-Gi-Oh! Yugi Yami","Crocs Classic Clog Yu-Gi-Oh! Yugi Yami<br><br>SKU: 213589-90H<br>Colorway: Multi<br>Released: 09/10/2026<br>new<br><br><br><ul>
<li>100% Authentic</li>
<li>In Stock &amp; Ready to Ship</li>
</ul>All items are shipped out quickly with safe packaging.<br>Check our reviews to see the accuracy of our conditions, speed of shipping and quality of service.<br>Send a DM to request any photos - If you have any questions please reach out!<br>","","sneakers","","8M / 9.5W","","","","","KCP","213589-90H-8","KCP-400","8","9.5","Brand New","","Crocs Classic Clog Yu-Gi-Oh! Yugi Yami","Crocs Classic Clog Yu-Gi-Oh! Yugi Yami<br><br>SKU: 213589-90H<br>Colorway: Multi<br>Released: 09/10/2026<br>new<br><br><br><ul>
<li>100% Authentic</li>
<li>In Stock &amp; Ready to Ship</li>
</ul>All items are shipped out quickly with safe packaging.<br>Check our reviews to see the accuracy of our conditions, speed of shipping and quality of service.<br>Send a DM to request any photos - If you have any questions please reach out!<br>","Crocs Classic Clog Yu-gi-oh! Yugi Yami","Brand New","Sneakers","gid://shopify/TaxonomyCategory/aa-sneakers","","false"
"crocs-classic-clog-yu-gi-oh-yugi-yami","213589-90H-9","Crocs","Crocs Classic Clog Yu-Gi-Oh! Yugi Yami","Crocs Classic Clog Yu-Gi-Oh! Yugi Yami<br><br>SKU: 213589-90H<br>Colorway: Multi<br>Released: 09/10/2026<br>new<br><br><br><ul>
<li>100% Authentic</li>
<li>In Stock &amp; Ready to Ship</li>
</ul>All items are shipped out quickly with safe packaging.<br>Check our reviews to see the accuracy of our conditions, speed of shipping and quality of service.<br>Send a DM to request any photos - If you have any questions please reach out!<br>","","sneakers","","9M / 10.5W","","","","","KCP","213589-90H-9","KCP-401","9","10.5","Brand New","","Crocs Classic Clog Yu-Gi-Oh! Yugi Yami","Crocs Classic Clog Yu-Gi-Oh! Yugi Yami<br><br>SKU: 213589-90H<br>Colorway: Multi<br>Released: 09/10/2026<br>new<br><br><br><ul>
<li>100% Authentic</li>
<li>In Stock &amp; Ready to Ship</li>
</ul>All items are shipped out quickly with safe packaging.<br>Check our reviews to see the accuracy of our conditions, speed of shipping and quality of service.<br>Send a DM to request any photos - If you have any questions please reach out!<br>","Crocs Classic Clog Yu-gi-oh! Yugi Yami","Brand New","Sneakers","gid://shopify/TaxonomyCategory/aa-sneakers","","false"
"crocs-classic-clog-yu-gi-oh-yugi-yami","213589-90H-10","Crocs","Crocs Classic Clog Yu-Gi-Oh! Yugi Yami","Crocs Classic Clog Yu-Gi-Oh! Yugi Yami<br><br>SKU: 213589-90H<br>Colorway: Multi<br>Released: 09/10/2026<br>new<br><br><br><ul>
<li>100% Authentic</li>
<li>In Stock &amp; Ready to Ship</li>
</ul>All items are shipped out quickly with safe packaging.<br>Check our reviews to see the accuracy of our conditions, speed of shipping and quality of service.<br>Send a DM to request any photos - If you have any questions please reach out!<br>","","sneakers","","10M / 11.5W","","","","","KCP","213589-90H-10","KCP-402","10","11.5","Brand New","","Crocs Classic Clog Yu-Gi-Oh! Yugi Yami","Crocs Classic Clog Yu-Gi-Oh! Yugi Yami<br><br>SKU: 213589-90H<br>Colorway: Multi<br>Released: 09/10/2026<br>new<br><br><br><ul>
<li>100% Authentic</li>
<li>In Stock &amp; Ready to Ship</li>
</ul>All items are shipped out quickly with safe packaging.<br>Check our reviews to see the accuracy of our conditions, speed of shipping and quality of service.<br>Send a DM to request any photos - If you have any questions please reach out!<br>","Crocs Classic Clog Yu-gi-oh! Yugi Yami","Brand New","Sneakers","gid://shopify/TaxonomyCategory/aa-sneakers","","false"
"crocs-classic-clog-yu-gi-oh-yugi-yami","213589-90H-11","Crocs","Crocs Classic Clog Yu-Gi-Oh! Yugi Yami","Crocs Classic Clog Yu-Gi-Oh! Yugi Yami<br><br>SKU: 213589-90H<br>Colorway: Multi<br>Released: 09/10/2026<br>new<br><br><br><ul>
<li>100% Authentic</li>
<li>In Stock &amp; Ready to Ship</li>
</ul>All items are shipped out quickly with safe packaging.<br>Check our reviews to see the accuracy of our conditions, speed of shipping and quality of service.<br>Send a DM to request any photos - If you have any questions please reach out!<br>","","sneakers","","11M / 12.5W","","","","","KCP","213589-90H-11","KCP-403","11","12.5","Brand New","","Crocs Classic Clog Yu-Gi-Oh! Yugi Yami","Crocs Classic Clog Yu-Gi-Oh! Yugi Yami<br><br>SKU: 213589-90H<br>Colorway: Multi<br>Released: 09/10/2026<br>new<br><br><br><ul>
<li>100% Authentic</li>
<li>In Stock &amp; Ready to Ship</li>
</ul>All items are shipped out quickly with safe packaging.<br>Check our reviews to see the accuracy of our conditions, speed of shipping and quality of service.<br>Send a DM to request any photos - If you have any questions please reach out!<br>","Crocs Classic Clog Yu-gi-oh! Yugi Yami","Brand New","Sneakers","gid://shopify/TaxonomyCategory/aa-sneakers","","false"
"crocs-classic-clog-yu-gi-oh-yugi-yami","213589-90H-12","Crocs","Crocs Classic Clog Yu-Gi-Oh! Yugi Yami","Crocs Classic Clog Yu-Gi-Oh! Yugi Yami<br><br>SKU: 213589-90H<br>Colorway: Multi<br>Released: 09/10/2026<br>new<br><br><br><ul>
<li>100% Authentic</li>
<li>In Stock &amp; Ready to Ship</li>
</ul>All items are shipped out quickly with safe packaging.<br>Check our reviews to see the accuracy of our conditions, speed of shipping and quality of service.<br>Send a DM to request any photos - If you have any questions please reach out!<br>","","sneakers","","12M / 13.5W","","","","","KCP","213589-90H-12","KCP-404","12","13.5","Brand New","","Crocs Classic Clog Yu-Gi-Oh! Yugi Yami","Crocs Classic Clog Yu-Gi-Oh! Yugi Yami<br><br>SKU: 213589-90H<br>Colorway: Multi<br>Released: 09/10/2026<br>new<br><br><br><ul>
<li>100% Authentic</li>
<li>In Stock &amp; Ready to Ship</li>
</ul>All items are shipped out quickly with safe packaging.<br>Check our reviews to see the accuracy of our conditions, speed of shipping and quality of service.<br>Send a DM to request any photos - If you have any questions please reach out!<br>","Crocs Classic Clog Yu-gi-oh! Yugi Yami","Brand New","Sneakers","gid://shopify/TaxonomyCategory/aa-sneakers","","false"
"crocs-classic-clog-yu-gi-oh-yugi-yami","213589-90H-13","Crocs","Crocs Classic Clog Yu-Gi-Oh! Yugi Yami","Crocs Classic Clog Yu-Gi-Oh! Yugi Yami<br><br>SKU: 213589-90H<br>Colorway: Multi<br>Released: 09/10/2026<br>new<br><br><br><ul>
<li>100% Authentic</li>
<li>In Stock &amp; Ready to Ship</li>
</ul>All items are shipped out quickly with safe packaging.<br>Check our reviews to see the accuracy of our conditions, speed of shipping and quality of service.<br>Send a DM to request any photos - If you have any questions please reach out!<br>","","sneakers","","13M / 14.5W","","","","","KCP","213589-90H-13","KCP-405","13","14.5","Brand New","","Crocs Classic Clog Yu-Gi-Oh! Yugi Yami","Crocs Classic Clog Yu-Gi-Oh! Yugi Yami<br><br>SKU: 213589-90H<br>Colorway: Multi<br>Released: 09/10/2026<br>new<br><br><br><ul>
<li>100% Authentic</li>
<li>In Stock &amp; Ready to Ship</li>
</ul>All items are shipped out quickly with safe packaging.<br>Check our reviews to see the accuracy of our conditions, speed of shipping and quality of service.<br>Send a DM to request any photos - If you have any questions please reach out!<br>","Crocs Classic Clog Yu-gi-oh! Yugi Yami","Brand New","Sneakers","gid://shopify/TaxonomyCategory/aa-sneakers","","false"
"crocs-classic-clog-yu-gi-oh-yugi-yami","213589-90H-14","Crocs","Crocs Classic Clog Yu-Gi-Oh! Yugi Yami","Crocs Classic Clog Yu-Gi-Oh! Yugi Yami<br><br>SKU: 213589-90H<br>Colorway: Multi<br>Released: 09/10/2026<br>new<br><br><br><ul>
<li>100% Authentic</li>
<li>In Stock &amp; Ready to Ship</li>
</ul>All items are shipped out quickly with safe packaging.<br>Check our reviews to see the accuracy of our conditions, speed of shipping and quality of service.<br>Send a DM to request any photos - If you have any questions please reach out!<br>","","sneakers","","14M / 15.5W","","","","","KCP","213589-90H-14","KCP-406","14","15.5","Brand New","","Crocs Classic Clog Yu-Gi-Oh! Yugi Yami","Crocs Classic Clog Yu-Gi-Oh! Yugi Yami<br><br>SKU: 213589-90H<br>Colorway: Multi<br>Released: 09/10/2026<br>new<br><br><br><ul>
<li>100% Authentic</li>
<li>In Stock &amp; Ready to Ship</li>
</ul>All items are shipped out quickly with safe packaging.<br>Check our reviews to see the accuracy of our conditions, speed of shipping and quality of service.<br>Send a DM to request any photos - If you have any questions please reach out!<br>","Crocs Classic Clog Yu-gi-oh! Yugi Yami","Brand New","Sneakers","gid://shopify/TaxonomyCategory/aa-sneakers","","false"
"jordan-11-retro-gamma-blue-2025","CT8012-047-3.5","Jordan","Jordan 11 Retro Gamma Blue (2025)","Jordan 11 Retro Gamma Blue (2025)<br><br>SKU: CT8012-047<br>Colorway: Black/Gamma Blue/Varsity Maize<br>Released: 12/13/2025<br>new<br><br><br><ul>
<li>100% Authentic</li>
<li>In Stock &amp; Ready to Ship</li>
</ul>All items are shipped out quickly with safe packaging.<br>Check our reviews to see the accuracy of our conditions, speed of shipping and quality of service.<br>Send a DM to request any photos - If you have any questions please reach out!<br>","","sneakers","Size","3.5Y / 5W","","","","","KCP","CT8012-047-3.5","KCP-407","3.5","5","Brand New","","Jordan 11 Retro Gamma Blue (2025)","Jordan 11 Retro Gamma Blue (2025)<br><br>SKU: CT8012-047<br>Colorway: Black/Gamma Blue/Varsity Maize<br>Released: 12/13/2025<br>new<br><br><br><ul>
<li>100% Authentic</li>
<li>In Stock &amp; Ready to Ship</li>
</ul>All items are shipped out quickly with safe packaging.<br>Check our reviews to see the accuracy of our conditions, speed of shipping and quality of service.<br>Send a DM to request any photos - If you have any questions please reach out!<br>","Jordan 11 Retro Gamma Blue (2025)","Brand New","Sneakers","gid://shopify/TaxonomyCategory/aa-sneakers","","false"
"jordan-11-retro-gamma-blue-2025","CT8012-047-4","Jordan","Jordan 11 Retro Gamma Blue (2025)","Jordan 11 Retro Gamma Blue (2025)<br><br>SKU: CT8012-047<br>Colorway: Black/Gamma Blue/Varsity Maize<br>Released: 12/13/2025<br>new<br><br><br><ul>
<li>100% Authentic</li>
<li>In Stock &amp; Ready to Ship</li>
</ul>All items are shipped out quickly with safe packaging.<br>Check our reviews to see the accuracy of our conditions, speed of shipping and quality of service.<br>Send a DM to request any photos - If you have any questions please reach out!<br>","","sneakers","","4Y / 5.5W","","","","","KCP","CT8012-047-4","KCP-408","4","5.5","Brand New","","Jordan 11 Retro Gamma Blue (2025)","Jordan 11 Retro Gamma Blue (2025)<br><br>SKU: CT8012-047<br>Colorway: Black/Gamma Blue/Varsity Maize<br>Released: 12/13/2025<br>new<br><br><br><ul>
<li>100% Authentic</li>
<li>In Stock &amp; Ready to Ship</li>
</ul>All items are shipped out quickly with safe packaging.<br>Check our reviews to see the accuracy of our conditions, speed of shipping and quality of service.<br>Send a DM to request any photos - If you have any questions please reach out!<br>","Jordan 11 Retro Gamma Blue (2025)","Brand New","Sneakers","gid://shopify/TaxonomyCategory/aa-sneakers","","false"
"jordan-11-retro-gamma-blue-2025","CT8012-047-4.5","Jordan","Jordan 11 Retro Gamma Blue (2025)","Jordan 11 Retro Gamma Blue (2025)<br><br>SKU: CT8012-047<br>Colorway: Black/Gamma Blue/Varsity Maize<br>Released: 12/13/2025<br>new<br><br><br><ul>
<li>100% Authentic</li>
<li>In Stock &amp; Ready to Ship</li>
</ul>All items are shipped out quickly with safe packaging.<br>Check our reviews to see the accuracy of our conditions, speed of shipping and quality of service.<br>Send a DM to request any photos - If you have any questions please reach out!<br>","","sneakers","","4.5Y / 6W","","","","","KCP","CT8012-047-4.5","KCP-409","4.5","6","Brand New","","Jordan 11 Retro Gamma Blue (2025)","Jordan 11 Retro Gamma Blue (2025)<br><br>SKU: CT8012-047<br>Colorway: Black/Gamma Blue/Varsity Maize<br>Released: 12/13/2025<br>new<br><br><br><ul>
<li>100% Authentic</li>
<li>In Stock &amp; Ready to Ship</li>
</ul>All items are shipped out quickly with safe packaging.<br>Check our reviews to see the accuracy of our conditions, speed of shipping and quality of service.<br>Send a DM to request any photos - If you have any questions please reach out!<br>","Jordan 11 Retro Gamma Blue (2025)","Brand New","Sneakers","gid://shopify/TaxonomyCategory/aa-sneakers","","false"
"jordan-11-retro-gamma-blue-2025","CT8012-047-5","Jordan","Jordan 11 Retro Gamma Blue (2025)","Jordan 11 Retro Gamma Blue (2025)<br><br>SKU: CT8012-047<br>Colorway: Black/Gamma Blue/Varsity Maize<br>Released: 12/13/2025<br>new<br><br><br><ul>
<li>100% Authentic</li>
<li>In Stock &amp; Ready to Ship</li>
</ul>All items are shipped out quickly with safe packaging.<br>Check our reviews to see the accuracy of our conditions, speed of shipping and quality of service.<br>Send a DM to request any photos - If you have any questions please reach out!<br>","","sneakers","","5Y / 6.5W","","","","","KCP","CT8012-047-5","KCP-410","5","6.5","Brand New","","Jordan 11 Retro Gamma Blue (2025)","Jordan 11 Retro Gamma Blue (2025)<br><br>SKU: CT8012-047<br>Colorway: Black/Gamma Blue/Varsity Maize<br>Released: 12/13/2025<br>new<br><br><br><ul>
<li>100% Authentic</li>
<li>In Stock &amp; Ready to Ship</li>
</ul>All items are shipped out quickly with safe packaging.<br>Check our reviews to see the accuracy of our conditions, speed of shipping and quality of service.<br>Send a DM to request any photos - If you have any questions please reach out!<br>","Jordan 11 Retro Gamma Blue (2025)","Brand New","Sneakers","gid://shopify/TaxonomyCategory/aa-sneakers","","false"
"jordan-11-retro-gamma-blue-2025","CT8012-047-5.5","Jordan","Jordan 11 Retro Gamma Blue (2025)","Jordan 11 Retro Gamma Blue (2025)<br><br>SKU: CT8012-047<br>Colorway: Black/Gamma Blue/Varsity Maize<br>Released: 12/13/2025<br>new<br><br><br><ul>
<li>100% Authentic</li>
<li>In Stock &amp; Ready to Ship</li>
</ul>All items are shipped out quickly with safe packaging.<br>Check our reviews to see the accuracy of our conditions, speed of shipping and quality of service.<br>Send a DM to request any photos - If you have any questions please reach out!<br>","","sneakers","","5.5Y / 7W","","","","","KCP","CT8012-047-5.5","KCP-411","5.5","7","Brand New","","Jordan 11 Retro Gamma Blue (2025)","Jordan 11 Retro Gamma Blue (2025)<br><br>SKU: CT8012-047<br>Colorway: Black/Gamma Blue/Varsity Maize<br>Released: 12/13/2025<br>new<br><br><br><ul>
<li>100% Authentic</li>
<li>In Stock &amp; Ready to Ship</li>
</ul>All items are shipped out quickly with safe packaging.<br>Check our reviews to see the accuracy of our conditions, speed of shipping and quality of service.<br>Send a DM to request any photos - If you have any questions please reach out!<br>","Jordan 11 Retro Gamma Blue (2025)","Brand New","Sneakers","gid://shopify/TaxonomyCategory/aa-sneakers","","false"
"jordan-11-retro-gamma-blue-2025","CT8012-047-6","Jordan","Jordan 11 Retro Gamma Blue (2025)","Jordan 11 Retro Gamma Blue (2025)<br><br>SKU: CT8012-047<br>Colorway: Black/Gamma Blue/Varsity Maize<br>Released: 12/13/2025<br>new<br><br><br><ul>
<li>100% Authentic</li>
<li>In Stock &amp; Ready to Ship</li>
</ul>All items are shipped out quickly with safe packaging.<br>Check our reviews to see the accuracy of our conditions, speed of shipping and quality of service.<br>Send a DM to request any photos - If you have any questions please reach out!<br>","","sneakers","","6Y / 7.5W","","","","","KCP","CT8012-047-6","KCP-412","6","7.5","Brand New","","Jordan 11 Retro Gamma Blue (2025)","Jordan 11 Retro Gamma Blue (2025)<br><br>SKU: CT8012-047<br>Colorway: Black/Gamma Blue/Varsity Maize<br>Released: 12/13/2025<br>new<br><br><br><ul>
<li>100% Authentic</li>
<li>In Stock &amp; Ready to Ship</li>
</ul>All items are shipped out quickly with safe packaging.<br>Check our reviews to see the accuracy of our conditions, speed of shipping and quality of service.<br>Send a DM to request any photos - If you have any questions please reach out!<br>","Jordan 11 Retro Gamma Blue (2025)","Brand New","Sneakers","gid://shopify/TaxonomyCategory/aa-sneakers","","false"
"jordan-11-retro-gamma-blue-2025","CT8012-047-6.5","Jordan","Jordan 11 Retro Gamma Blue (2025)","Jordan 11 Retro Gamma Blue (2025)<br><br>SKU: CT8012-047<br>Colorway: Black/Gamma Blue/Varsity Maize<br>Released: 12/13/2025<br>new<br><br><br><ul>
<li>100% Authentic</li>
<li>In Stock &amp; Ready to Ship</li>
</ul>All items are shipped out quickly with safe packaging.<br>Check our reviews to see the accuracy of our conditions, speed of shipping and quality of service.<br>Send a DM to request any photos - If you have any questions please reach out!<br>","","sneakers","","6.5Y / 8W","","","","","KCP","CT8012-047-6.5","KCP-413","6.5","8","Brand New","","Jordan 11 Retro Gamma Blue (2025)","Jordan 11 Retro Gamma Blue (2025)<br><br>SKU: CT8012-047<br>Colorway: Black/Gamma Blue/Varsity Maize<br>Released: 12/13/2025<br>new<br><br><br><ul>
<li>100% Authentic</li>
<li>In Stock &amp; Ready to Ship</li>
</ul>All items are shipped out quickly with safe packaging.<br>Check our reviews to see the accuracy of our conditions, speed of shipping and quality of service.<br>Send a DM to request any photos - If you have any questions please reach out!<br>","Jordan 11 Retro Gamma Blue (2025)","Brand New","Sneakers","gid://shopify/TaxonomyCategory/aa-sneakers","","false"
"jordan-11-retro-gamma-blue-2025","CT8012-047-7","Jordan","Jordan 11 Retro Gamma Blue (2025)","Jordan 11 Retro Gamma Blue (2025)<br><br>SKU: CT8012-047<br>Colorway: Black/Gamma Blue/Varsity Maize<br>Released: 12/13/2025<br>new<br><br><br><ul>
<li>100% Authentic</li>
<li>In Stock &amp; Ready to Ship</li>
</ul>All items are shipped out quickly with safe packaging.<br>Check our reviews to see the accuracy of our conditions, speed of shipping and quality of service.<br>Send a DM to request any photos - If you have any questions please reach out!<br>","","sneakers","","7Y / 8.5W","","","","","KCP","CT8012-047-7","KCP-414","7","8.5","Brand New","","Jordan 11 Retro Gamma Blue (2025)","Jordan 11 Retro Gamma Blue (2025)<br><br>SKU: CT8012-047<br>Colorway: Black/Gamma Blue/Varsity Maize<br>Released: 12/13/2025<br>new<br><br><br><ul>
<li>100% Authentic</li>
<li>In Stock &amp; Ready to Ship</li>
</ul>All items are shipped out quickly with safe packaging.<br>Check our reviews to see the accuracy of our conditions, speed of shipping and quality of service.<br>Send a DM to request any photos - If you have any questions please reach out!<br>","Jordan 11 Retro Gamma Blue (2025)","Brand New","Sneakers","gid://shopify/TaxonomyCategory/aa-sneakers","","false"
"jordan-11-retro-gamma-blue-2025","CT8012-047-7.5","Jordan","Jordan 11 Retro Gamma Blue (2025)","Jordan 11 Retro Gamma Blue (2025)<br><br>SKU: CT8012-047<br>Colorway: Black/Gamma Blue/Varsity Maize<br>Released: 12/13/2025<br>new<br><br><br><ul>
<li>100% Authentic</li>
<li>In Stock &amp; Ready to Ship</li>
</ul>All items are shipped out quickly with safe packaging.<br>Check our reviews to see the accuracy of our conditions, speed of shipping and quality of service.<br>Send a DM to request any photos - If you have any questions please reach out!<br>","","sneakers","","7.5M / 9W","","","","","KCP","CT8012-047-7.5","KCP-415","7.5","9","Brand New","","Jordan 11 Retro Gamma Blue (2025)","Jordan 11 Retro Gamma Blue (2025)<br><br>SKU: CT8012-047<br>Colorway: Black/Gamma Blue/Varsity Maize<br>Released: 12/13/2025<br>new<br><br><br><ul>
<li>100% Authentic</li>
<li>In Stock &amp; Ready to Ship</li>
</ul>All items are shipped out quickly with safe packaging.<br>Check our reviews to see the accuracy of our conditions, speed of shipping and quality of service.<br>Send a DM to request any photos - If you have any questions please reach out!<br>","Jordan 11 Retro Gamma Blue (2025)","Brand New","Sneakers","gid://shopify/TaxonomyCategory/aa-sneakers","","false"
"jordan-11-retro-gamma-blue-2025","CT8012-047-8","Jordan","Jordan 11 Retro Gamma Blue (2025)","Jordan 11 Retro Gamma Blue (2025)<br><br>SKU: CT8012-047<br>Colorway: Black/Gamma Blue/Varsity Maize<br>Released: 12/13/2025<br>new<br><br><br><ul>
<li>100% Authentic</li>
<li>In Stock &amp; Ready to Ship</li>
</ul>All items are shipped out quickly with safe packaging.<br>Check our reviews to see the accuracy of our conditions, speed of shipping and quality of service.<br>Send a DM to request any photos - If you have any questions please reach out!<br>","","sneakers","","8M / 9.5W","","","","","KCP","CT8012-047-8","KCP-416","8","9.5","Brand New","","Jordan 11 Retro Gamma Blue (2025)","Jordan 11 Retro Gamma Blue (2025)<br><br>SKU: CT8012-047<br>Colorway: Black/Gamma Blue/Varsity Maize<br>Released: 12/13/2025<br>new<br><br><br><ul>
<li>100% Authentic</li>
<li>In Stock &amp; Ready to Ship</li>
</ul>All items are shipped out quickly with safe packaging.<br>Check our reviews to see the accuracy of our conditions, speed of shipping and quality of service.<br>Send a DM to request any photos - If you have any questions please reach out!<br>","Jordan 11 Retro Gamma Blue (2025)","Brand New","Sneakers","gid://shopify/TaxonomyCategory/aa-sneakers","","false"
"jordan-11-retro-gamma-blue-2025","CT8012-047-8.5","Jordan","Jordan 11 Retro Gamma Blue (2025)","Jordan 11 Retro Gamma Blue (2025)<br><br>SKU: CT8012-047<br>Colorway: Black/Gamma Blue/Varsity Maize<br>Released: 12/13/2025<br>new<br><br><br><ul>
<li>100% Authentic</li>
<li>In Stock &amp; Ready to Ship</li>
</ul>All items are shipped out quickly with safe packaging.<br>Check our reviews to see the accuracy of our conditions, speed of shipping and quality of service.<br>Send a DM to request any photos - If you have any questions please reach out!<br>","","sneakers","","8.5M / 10W","","","","","KCP","CT8012-047-8.5","KCP-417","8.5","10","Brand New","","Jordan 11 Retro Gamma Blue (2025)","Jordan 11 Retro Gamma Blue (2025)<br><br>SKU: CT8012-047<br>Colorway: Black/Gamma Blue/Varsity Maize<br>Released: 12/13/2025<br>new<br><br><br><ul>
<li>100% Authentic</li>
<li>In Stock &amp; Ready to Ship</li>
</ul>All items are shipped out quickly with safe packaging.<br>Check our reviews to see the accuracy of our conditions, speed of shipping and quality of service.<br>Send a DM to request any photos - If you have any questions please reach out!<br>","Jordan 11 Retro Gamma Blue (2025)","Brand New","Sneakers","gid://shopify/TaxonomyCategory/aa-sneakers","","false"
"jordan-11-retro-gamma-blue-2025","CT8012-047-9","Jordan","Jordan 11 Retro Gamma Blue (2025)","Jordan 11 Retro Gamma Blue (2025)<br><br>SKU: CT8012-047<br>Colorway: Black/Gamma Blue/Varsity Maize<br>Released: 12/13/2025<br>new<br><br><br><ul>
<li>100% Authentic</li>
<li>In Stock &amp; Ready to Ship</li>
</ul>All items are shipped out quickly with safe packaging.<br>Check our reviews to see the accuracy of our conditions, speed of shipping and quality of service.<br>Send a DM to request any photos - If you have any questions please reach out!<br>","","sneakers","","9M / 10.5W","","","","","KCP","CT8012-047-9","KCP-418","9","10.5","Brand New","","Jordan 11 Retro Gamma Blue (2025)","Jordan 11 Retro Gamma Blue (2025)<br><br>SKU: CT8012-047<br>Colorway: Black/Gamma Blue/Varsity Maize<br>Released: 12/13/2025<br>new<br><br><br><ul>
<li>100% Authentic</li>
<li>In Stock &amp; Ready to Ship</li>
</ul>All items are shipped out quickly with safe packaging.<br>Check our reviews to see the accuracy of our conditions, speed of shipping and quality of service.<br>Send a DM to request any photos - If you have any questions please reach out!<br>","Jordan 11 Retro Gamma Blue (2025)","Brand New","Sneakers","gid://shopify/TaxonomyCategory/aa-sneakers","","false"
"jordan-11-retro-gamma-blue-2025","CT8012-047-9.5","Jordan","Jordan 11 Retro Gamma Blue (2025)","Jordan 11 Retro Gamma Blue (2025)<br><br>SKU: CT8012-047<br>Colorway: Black/Gamma Blue/Varsity Maize<br>Released: 12/13/2025<br>new<br><br><br><ul>
<li>100% Authentic</li>
<li>In Stock &amp; Ready to Ship</li>
</ul>All items are shipped out quickly with safe packaging.<br>Check our reviews to see the accuracy of our conditions, speed of shipping and quality of service.<br>Send a DM to request any photos - If you have any questions please reach out!<br>","","sneakers","","9.5M / 11W","","","","","KCP","CT8012-047-9.5","KCP-419","9.5","11","Brand New","","Jordan 11 Retro Gamma Blue (2025)","Jordan 11 Retro Gamma Blue (2025)<br><br>SKU: CT8012-047<br>Colorway: Black/Gamma Blue/Varsity Maize<br>Released: 12/13/2025<br>new<br><br><br><ul>
<li>100% Authentic</li>
<li>In Stock &amp; Ready to Ship</li>
</ul>All items are shipped out quickly with safe packaging.<br>Check our reviews to see the accuracy of our conditions, speed of shipping and quality of service.<br>Send a DM to request any photos - If you have any questions please reach out!<br>","Jordan 11 Retro Gamma Blue (2025)","Brand New","Sneakers","gid://shopify/TaxonomyCategory/aa-sneakers","","false"
"jordan-11-retro-gamma-blue-2025","CT8012-047-10","Jordan","Jordan 11 Retro Gamma Blue (2025)","Jordan 11 Retro Gamma Blue (2025)<br><br>SKU: CT8012-047<br>Colorway: Black/Gamma Blue/Varsity Maize<br>Released: 12/13/2025<br>new<br><br><br><ul>
<li>100% Authentic</li>
<li>In Stock &amp; Ready to Ship</li>
</ul>All items are shipped out quickly with safe packaging.<br>Check our reviews to see the accuracy of our conditions, speed of shipping and quality of service.<br>Send a DM to request any photos - If you have any questions please reach out!<br>","","sneakers","","10M / 11.5W","","","","","KCP","CT8012-047-10","KCP-420","10","11.5","Brand New","","Jordan 11 Retro Gamma Blue (2025)","Jordan 11 Retro Gamma Blue (2025)<br><br>SKU: CT8012-047<br>Colorway: Black/Gamma Blue/Varsity Maize<br>Released: 12/13/2025<br>new<br><br><br><ul>
<li>100% Authentic</li>
<li>In Stock &amp; Ready to Ship</li>
</ul>All items are shipped out quickly with safe packaging.<br>Check our reviews to see the accuracy of our conditions, speed of shipping and quality of service.<br>Send a DM to request any photos - If you have any questions please reach out!<br>","Jordan 11 Retro Gamma Blue (2025)","Brand New","Sneakers","gid://shopify/TaxonomyCategory/aa-sneakers","","false"
"jordan-11-retro-gamma-blue-2025","CT8012-047-10.5","Jordan","Jordan 11 Retro Gamma Blue (2025)","Jordan 11 Retro Gamma Blue (2025)<br><br>SKU: CT8012-047<br>Colorway: Black/Gamma Blue/Varsity Maize<br>Released: 12/13/2025<br>new<br><br><br><ul>
<li>100% Authentic</li>
<li>In Stock &amp; Ready to Ship</li>
</ul>All items are shipped out quickly with safe packaging.<br>Check our reviews to see the accuracy of our conditions, speed of shipping and quality of service.<br>Send a DM to request any photos - If you have any questions please reach out!<br>","","sneakers","","10.5M / 12W","","","","","KCP","CT8012-047-10.5","KCP-421","10.5","12","Brand New","","Jordan 11 Retro Gamma Blue (2025)","Jordan 11 Retro Gamma Blue (2025)<br><br>SKU: CT8012-047<br>Colorway: Black/Gamma Blue/Varsity Maize<br>Released: 12/13/2025<br>new<br><br><br><ul>
<li>100% Authentic</li>
<li>In Stock &amp; Ready to Ship</li>
</ul>All items are shipped out quickly with safe packaging.<br>Check our reviews to see the accuracy of our conditions, speed of shipping and quality of service.<br>Send a DM to request any photos - If you have any questions please reach out!<br>","Jordan 11 Retro Gamma Blue (2025)","Brand New","Sneakers","gid://shopify/TaxonomyCategory/aa-sneakers","","false"
"jordan-11-retro-gamma-blue-2025","CT8012-047-11","Jordan","Jordan 11 Retro Gamma Blue (2025)","Jordan 11 Retro Gamma Blue (2025)<br><br>SKU: CT8012-047<br>Colorway: Black/Gamma Blue/Varsity Maize<br>Released: 12/13/2025<br>new<br><br><br><ul>
<li>100% Authentic</li>
<li>In Stock &amp; Ready to Ship</li>
</ul>All items are shipped out quickly with safe packaging.<br>Check our reviews to see the accuracy of our conditions, speed of shipping and quality of service.<br>Send a DM to request any photos - If you have any questions please reach out!<br>","","sneakers","","11M / 12.5W","","","","","KCP","CT8012-047-11","KCP-422","11","12.5","Brand New","","Jordan 11 Retro Gamma Blue (2025)","Jordan 11 Retro Gamma Blue (2025)<br><br>SKU: CT8012-047<br>Colorway: Black/Gamma Blue/Varsity Maize<br>Released: 12/13/2025<br>new<br><br><br><ul>
<li>100% Authentic</li>
<li>In Stock &amp; Ready to Ship</li>
</ul>All items are shipped out quickly with safe packaging.<br>Check our reviews to see the accuracy of our conditions, speed of shipping and quality of service.<br>Send a DM to request any photos - If you have any questions please reach out!<br>","Jordan 11 Retro Gamma Blue (2025)","Brand New","Sneakers","gid://shopify/TaxonomyCategory/aa-sneakers","","false"
"jordan-11-retro-gamma-blue-2025","CT8012-047-11.5","Jordan","Jordan 11 Retro Gamma Blue (2025)","Jordan 11 Retro Gamma Blue (2025)<br><br>SKU: CT8012-047<br>Colorway: Black/Gamma Blue/Varsity Maize<br>Released: 12/13/2025<br>new<br><br><br><ul>
<li>100% Authentic</li>
<li>In Stock &amp; Ready to Ship</li>
</ul>All items are shipped out quickly with safe packaging.<br>Check our reviews to see the accuracy of our conditions, speed of shipping and quality of service.<br>Send a DM to request any photos - If you have any questions please reach out!<br>","","sneakers","","11.5M / 13W","","","","","KCP","CT8012-047-11.5","KCP-423","11.5","13","Brand New","","Jordan 11 Retro Gamma Blue (2025)","Jordan 11 Retro Gamma Blue (2025)<br><br>SKU: CT8012-047<br>Colorway: Black/Gamma Blue/Varsity Maize<br>Released: 12/13/2025<br>new<br><br><br><ul>
<li>100% Authentic</li>
<li>In Stock &amp; Ready to Ship</li>
</ul>All items are shipped out quickly with safe packaging.<br>Check our reviews to see the accuracy of our conditions, speed of shipping and quality of service.<br>Send a DM to request any photos - If you have any questions please reach out!<br>","Jordan 11 Retro Gamma Blue (2025)","Brand New","Sneakers","gid://shopify/TaxonomyCategory/aa-sneakers","","false"
"jordan-11-retro-gamma-blue-2025","CT8012-047-12","Jordan","Jordan 11 Retro Gamma Blue (2025)","Jordan 11 Retro Gamma Blue (2025)<br><br>SKU: CT8012-047<br>Colorway: Black/Gamma Blue/Varsity Maize<br>Released: 12/13/2025<br>new<br><br><br><ul>
<li>100% Authentic</li>
<li>In Stock &amp; Ready to Ship</li>
</ul>All items are shipped out quickly with safe packaging.<br>Check our reviews to see the accuracy of our conditions, speed of shipping and quality of service.<br>Send a DM to request any photos - If you have any questions please reach out!<br>","","sneakers","","12M / 13.5W","","","","","KCP","CT8012-047-12","KCP-424","12","13.5","Brand New","","Jordan 11 Retro Gamma Blue (2025)","Jordan 11 Retro Gamma Blue (2025)<br><br>SKU: CT8012-047<br>Colorway: Black/Gamma Blue/Varsity Maize<br>Released: 12/13/2025<br>new<br><br><br><ul>
<li>100% Authentic</li>
<li>In Stock &amp; Ready to Ship</li>
</ul>All items are shipped out quickly with safe packaging.<br>Check our reviews to see the accuracy of our conditions, speed of shipping and quality of service.<br>Send a DM to request any photos - If you have any questions please reach out!<br>","Jordan 11 Retro Gamma Blue (2025)","Brand New","Sneakers","gid://shopify/TaxonomyCategory/aa-sneakers","","false"
"jordan-11-retro-gamma-blue-2025","CT8012-047-12.5","Jordan","Jordan 11 Retro Gamma Blue (2025)","Jordan 11 Retro Gamma Blue (2025)<br><br>SKU: CT8012-047<br>Colorway: Black/Gamma Blue/Varsity Maize<br>Released: 12/13/2025<br>new<br><br><br><ul>
<li>100% Authentic</li>
<li>In Stock &amp; Ready to Ship</li>
</ul>All items are shipped out quickly with safe packaging.<br>Check our reviews to see the accuracy of our conditions, speed of shipping and quality of service.<br>Send a DM to request any photos - If you have any questions please reach out!<br>","","sneakers","","12.5M / 14W","","","","","KCP","CT8012-047-12.5","KCP-425","12.5","14","Brand New","","Jordan 11 Retro Gamma Blue (2025)","Jordan 11 Retro Gamma Blue (2025)<br><br>SKU: CT8012-047<br>Colorway: Black/Gamma Blue/Varsity Maize<br>Released: 12/13/2025<br>new<br><br><br><ul>
<li>100% Authentic</li>
<li>In Stock &amp; Ready to Ship</li>
</ul>All items are shipped out quickly with safe packaging.<br>Check our reviews to see the accuracy of our conditions, speed of shipping and quality of service.<br>Send a DM to request any photos - If you have any questions please reach out!<br>","Jordan 11 Retro Gamma Blue (2025)","Brand New","Sneakers","gid://shopify/TaxonomyCategory/aa-sneakers","","false"
"jordan-11-retro-gamma-blue-2025","CT8012-047-13","Jordan","Jordan 11 Retro Gamma Blue (2025)","Jordan 11 Retro Gamma Blue (2025)<br><br>SKU: CT8012-047<br>Colorway: Black/Gamma Blue/Varsity Maize<br>Released: 12/13/2025<br>new<br><br><br><ul>
<li>100% Authentic</li>
<li>In Stock &amp; Ready to Ship</li>
</ul>All items are shipped out quickly with safe packaging.<br>Check our reviews to see the accuracy of our conditions, speed of shipping and quality of service.<br>Send a DM to request any photos - If you have any questions please reach out!<br>","","sneakers","","13M / 14.5W","","","","","KCP","CT8012-047-13","KCP-426","13","14.5","Brand New","","Jordan 11 Retro Gamma Blue (2025)","Jordan 11 Retro Gamma Blue (2025)<br><br>SKU: CT8012-047<br>Colorway: Black/Gamma Blue/Varsity Maize<br>Released: 12/13/2025<br>new<br><br><br><ul>
<li>100% Authentic</li>
<li>In Stock &amp; Ready to Ship</li>
</ul>All items are shipped out quickly with safe packaging.<br>Check our reviews to see the accuracy of our conditions, speed of shipping and quality of service.<br>Send a DM to request any photos - If you have any questions please reach out!<br>","Jordan 11 Retro Gamma Blue (2025)","Brand New","Sneakers","gid://shopify/TaxonomyCategory/aa-sneakers","","false"
"jordan-11-retro-gamma-blue-2025","CT8012-047-14","Jordan","Jordan 11 Retro Gamma Blue (2025)","Jordan 11 Retro Gamma Blue (2025)<br><br>SKU: CT8012-047<br>Colorway: Black/Gamma Blue/Varsity Maize<br>Released: 12/13/2025<br>new<br><br><br><ul>
<li>100% Authentic</li>
<li>In Stock &amp; Ready to Ship</li>
</ul>All items are shipped out quickly with safe packaging.<br>Check our reviews to see the accuracy of our conditions, speed of shipping and quality of service.<br>Send a DM to request any photos - If you have any questions please reach out!<br>","","sneakers","","14M / 15.5W","","","","","KCP","CT8012-047-14","KCP-427","14","15.5","Brand New","","Jordan 11 Retro Gamma Blue (2025)","Jordan 11 Retro Gamma Blue (2025)<br><br>SKU: CT8012-047<br>Colorway: Black/Gamma Blue/Varsity Maize<br>Released: 12/13/2025<br>new<br><br><br><ul>
<li>100% Authentic</li>
<li>In Stock &amp; Ready to Ship</li>
</ul>All items are shipped out quickly with safe packaging.<br>Check our reviews to see the accuracy of our conditions, speed of shipping and quality of service.<br>Send a DM to request any photos - If you have any questions please reach out!<br>","Jordan 11 Retro Gamma Blue (2025)","Brand New","Sneakers","gid://shopify/TaxonomyCategory/aa-sneakers","","false"
"jordan-11-retro-gamma-blue-2025","CT8012-047-15","Jordan","Jordan 11 Retro Gamma Blue (2025)","Jordan 11 Retro Gamma Blue (2025)<br><br>SKU: CT8012-047<br>Colorway: Black/Gamma Blue/Varsity Maize<br>Released: 12/13/2025<br>new<br><br><br><ul>
<li>100% Authentic</li>
<li>In Stock &amp; Ready to Ship</li>
</ul>All items are shipped out quickly with safe packaging.<br>Check our reviews to see the accuracy of our conditions, speed of shipping and quality of service.<br>Send a DM to request any photos - If you have any questions please reach out!<br>","","sneakers","","15M / 16.5W","","","","","KCP","CT8012-047-15","KCP-428","15","16.5","Brand New","","Jordan 11 Retro Gamma Blue (2025)","Jordan 11 Retro Gamma Blue (2025)<br><br>SKU: CT8012-047<br>Colorway: Black/Gamma Blue/Varsity Maize<br>Released: 12/13/2025<br>new<br><br><br><ul>
<li>100% Authentic</li>
<li>In Stock &amp; Ready to Ship</li>
</ul>All items are shipped out quickly with safe packaging.<br>Check our reviews to see the accuracy of our conditions, speed of shipping and quality of service.<br>Send a DM to request any photos - If you have any questions please reach out!<br>","Jordan 11 Retro Gamma Blue (2025)","Brand New","Sneakers","gid://shopify/TaxonomyCategory/aa-sneakers","","false"
"jordan-11-retro-gamma-blue-2025","CT8012-047-16","Jordan","Jordan 11 Retro Gamma Blue (2025)","Jordan 11 Retro Gamma Blue (2025)<br><br>SKU: CT8012-047<br>Colorway: Black/Gamma Blue/Varsity Maize<br>Released: 12/13/2025<br>new<br><br><br><ul>
<li>100% Authentic</li>
<li>In Stock &amp; Ready to Ship</li>
</ul>All items are shipped out quickly with safe packaging.<br>Check our reviews to see the accuracy of our conditions, speed of shipping and quality of service.<br>Send a DM to request any photos - If you have any questions please reach out!<br>","","sneakers","","16M / 17.5W","","","","","KCP","CT8012-047-16","KCP-429","16","17.5","Brand New","","Jordan 11 Retro Gamma Blue (2025)","Jordan 11 Retro Gamma Blue (2025)<br><br>SKU: CT8012-047<br>Colorway: Black/Gamma Blue/Varsity Maize<br>Released: 12/13/2025<br>new<br><br><br><ul>
<li>100% Authentic</li>
<li>In Stock &amp; Ready to Ship</li>
</ul>All items are shipped out quickly with safe packaging.<br>Check our reviews to see the accuracy of our conditions, speed of shipping and quality of service.<br>Send a DM to request any photos - If you have any questions please reach out!<br>","Jordan 11 Retro Gamma Blue (2025)","Brand New","Sneakers","gid://shopify/TaxonomyCategory/aa-sneakers","","false"
"jordan-11-retro-gamma-blue-2025","CT8012-047-17","Jordan","Jordan 11 Retro Gamma Blue (2025)","Jordan 11 Retro Gamma Blue (2025)<br><br>SKU: CT8012-047<br>Colorway: Black/Gamma Blue/Varsity Maize<br>Released: 12/13/2025<br>new<br><br><br><ul>
<li>100% Authentic</li>
<li>In Stock &amp; Ready to Ship</li>
</ul>All items are shipped out quickly with safe packaging.<br>Check our reviews to see the accuracy of our conditions, speed of shipping and quality of service.<br>Send a DM to request any photos - If you have any questions please reach out!<br>","","sneakers","","17M / 18.5W","","","","","KCP","CT8012-047-17","KCP-430","17","18.5","Brand New","","Jordan 11 Retro Gamma Blue (2025)","Jordan 11 Retro Gamma Blue (2025)<br><br>SKU: CT8012-047<br>Colorway: Black/Gamma Blue/Varsity Maize<br>Released: 12/13/2025<br>new<br><br><br><ul>
<li>100% Authentic</li>
<li>In Stock &amp; Ready to Ship</li>
</ul>All items are shipped out quickly with safe packaging.<br>Check our reviews to see the accuracy of our conditions, speed of shipping and quality of service.<br>Send a DM to request any photos - If you have any questions please reach out!<br>","Jordan 11 Retro Gamma Blue (2025)","Brand New","Sneakers","gid://shopify/TaxonomyCategory/aa-sneakers","","false"
"jordan-11-retro-gamma-blue-2025","CT8012-047-18","Jordan","Jordan 11 Retro Gamma Blue (2025)","Jordan 11 Retro Gamma Blue (2025)<br><br>SKU: CT8012-047<br>Colorway: Black/Gamma Blue/Varsity Maize<br>Released: 12/13/2025<br>new<br><br><br><ul>
<li>100% Authentic</li>
<li>In Stock &amp; Ready to Ship</li>
</ul>All items are shipped out quickly with safe packaging.<br>Check our reviews to see the accuracy of our conditions, speed of shipping and quality of service.<br>Send a DM to request any photos - If you have any questions please reach out!<br>","","sneakers","","18M / 19.5W","","","","","KCP","CT8012-047-18","KCP-431","18","19.5","Brand New","","Jordan 11 Retro Gamma Blue (2025)","Jordan 11 Retro Gamma Blue (2025)<br><br>SKU: CT8012-047<br>Colorway: Black/Gamma Blue/Varsity Maize<br>Released: 12/13/2025<br>new<br><br><br><ul>
<li>100% Authentic</li>
<li>In Stock &amp; Ready to Ship</li>
</ul>All items are shipped out quickly with safe packaging.<br>Check our reviews to see the accuracy of our conditions, speed of shipping and quality of service.<br>Send a DM to request any photos - If you have any questions please reach out!<br>","Jordan 11 Retro Gamma Blue (2025)","Brand New","Sneakers","gid://shopify/TaxonomyCategory/aa-sneakers","","false"
"jordan-1-retro-low-og-sp-travis-scott-medium-olive","DM7866-200-3.5","Jordan","Jordan 1 Retro Low OG SP Travis Scott Medium Olive","Jordan 1 Retro Low OG SP Travis Scott Medium Olive<br><br>SKU: DM7866-200<br>Colorway: Medium Olive/Black/Sail/Muslin<br>Released: 09/28/2024<br>new<br><br><br><ul>
<li>100% Authentic</li>
<li>In Stock &amp; Ready to Ship</li>
</ul>All items are shipped out quickly with safe packaging.<br>Check our reviews to see the accuracy of our conditions, speed of shipping and quality of service.<br>Send a DM to request any photos - If you have any questions please reach out!<br>","","sneakers","Size","3.5Y / 5W","","","","","KCP","DM7866-200-3.5","KCP-432","3.5","5","Brand New","","Jordan 1 Retro Low OG SP Travis Scott Medium Olive","Jordan 1 Retro Low OG SP Travis Scott Medium Olive<br><br>SKU: DM7866-200<br>Colorway: Medium Olive/Black/Sail/Muslin<br>Released: 09/28/2024<br>new<br><br><br><ul>
<li>100% Authentic</li>
<li>In Stock &amp; Ready to Ship</li>
</ul>All items are shipped out quickly with safe packaging.<br>Check our reviews to see the accuracy of our conditions, speed of shipping and quality of service.<br>Send a DM to request any photos - If you have any questions please reach out!<br>","Jordan 1 Retro Low OG SP Travis Scott Medium Olive","Brand New","Sneakers","gid://shopify/TaxonomyCategory/aa-sneakers","","false"
"jordan-1-retro-low-og-sp-travis-scott-medium-olive","DM7866-200-4","Jordan","Jordan 1 Retro Low OG SP Travis Scott Medium Olive","Jordan 1 Retro Low OG SP Travis Scott Medium Olive<br><br>SKU: DM7866-200<br>Colorway: Medium Olive/Black/Sail/Muslin<br>Released: 09/28/2024<br>new<br><br><br><ul>
<li>100% Authentic</li>
<li>In Stock &amp; Ready to Ship</li>
</ul>All items are shipped out quickly with safe packaging.<br>Check our reviews to see the accuracy of our conditions, speed of shipping and quality of service.<br>Send a DM to request any photos - If you have any questions please reach out!<br>","","sneakers","","4Y / 5.5W","","","","","KCP","DM7866-200-4","KCP-433","4","5.5","Brand New","","Jordan 1 Retro Low OG SP Travis Scott Medium Olive","Jordan 1 Retro Low OG SP Travis Scott Medium Olive<br><br>SKU: DM7866-200<br>Colorway: Medium Olive/Black/Sail/Muslin<br>Released: 09/28/2024<br>new<br><br><br><ul>
<li>100% Authentic</li>
<li>In Stock &amp; Ready to Ship</li>
</ul>All items are shipped out quickly with safe packaging.<br>Check our reviews to see the accuracy of our conditions, speed of shipping and quality of service.<br>Send a DM to request any photos - If you have any questions please reach out!<br>","Jordan 1 Retro Low OG SP Travis Scott Medium Olive","Brand New","Sneakers","gid://shopify/TaxonomyCategory/aa-sneakers","","false"
"jordan-1-retro-low-og-sp-travis-scott-medium-olive","DM7866-200-4.5","Jordan","Jordan 1 Retro Low OG SP Travis Scott Medium Olive","Jordan 1 Retro Low OG SP Travis Scott Medium Olive<br><br>SKU: DM7866-200<br>Colorway: Medium Olive/Black/Sail/Muslin<br>Released: 09/28/2024<br>new<br><br><br><ul>
<li>100% Authentic</li>
<li>In Stock &amp; Ready to Ship</li>
</ul>All items are shipped out quickly with safe packaging.<br>Check our reviews to see the accuracy of our conditions, speed of shipping and quality of service.<br>Send a DM to request any photos - If you have any questions please reach out!<br>","","sneakers","","4.5Y / 6W","","","","","KCP","DM7866-200-4.5","KCP-434","4.5","6","Brand New","","Jordan 1 Retro Low OG SP Travis Scott Medium Olive","Jordan 1 Retro Low OG SP Travis Scott Medium Olive<br><br>SKU: DM7866-200<br>Colorway: Medium Olive/Black/Sail/Muslin<br>Released: 09/28/2024<br>new<br><br><br><ul>
<li>100% Authentic</li>
<li>In Stock &amp; Ready to Ship</li>
</ul>All items are shipped out quickly with safe packaging.<br>Check our reviews to see the accuracy of our conditions, speed of shipping and quality of service.<br>Send a DM to request any photos - If you have any questions please reach out!<br>","Jordan 1 Retro Low OG SP Travis Scott Medium Olive","Brand New","Sneakers","gid://shopify/TaxonomyCategory/aa-sneakers","","false"
"jordan-1-retro-low-og-sp-travis-scott-medium-olive","DM7866-200-5","Jordan","Jordan 1 Retro Low OG SP Travis Scott Medium Olive","Jordan 1 Retro Low OG SP Travis Scott Medium Olive<br><br>SKU: DM7866-200<br>Colorway: Medium Olive/Black/Sail/Muslin<br>Released: 09/28/2024<br>new<br><br><br><ul>
<li>100% Authentic</li>
<li>In Stock &amp; Ready to Ship</li>
</ul>All items are shipped out quickly with safe packaging.<br>Check our reviews to see the accuracy of our conditions, speed of shipping and quality of service.<br>Send a DM to request any photos - If you have any questions please reach out!<br>","","sneakers","","5Y / 6.5W","","","","","KCP","DM7866-200-5","KCP-435","5","6.5","Brand New","","Jordan 1 Retro Low OG SP Travis Scott Medium Olive","Jordan 1 Retro Low OG SP Travis Scott Medium Olive<br><br>SKU: DM7866-200<br>Colorway: Medium Olive/Black/Sail/Muslin<br>Released: 09/28/2024<br>new<br><br><br><ul>
<li>100% Authentic</li>
<li>In Stock &amp; Ready to Ship</li>
</ul>All items are shipped out quickly with safe packaging.<br>Check our reviews to see the accuracy of our conditions, speed of shipping and quality of service.<br>Send a DM to request any photos - If you have any questions please reach out!<br>","Jordan 1 Retro Low OG SP Travis Scott Medium Olive","Brand New","Sneakers","gid://shopify/TaxonomyCategory/aa-sneakers","","false"
"jordan-1-retro-low-og-sp-travis-scott-medium-olive","DM7866-200-5.5","Jordan","Jordan 1 Retro Low OG SP Travis Scott Medium Olive","Jordan 1 Retro Low OG SP Travis Scott Medium Olive<br><br>SKU: DM7866-200<br>Colorway: Medium Olive/Black/Sail/Muslin<br>Released: 09/28/2024<br>new<br><br><br><ul>
<li>100% Authentic</li>
<li>In Stock &amp; Ready to Ship</li>
</ul>All items are shipped out quickly with safe packaging.<br>Check our reviews to see the accuracy of our conditions, speed of shipping and quality of service.<br>Send a DM to request any photos - If you have any questions please reach out!<br>","","sneakers","","5.5Y / 7W","","","","","KCP","DM7866-200-5.5","KCP-436","5.5","7","Brand New","","Jordan 1 Retro Low OG SP Travis Scott Medium Olive","Jordan 1 Retro Low OG SP Travis Scott Medium Olive<br><br>SKU: DM7866-200<br>Colorway: Medium Olive/Black/Sail/Muslin<br>Released: 09/28/2024<br>new<br><br><br><ul>
<li>100% Authentic</li>
<li>In Stock &amp; Ready to Ship</li>
</ul>All items are shipped out quickly with safe packaging.<br>Check our reviews to see the accuracy of our conditions, speed of shipping and quality of service.<br>Send a DM to request any photos - If you have any questions please reach out!<br>","Jordan 1 Retro Low OG SP Travis Scott Medium Olive","Brand New","Sneakers","gid://shopify/TaxonomyCategory/aa-sneakers","","false"
"jordan-1-retro-low-og-sp-travis-scott-medium-olive","DM7866-200-6","Jordan","Jordan 1 Retro Low OG SP Travis Scott Medium Olive","Jordan 1 Retro Low OG SP Travis Scott Medium Olive<br><br>SKU: DM7866-200<br>Colorway: Medium Olive/Black/Sail/Muslin<br>Released: 09/28/2024<br>new<br><br><br><ul>
<li>100% Authentic</li>
<li>In Stock &amp; Ready to Ship</li>
</ul>All items are shipped out quickly with safe packaging.<br>Check our reviews to see the accuracy of our conditions, speed of shipping and quality of service.<br>Send a DM to request any photos - If you have any questions please reach out!<br>","","sneakers","","6Y / 7.5W","","","","","KCP","DM7866-200-6","KCP-437","6","7.5","Brand New","","Jordan 1 Retro Low OG SP Travis Scott Medium Olive","Jordan 1 Retro Low OG SP Travis Scott Medium Olive<br><br>SKU: DM7866-200<br>Colorway: Medium Olive/Black/Sail/Muslin<br>Released: 09/28/2024<br>new<br><br><br><ul>
<li>100% Authentic</li>
<li>In Stock &amp; Ready to Ship</li>
</ul>All items are shipped out quickly with safe packaging.<br>Check our reviews to see the accuracy of our conditions, speed of shipping and quality of service.<br>Send a DM to request any photos - If you have any questions please reach out!<br>","Jordan 1 Retro Low OG SP Travis Scott Medium Olive","Brand New","Sneakers","gid://shopify/TaxonomyCategory/aa-sneakers","","false"
"jordan-1-retro-low-og-sp-travis-scott-medium-olive","DM7866-200-6.5","Jordan","Jordan 1 Retro Low OG SP Travis Scott Medium Olive","Jordan 1 Retro Low OG SP Travis Scott Medium Olive<br><br>SKU: DM7866-200<br>Colorway: Medium Olive/Black/Sail/Muslin<br>Released: 09/28/2024<br>new<br><br><br><ul>
<li>100% Authentic</li>
<li>In Stock &amp; Ready to Ship</li>
</ul>All items are shipped out quickly with safe packaging.<br>Check our reviews to see the accuracy of our conditions, speed of shipping and quality of service.<br>Send a DM to request any photos - If you have any questions please reach out!<br>","","sneakers","","6.5Y / 8W","","","","","KCP","DM7866-200-6.5","KCP-438","6.5","8","Brand New","","Jordan 1 Retro Low OG SP Travis Scott Medium Olive","Jordan 1 Retro Low OG SP Travis Scott Medium Olive<br><br>SKU: DM7866-200<br>Colorway: Medium Olive/Black/Sail/Muslin<br>Released: 09/28/2024<br>new<br><br><br><ul>
<li>100% Authentic</li>
<li>In Stock &amp; Ready to Ship</li>
</ul>All items are shipped out quickly with safe packaging.<br>Check our reviews to see the accuracy of our conditions, speed of shipping and quality of service.<br>Send a DM to request any photos - If you have any questions please reach out!<br>","Jordan 1 Retro Low OG SP Travis Scott Medium Olive","Brand New","Sneakers","gid://shopify/TaxonomyCategory/aa-sneakers","","false"
"jordan-1-retro-low-og-sp-travis-scott-medium-olive","DM7866-200-7","Jordan","Jordan 1 Retro Low OG SP Travis Scott Medium Olive","Jordan 1 Retro Low OG SP Travis Scott Medium Olive<br><br>SKU: DM7866-200<br>Colorway: Medium Olive/Black/Sail/Muslin<br>Released: 09/28/2024<br>new<br><br><br><ul>
<li>100% Authentic</li>
<li>In Stock &amp; Ready to Ship</li>
</ul>All items are shipped out quickly with safe packaging.<br>Check our reviews to see the accuracy of our conditions, speed of shipping and quality of service.<br>Send a DM to request any photos - If you have any questions please reach out!<br>","","sneakers","","7Y / 8.5W","","","","","KCP","DM7866-200-7","KCP-439","7","8.5","Brand New","","Jordan 1 Retro Low OG SP Travis Scott Medium Olive","Jordan 1 Retro Low OG SP Travis Scott Medium Olive<br><br>SKU: DM7866-200<br>Colorway: Medium Olive/Black/Sail/Muslin<br>Released: 09/28/2024<br>new<br><br><br><ul>
<li>100% Authentic</li>
<li>In Stock &amp; Ready to Ship</li>
</ul>All items are shipped out quickly with safe packaging.<br>Check our reviews to see the accuracy of our conditions, speed of shipping and quality of service.<br>Send a DM to request any photos - If you have any questions please reach out!<br>","Jordan 1 Retro Low OG SP Travis Scott Medium Olive","Brand New","Sneakers","gid://shopify/TaxonomyCategory/aa-sneakers","","false"
"jordan-1-retro-low-og-sp-travis-scott-medium-olive","DM7866-200-7.5","Jordan","Jordan 1 Retro Low OG SP Travis Scott Medium Olive","Jordan 1 Retro Low OG SP Travis Scott Medium Olive<br><br>SKU: DM7866-200<br>Colorway: Medium Olive/Black/Sail/Muslin<br>Released: 09/28/2024<br>new<br><br><br><ul>
<li>100% Authentic</li>
<li>In Stock &amp; Ready to Ship</li>
</ul>All items are shipped out quickly with safe packaging.<br>Check our reviews to see the accuracy of our conditions, speed of shipping and quality of service.<br>Send a DM to request any photos - If you have any questions please reach out!<br>","","sneakers","","7.5M / 9W","","","","","KCP","DM7866-200-7.5","KCP-440","7.5","9","Brand New","","Jordan 1 Retro Low OG SP Travis Scott Medium Olive","Jordan 1 Retro Low OG SP Travis Scott Medium Olive<br><br>SKU: DM7866-200<br>Colorway: Medium Olive/Black/Sail/Muslin<br>Released: 09/28/2024<br>new<br><br><br><ul>
<li>100% Authentic</li>
<li>In Stock &amp; Ready to Ship</li>
</ul>All items are shipped out quickly with safe packaging.<br>Check our reviews to see the accuracy of our conditions, speed of shipping and quality of service.<br>Send a DM to request any photos - If you have any questions please reach out!<br>","Jordan 1 Retro Low OG SP Travis Scott Medium Olive","Brand New","Sneakers","gid://shopify/TaxonomyCategory/aa-sneakers","","false"
"jordan-1-retro-low-og-sp-travis-scott-medium-olive","DM7866-200-8","Jordan","Jordan 1 Retro Low OG SP Travis Scott Medium Olive","Jordan 1 Retro Low OG SP Travis Scott Medium Olive<br><br>SKU: DM7866-200<br>Colorway: Medium Olive/Black/Sail/Muslin<br>Released: 09/28/2024<br>new<br><br><br><ul>
<li>100% Authentic</li>
<li>In Stock &amp; Ready to Ship</li>
</ul>All items are shipped out quickly with safe packaging.<br>Check our reviews to see the accuracy of our conditions, speed of shipping and quality of service.<br>Send a DM to request any photos - If you have any questions please reach out!<br>","","sneakers","","8M / 9.5W","","","","","KCP","DM7866-200-8","KCP-441","8","9.5","Brand New","","Jordan 1 Retro Low OG SP Travis Scott Medium Olive","Jordan 1 Retro Low OG SP Travis Scott Medium Olive<br><br>SKU: DM7866-200<br>Colorway: Medium Olive/Black/Sail/Muslin<br>Released: 09/28/2024<br>new<br><br><br><ul>
<li>100% Authentic</li>
<li>In Stock &amp; Ready to Ship</li>
</ul>All items are shipped out quickly with safe packaging.<br>Check our reviews to see the accuracy of our conditions, speed of shipping and quality of service.<br>Send a DM to request any photos - If you have any questions please reach out!<br>","Jordan 1 Retro Low OG SP Travis Scott Medium Olive","Brand New","Sneakers","gid://shopify/TaxonomyCategory/aa-sneakers","","false"
"jordan-1-retro-low-og-sp-travis-scott-medium-olive","DM7866-200-8.5","Jordan","Jordan 1 Retro Low OG SP Travis Scott Medium Olive","Jordan 1 Retro Low OG SP Travis Scott Medium Olive<br><br>SKU: DM7866-200<br>Colorway: Medium Olive/Black/Sail/Muslin<br>Released: 09/28/2024<br>new<br><br><br><ul>
<li>100% Authentic</li>
<li>In Stock &amp; Ready to Ship</li>
</ul>All items are shipped out quickly with safe packaging.<br>Check our reviews to see the accuracy of our conditions, speed of shipping and quality of service.<br>Send a DM to request any photos - If you have any questions please reach out!<br>","","sneakers","","8.5M / 10W","","","","","KCP","DM7866-200-8.5","KCP-442","8.5","10","Brand New","","Jordan 1 Retro Low OG SP Travis Scott Medium Olive","Jordan 1 Retro Low OG SP Travis Scott Medium Olive<br><br>SKU: DM7866-200<br>Colorway: Medium Olive/Black/Sail/Muslin<br>Released: 09/28/2024<br>new<br><br><br><ul>
<li>100% Authentic</li>
<li>In Stock &amp; Ready to Ship</li>
</ul>All items are shipped out quickly with safe packaging.<br>Check our reviews to see the accuracy of our conditions, speed of shipping and quality of service.<br>Send a DM to request any photos - If you have any questions please reach out!<br>","Jordan 1 Retro Low OG SP Travis Scott Medium Olive","Brand New","Sneakers","gid://shopify/TaxonomyCategory/aa-sneakers","","false"
"jordan-1-retro-low-og-sp-travis-scott-medium-olive","DM7866-200-9","Jordan","Jordan 1 Retro Low OG SP Travis Scott Medium Olive","Jordan 1 Retro Low OG SP Travis Scott Medium Olive<br><br>SKU: DM7866-200<br>Colorway: Medium Olive/Black/Sail/Muslin<br>Released: 09/28/2024<br>new<br><br><br><ul>
<li>100% Authentic</li>
<li>In Stock &amp; Ready to Ship</li>
</ul>All items are shipped out quickly with safe packaging.<br>Check our reviews to see the accuracy of our conditions, speed of shipping and quality of service.<br>Send a DM to request any photos - If you have any questions please reach out!<br>","","sneakers","","9M / 10.5W","","","","","KCP","DM7866-200-9","KCP-443","9","10.5","Brand New","","Jordan 1 Retro Low OG SP Travis Scott Medium Olive","Jordan 1 Retro Low OG SP Travis Scott Medium Olive<br><br>SKU: DM7866-200<br>Colorway: Medium Olive/Black/Sail/Muslin<br>Released: 09/28/2024<br>new<br><br><br><ul>
<li>100% Authentic</li>
<li>In Stock &amp; Ready to Ship</li>
</ul>All items are shipped out quickly with safe packaging.<br>Check our reviews to see the accuracy of our conditions, speed of shipping and quality of service.<br>Send a DM to request any photos - If you have any questions please reach out!<br>","Jordan 1 Retro Low OG SP Travis Scott Medium Olive","Brand New","Sneakers","gid://shopify/TaxonomyCategory/aa-sneakers","","false"
"jordan-1-retro-low-og-sp-travis-scott-medium-olive","DM7866-200-9.5","Jordan","Jordan 1 Retro Low OG SP Travis Scott Medium Olive","Jordan 1 Retro Low OG SP Travis Scott Medium Olive<br><br>SKU: DM7866-200<br>Colorway: Medium Olive/Black/Sail/Muslin<br>Released: 09/28/2024<br>new<br><br><br><ul>
<li>100% Authentic</li>
<li>In Stock &amp; Ready to Ship</li>
</ul>All items are shipped out quickly with safe packaging.<br>Check our reviews to see the accuracy of our conditions, speed of shipping and quality of service.<br>Send a DM to request any photos - If you have any questions please reach out!<br>","","sneakers","","9.5M / 11W","","","","","KCP","DM7866-200-9.5","KCP-444","9.5","11","Brand New","","Jordan 1 Retro Low OG SP Travis Scott Medium Olive","Jordan 1 Retro Low OG SP Travis Scott Medium Olive<br><br>SKU: DM7866-200<br>Colorway: Medium Olive/Black/Sail/Muslin<br>Released: 09/28/2024<br>new<br><br><br><ul>
<li>100% Authentic</li>
<li>In Stock &amp; Ready to Ship</li>
</ul>All items are shipped out quickly with safe packaging.<br>Check our reviews to see the accuracy of our conditions, speed of shipping and quality of service.<br>Send a DM to request any photos - If you have any questions please reach out!<br>","Jordan 1 Retro Low OG SP Travis Scott Medium Olive","Brand New","Sneakers","gid://shopify/TaxonomyCategory/aa-sneakers","","false"
"jordan-1-retro-low-og-sp-travis-scott-medium-olive","DM7866-200-10","Jordan","Jordan 1 Retro Low OG SP Travis Scott Medium Olive","Jordan 1 Retro Low OG SP Travis Scott Medium Olive<br><br>SKU: DM7866-200<br>Colorway: Medium Olive/Black/Sail/Muslin<br>Released: 09/28/2024<br>new<br><br><br><ul>
<li>100% Authentic</li>
<li>In Stock &amp; Ready to Ship</li>
</ul>All items are shipped out quickly with safe packaging.<br>Check our reviews to see the accuracy of our conditions, speed of shipping and quality of service.<br>Send a DM to request any photos - If you have any questions please reach out!<br>","","sneakers","","10M / 11.5W","","","","","KCP","DM7866-200-10","KCP-445","10","11.5","Brand New","","Jordan 1 Retro Low OG SP Travis Scott Medium Olive","Jordan 1 Retro Low OG SP Travis Scott Medium Olive<br><br>SKU: DM7866-200<br>Colorway: Medium Olive/Black/Sail/Muslin<br>Released: 09/28/2024<br>new<br><br><br><ul>
<li>100% Authentic</li>
<li>In Stock &amp; Ready to Ship</li>
</ul>All items are shipped out quickly with safe packaging.<br>Check our reviews to see the accuracy of our conditions, speed of shipping and quality of service.<br>Send a DM to request any photos - If you have any questions please reach out!<br>","Jordan 1 Retro Low OG SP Travis Scott Medium Olive","Brand New","Sneakers","gid://shopify/TaxonomyCategory/aa-sneakers","","false"
"jordan-1-retro-low-og-sp-travis-scott-medium-olive","DM7866-200-10.5","Jordan","Jordan 1 Retro Low OG SP Travis Scott Medium Olive","Jordan 1 Retro Low OG SP Travis Scott Medium Olive<br><br>SKU: DM7866-200<br>Colorway: Medium Olive/Black/Sail/Muslin<br>Released: 09/28/2024<br>new<br><br><br><ul>
<li>100% Authentic</li>
<li>In Stock &amp; Ready to Ship</li>
</ul>All items are shipped out quickly with safe packaging.<br>Check our reviews to see the accuracy of our conditions, speed of shipping and quality of service.<br>Send a DM to request any photos - If you have any questions please reach out!<br>","","sneakers","","10.5M / 12W","","","","","KCP","DM7866-200-10.5","KCP-446","10.5","12","Brand New","","Jordan 1 Retro Low OG SP Travis Scott Medium Olive","Jordan 1 Retro Low OG SP Travis Scott Medium Olive<br><br>SKU: DM7866-200<br>Colorway: Medium Olive/Black/Sail/Muslin<br>Released: 09/28/2024<br>new<br><br><br><ul>
<li>100% Authentic</li>
<li>In Stock &amp; Ready to Ship</li>
</ul>All items are shipped out quickly with safe packaging.<br>Check our reviews to see the accuracy of our conditions, speed of shipping and quality of service.<br>Send a DM to request any photos - If you have any questions please reach out!<br>","Jordan 1 Retro Low OG SP Travis Scott Medium Olive","Brand New","Sneakers","gid://shopify/TaxonomyCategory/aa-sneakers","","false"
"jordan-1-retro-low-og-sp-travis-scott-medium-olive","DM7866-200-11","Jordan","Jordan 1 Retro Low OG SP Travis Scott Medium Olive","Jordan 1 Retro Low OG SP Travis Scott Medium Olive<br><br>SKU: DM7866-200<br>Colorway: Medium Olive/Black/Sail/Muslin<br>Released: 09/28/2024<br>new<br><br><br><ul>
<li>100% Authentic</li>
<li>In Stock &amp; Ready to Ship</li>
</ul>All items are shipped out quickly with safe packaging.<br>Check our reviews to see the accuracy of our conditions, speed of shipping and quality of service.<br>Send a DM to request any photos - If you have any questions please reach out!<br>","","sneakers","","11M / 12.5W","","","","","KCP","DM7866-200-11","KCP-447","11","12.5","Brand New","","Jordan 1 Retro Low OG SP Travis Scott Medium Olive","Jordan 1 Retro Low OG SP Travis Scott Medium Olive<br><br>SKU: DM7866-200<br>Colorway: Medium Olive/Black/Sail/Muslin<br>Released: 09/28/2024<br>new<br><br><br><ul>
<li>100% Authentic</li>
<li>In Stock &amp; Ready to Ship</li>
</ul>All items are shipped out quickly with safe packaging.<br>Check our reviews to see the accuracy of our conditions, speed of shipping and quality of service.<br>Send a DM to request any photos - If you have any questions please reach out!<br>","Jordan 1 Retro Low OG SP Travis Scott Medium Olive","Brand New","Sneakers","gid://shopify/TaxonomyCategory/aa-sneakers","","false"
"jordan-1-retro-low-og-sp-travis-scott-medium-olive","DM7866-200-11.5","Jordan","Jordan 1 Retro Low OG SP Travis Scott Medium Olive","Jordan 1 Retro Low OG SP Travis Scott Medium Olive<br><br>SKU: DM7866-200<br>Colorway: Medium Olive/Black/Sail/Muslin<br>Released: 09/28/2024<br>new<br><br><br><ul>
<li>100% Authentic</li>
<li>In Stock &amp; Ready to Ship</li>
</ul>All items are shipped out quickly with safe packaging.<br>Check our reviews to see the accuracy of our conditions, speed of shipping and quality of service.<br>Send a DM to request any photos - If you have any questions please reach out!<br>","","sneakers","","11.5M / 13W","","","","","KCP","DM7866-200-11.5","KCP-448","11.5","13","Brand New","","Jordan 1 Retro Low OG SP Travis Scott Medium Olive","Jordan 1 Retro Low OG SP Travis Scott Medium Olive<br><br>SKU: DM7866-200<br>Colorway: Medium Olive/Black/Sail/Muslin<br>Released: 09/28/2024<br>new<br><br><br><ul>
<li>100% Authentic</li>
<li>In Stock &amp; Ready to Ship</li>
</ul>All items are shipped out quickly with safe packaging.<br>Check our reviews to see the accuracy of our conditions, speed of shipping and quality of service.<br>Send a DM to request any photos - If you have any questions please reach out!<br>","Jordan 1 Retro Low OG SP Travis Scott Medium Olive","Brand New","Sneakers","gid://shopify/TaxonomyCategory/aa-sneakers","","false"
"jordan-1-retro-low-og-sp-travis-scott-medium-olive","DM7866-200-12","Jordan","Jordan 1 Retro Low OG SP Travis Scott Medium Olive","Jordan 1 Retro Low OG SP Travis Scott Medium Olive<br><br>SKU: DM7866-200<br>Colorway: Medium Olive/Black/Sail/Muslin<br>Released: 09/28/2024<br>new<br><br><br><ul>
<li>100% Authentic</li>
<li>In Stock &amp; Ready to Ship</li>
</ul>All items are shipped out quickly with safe packaging.<br>Check our reviews to see the accuracy of our conditions, speed of shipping and quality of service.<br>Send a DM to request any photos - If you have any questions please reach out!<br>","","sneakers","","12M / 13.5W","","","","","KCP","DM7866-200-12","KCP-449","12","13.5","Brand New","","Jordan 1 Retro Low OG SP Travis Scott Medium Olive","Jordan 1 Retro Low OG SP Travis Scott Medium Olive<br><br>SKU: DM7866-200<br>Colorway: Medium Olive/Black/Sail/Muslin<br>Released: 09/28/2024<br>new<br><br><br><ul>
<li>100% Authentic</li>
<li>In Stock &amp; Ready to Ship</li>
</ul>All items are shipped out quickly with safe packaging.<br>Check our reviews to see the accuracy of our conditions, speed of shipping and quality of service.<br>Send a DM to request any photos - If you have any questions please reach out!<br>","Jordan 1 Retro Low OG SP Travis Scott Medium Olive","Brand New","Sneakers","gid://shopify/TaxonomyCategory/aa-sneakers","","false"
"jordan-1-retro-low-og-sp-travis-scott-medium-olive","DM7866-200-12.5","Jordan","Jordan 1 Retro Low OG SP Travis Scott Medium Olive","Jordan 1 Retro Low OG SP Travis Scott Medium Olive<br><br>SKU: DM7866-200<br>Colorway: Medium Olive/Black/Sail/Muslin<br>Released: 09/28/2024<br>new<br><br><br><ul>
<li>100% Authentic</li>
<li>In Stock &amp; Ready to Ship</li>
</ul>All items are shipped out quickly with safe packaging.<br>Check our reviews to see the accuracy of our conditions, speed of shipping and quality of service.<br>Send a DM to request any photos - If you have any questions please reach out!<br>","","sneakers","","12.5M / 14W","","","","","KCP","DM7866-200-12.5","KCP-450","12.5","14","Brand New","","Jordan 1 Retro Low OG SP Travis Scott Medium Olive","Jordan 1 Retro Low OG SP Travis Scott Medium Olive<br><br>SKU: DM7866-200<br>Colorway: Medium Olive/Black/Sail/Muslin<br>Released: 09/28/2024<br>new<br><br><br><ul>
<li>100% Authentic</li>
<li>In Stock &amp; Ready to Ship</li>
</ul>All items are shipped out quickly with safe packaging.<br>Check our reviews to see the accuracy of our conditions, speed of shipping and quality of service.<br>Send a DM to request any photos - If you have any questions please reach out!<br>","Jordan 1 Retro Low OG SP Travis Scott Medium Olive","Brand New","Sneakers","gid://shopify/TaxonomyCategory/aa-sneakers","","false"
"jordan-1-retro-low-og-sp-travis-scott-medium-olive","DM7866-200-13","Jordan","Jordan 1 Retro Low OG SP Travis Scott Medium Olive","Jordan 1 Retro Low OG SP Travis Scott Medium Olive<br><br>SKU: DM7866-200<br>Colorway: Medium Olive/Black/Sail/Muslin<br>Released: 09/28/2024<br>new<br><br><br><ul>
<li>100% Authentic</li>
<li>In Stock &amp; Ready to Ship</li>
</ul>All items are shipped out quickly with safe packaging.<br>Check our reviews to see the accuracy of our conditions, speed of shipping and quality of service.<br>Send a DM to request any photos - If you have any questions please reach out!<br>","","sneakers","","13M / 14.5W","","","","","KCP","DM7866-200-13","KCP-451","13","14.5","Brand New","","Jordan 1 Retro Low OG SP Travis Scott Medium Olive","Jordan 1 Retro Low OG SP Travis Scott Medium Olive<br><br>SKU: DM7866-200<br>Colorway: Medium Olive/Black/Sail/Muslin<br>Released: 09/28/2024<br>new<br><br><br><ul>
<li>100% Authentic</li>
<li>In Stock &amp; Ready to Ship</li>
</ul>All items are shipped out quickly with safe packaging.<br>Check our reviews to see the accuracy of our conditions, speed of shipping and quality of service.<br>Send a DM to request any photos - If you have any questions please reach out!<br>","Jordan 1 Retro Low OG SP Travis Scott Medium Olive","Brand New","Sneakers","gid://shopify/TaxonomyCategory/aa-sneakers","","false"
"jordan-1-retro-low-og-sp-travis-scott-medium-olive","DM7866-200-14","Jordan","Jordan 1 Retro Low OG SP Travis Scott Medium Olive","Jordan 1 Retro Low OG SP Travis Scott Medium Olive<br><br>SKU: DM7866-200<br>Colorway: Medium Olive/Black/Sail/Muslin<br>Released: 09/28/2024<br>new<br><br><br><ul>
<li>100% Authentic</li>
<li>In Stock &amp; Ready to Ship</li>
</ul>All items are shipped out quickly with safe packaging.<br>Check our reviews to see the accuracy of our conditions, speed of shipping and quality of service.<br>Send a DM to request any photos - If you have any questions please reach out!<br>","","sneakers","","14M / 15.5W","","","","","KCP","DM7866-200-14","KCP-452","14","15.5","Brand New","","Jordan 1 Retro Low OG SP Travis Scott Medium Olive","Jordan 1 Retro Low OG SP Travis Scott Medium Olive<br><br>SKU: DM7866-200<br>Colorway: Medium Olive/Black/Sail/Muslin<br>Released: 09/28/2024<br>new<br><br><br><ul>
<li>100% Authentic</li>
<li>In Stock &amp; Ready to Ship</li>
</ul>All items are shipped out quickly with safe packaging.<br>Check our reviews to see the accuracy of our conditions, speed of shipping and quality of service.<br>Send a DM to request any photos - If you have any questions please reach out!<br>","Jordan 1 Retro Low OG SP Travis Scott Medium Olive","Brand New","Sneakers","gid://shopify/TaxonomyCategory/aa-sneakers","","false"
"jordan-1-retro-low-og-sp-travis-scott-medium-olive","DM7866-200-15","Jordan","Jordan 1 Retro Low OG SP Travis Scott Medium Olive","Jordan 1 Retro Low OG SP Travis Scott Medium Olive<br><br>SKU: DM7866-200<br>Colorway: Medium Olive/Black/Sail/Muslin<br>Released: 09/28/2024<br>new<br><br><br><ul>
<li>100% Authentic</li>
<li>In Stock &amp; Ready to Ship</li>
</ul>All items are shipped out quickly with safe packaging.<br>Check our reviews to see the accuracy of our conditions, speed of shipping and quality of service.<br>Send a DM to request any photos - If you have any questions please reach out!<br>","","sneakers","","15M / 16.5W","","","","","KCP","DM7866-200-15","KCP-453","15","16.5","Brand New","","Jordan 1 Retro Low OG SP Travis Scott Medium Olive","Jordan 1 Retro Low OG SP Travis Scott Medium Olive<br><br>SKU: DM7866-200<br>Colorway: Medium Olive/Black/Sail/Muslin<br>Released: 09/28/2024<br>new<br><br><br><ul>
<li>100% Authentic</li>
<li>In Stock &amp; Ready to Ship</li>
</ul>All items are shipped out quickly with safe packaging.<br>Check our reviews to see the accuracy of our conditions, speed of shipping and quality of service.<br>Send a DM to request any photos - If you have any questions please reach out!<br>","Jordan 1 Retro Low OG SP Travis Scott Medium Olive","Brand New","Sneakers","gid://shopify/TaxonomyCategory/aa-sneakers","","false"
"jordan-1-retro-low-og-sp-travis-scott-medium-olive","DM7866-200-16","Jordan","Jordan 1 Retro Low OG SP Travis Scott Medium Olive","Jordan 1 Retro Low OG SP Travis Scott Medium Olive<br><br>SKU: DM7866-200<br>Colorway: Medium Olive/Black/Sail/Muslin<br>Released: 09/28/2024<br>new<br><br><br><ul>
<li>100% Authentic</li>
<li>In Stock &amp; Ready to Ship</li>
</ul>All items are shipped out quickly with safe packaging.<br>Check our reviews to see the accuracy of our conditions, speed of shipping and quality of service.<br>Send a DM to request any photos - If you have any questions please reach out!<br>","","sneakers","","16M / 17.5W","","","","","KCP","DM7866-200-16","KCP-454","16","17.5","Brand New","","Jordan 1 Retro Low OG SP Travis Scott Medium Olive","Jordan 1 Retro Low OG SP Travis Scott Medium Olive<br><br>SKU: DM7866-200<br>Colorway: Medium Olive/Black/Sail/Muslin<br>Released: 09/28/2024<br>new<br><br><br><ul>
<li>100% Authentic</li>
<li>In Stock &amp; Ready to Ship</li>
</ul>All items are shipped out quickly with safe packaging.<br>Check our reviews to see the accuracy of our conditions, speed of shipping and quality of service.<br>Send a DM to request any photos - If you have any questions please reach out!<br>","Jordan 1 Retro Low OG SP Travis Scott Medium Olive","Brand New","Sneakers","gid://shopify/TaxonomyCategory/aa-sneakers","","false"
"jordan-1-retro-low-og-sp-travis-scott-medium-olive","DM7866-200-17","Jordan","Jordan 1 Retro Low OG SP Travis Scott Medium Olive","Jordan 1 Retro Low OG SP Travis Scott Medium Olive<br><br>SKU: DM7866-200<br>Colorway: Medium Olive/Black/Sail/Muslin<br>Released: 09/28/2024<br>new<br><br><br><ul>
<li>100% Authentic</li>
<li>In Stock &amp; Ready to Ship</li>
</ul>All items are shipped out quickly with safe packaging.<br>Check our reviews to see the accuracy of our conditions, speed of shipping and quality of service.<br>Send a DM to request any photos - If you have any questions please reach out!<br>","","sneakers","","17M / 18.5W","","","","","KCP","DM7866-200-17","KCP-455","17","18.5","Brand New","","Jordan 1 Retro Low OG SP Travis Scott Medium Olive","Jordan 1 Retro Low OG SP Travis Scott Medium Olive<br><br>SKU: DM7866-200<br>Colorway: Medium Olive/Black/Sail/Muslin<br>Released: 09/28/2024<br>new<br><br><br><ul>
<li>100% Authentic</li>
<li>In Stock &amp; Ready to Ship</li>
</ul>All items are shipped out quickly with safe packaging.<br>Check our reviews to see the accuracy of our conditions, speed of shipping and quality of service.<br>Send a DM to request any photos - If you have any questions please reach out!<br>","Jordan 1 Retro Low OG SP Travis Scott Medium Olive","Brand New","Sneakers","gid://shopify/TaxonomyCategory/aa-sneakers","","false"
"jordan-1-retro-low-og-sp-travis-scott-medium-olive","DM7866-200-18","Jordan","Jordan 1 Retro Low OG SP Travis Scott Medium Olive","Jordan 1 Retro Low OG SP Travis Scott Medium Olive<br><br>SKU: DM7866-200<br>Colorway: Medium Olive/Black/Sail/Muslin<br>Released: 09/28/2024<br>new<br><br><br><ul>
<li>100% Authentic</li>
<li>In Stock &amp; Ready to Ship</li>
</ul>All items are shipped out quickly with safe packaging.<br>Check our reviews to see the accuracy of our conditions, speed of shipping and quality of service.<br>Send a DM to request any photos - If you have any questions please reach out!<br>","","sneakers","","18M / 19.5W","","","","","KCP","DM7866-200-18","KCP-456","18","19.5","Brand New","","Jordan 1 Retro Low OG SP Travis Scott Medium Olive","Jordan 1 Retro Low OG SP Travis Scott Medium Olive<br><br>SKU: DM7866-200<br>Colorway: Medium Olive/Black/Sail/Muslin<br>Released: 09/28/2024<br>new<br><br><br><ul>
<li>100% Authentic</li>
<li>In Stock &amp; Ready to Ship</li>
</ul>All items are shipped out quickly with safe packaging.<br>Check our reviews to see the accuracy of our conditions, speed of shipping and quality of service.<br>Send a DM to request any photos - If you have any questions please reach out!<br>","Jordan 1 Retro Low OG SP Travis Scott Medium Olive","Brand New","Sneakers","gid://shopify/TaxonomyCategory/aa-sneakers","","false"
"nike-dunk-high-sp-varsity-purple-womens","DC5382-100-5W","Nike","Nike Dunk High SP Varsity Purple (Women's)","Nike Dunk High SP Varsity Purple (Women's)<br><br>SKU: DC5382-100<br>Colorway: White/Varsity Purple<br>Released: 12/22/2020<br>new<br><br><br><ul>
<li>100% Authentic</li>
<li>In Stock &amp; Ready to Ship</li>
</ul>All items are shipped out quickly with safe packaging.<br>Check our reviews to see the accuracy of our conditions, speed of shipping and quality of service.<br>Send a DM to request any photos - If you have any questions please reach out!<br>","","sneakers","Size","3.5Y / 5W","","","","","KCP","DC5382-100-5W","KCP-457","3.5","5","Brand New","","Nike Dunk High SP Varsity Purple (Women's)","Nike Dunk High SP Varsity Purple (Women's)<br><br>SKU: DC5382-100<br>Colorway: White/Varsity Purple<br>Released: 12/22/2020<br>new<br><br><br><ul>
<li>100% Authentic</li>
<li>In Stock &amp; Ready to Ship</li>
</ul>All items are shipped out quickly with safe packaging.<br>Check our reviews to see the accuracy of our conditions, speed of shipping and quality of service.<br>Send a DM to request any photos - If you have any questions please reach out!<br>","Nike Dunk High SP Varsity Purple (women's)","Brand New","Sneakers","gid://shopify/TaxonomyCategory/aa-sneakers","","false"
"nike-dunk-high-sp-varsity-purple-womens","DC5382-100-5.5W","Nike","Nike Dunk High SP Varsity Purple (Women's)","Nike Dunk High SP Varsity Purple (Women's)<br><br>SKU: DC5382-100<br>Colorway: White/Varsity Purple<br>Released: 12/22/2020<br>new<br><br><br><ul>
<li>100% Authentic</li>
<li>In Stock &amp; Ready to Ship</li>
</ul>All items are shipped out quickly with safe packaging.<br>Check our reviews to see the accuracy of our conditions, speed of shipping and quality of service.<br>Send a DM to request any photos - If you have any questions please reach out!<br>","","sneakers","","4Y / 5.5W","","","","","KCP","DC5382-100-5.5W","KCP-458","4","5.5","Brand New","","Nike Dunk High SP Varsity Purple (Women's)","Nike Dunk High SP Varsity Purple (Women's)<br><br>SKU: DC5382-100<br>Colorway: White/Varsity Purple<br>Released: 12/22/2020<br>new<br><br><br><ul>
<li>100% Authentic</li>
<li>In Stock &amp; Ready to Ship</li>
</ul>All items are shipped out quickly with safe packaging.<br>Check our reviews to see the accuracy of our conditions, speed of shipping and quality of service.<br>Send a DM to request any photos - If you have any questions please reach out!<br>","Nike Dunk High SP Varsity Purple (women's)","Brand New","Sneakers","gid://shopify/TaxonomyCategory/aa-sneakers","","false"
"nike-dunk-high-sp-varsity-purple-womens","DC5382-100-6W","Nike","Nike Dunk High SP Varsity Purple (Women's)","Nike Dunk High SP Varsity Purple (Women's)<br><br>SKU: DC5382-100<br>Colorway: White/Varsity Purple<br>Released: 12/22/2020<br>new<br><br><br><ul>
<li>100% Authentic</li>
<li>In Stock &amp; Ready to Ship</li>
</ul>All items are shipped out quickly with safe packaging.<br>Check our reviews to see the accuracy of our conditions, speed of shipping and quality of service.<br>Send a DM to request any photos - If you have any questions please reach out!<br>","","sneakers","","4.5Y / 6W","","","","","KCP","DC5382-100-6W","KCP-459","4.5","6","Brand New","","Nike Dunk High SP Varsity Purple (Women's)","Nike Dunk High SP Varsity Purple (Women's)<br><br>SKU: DC5382-100<br>Colorway: White/Varsity Purple<br>Released: 12/22/2020<br>new<br><br><br><ul>
<li>100% Authentic</li>
<li>In Stock &amp; Ready to Ship</li>
</ul>All items are shipped out quickly with safe packaging.<br>Check our reviews to see the accuracy of our conditions, speed of shipping and quality of service.<br>Send a DM to request any photos - If you have any questions please reach out!<br>","Nike Dunk High SP Varsity Purple (women's)","Brand New","Sneakers","gid://shopify/TaxonomyCategory/aa-sneakers","","false"
"nike-dunk-high-sp-varsity-purple-womens","DC5382-100-6.5W","Nike","Nike Dunk High SP Varsity Purple (Women's)","Nike Dunk High SP Varsity Purple (Women's)<br><br>SKU: DC5382-100<br>Colorway: White/Varsity Purple<br>Released: 12/22/2020<br>new<br><br><br><ul>
<li>100% Authentic</li>
<li>In Stock &amp; Ready to Ship</li>
</ul>All items are shipped out quickly with safe packaging.<br>Check our reviews to see the accuracy of our conditions, speed of shipping and quality of service.<br>Send a DM to request any photos - If you have any questions please reach out!<br>","","sneakers","","5Y / 6.5W","","","","","KCP","DC5382-100-6.5W","KCP-460","5","6.5","Brand New","","Nike Dunk High SP Varsity Purple (Women's)","Nike Dunk High SP Varsity Purple (Women's)<br><br>SKU: DC5382-100<br>Colorway: White/Varsity Purple<br>Released: 12/22/2020<br>new<br><br><br><ul>
<li>100% Authentic</li>
<li>In Stock &amp; Ready to Ship</li>
</ul>All items are shipped out quickly with safe packaging.<br>Check our reviews to see the accuracy of our conditions, speed of shipping and quality of service.<br>Send a DM to request any photos - If you have any questions please reach out!<br>","Nike Dunk High SP Varsity Purple (women's)","Brand New","Sneakers","gid://shopify/TaxonomyCategory/aa-sneakers","","false"
"nike-dunk-high-sp-varsity-purple-womens","DC5382-100-7W","Nike","Nike Dunk High SP Varsity Purple (Women's)","Nike Dunk High SP Varsity Purple (Women's)<br><br>SKU: DC5382-100<br>Colorway: White/Varsity Purple<br>Released: 12/22/2020<br>new<br><br><br><ul>
<li>100% Authentic</li>
<li>In Stock &amp; Ready to Ship</li>
</ul>All items are shipped out quickly with safe packaging.<br>Check our reviews to see the accuracy of our conditions, speed of shipping and quality of service.<br>Send a DM to request any photos - If you have any questions please reach out!<br>","","sneakers","","5.5Y / 7W","","","","","KCP","DC5382-100-7W","KCP-461","5.5","7","Brand New","","Nike Dunk High SP Varsity Purple (Women's)","Nike Dunk High SP Varsity Purple (Women's)<br><br>SKU: DC5382-100<br>Colorway: White/Varsity Purple<br>Released: 12/22/2020<br>new<br><br><br><ul>
<li>100% Authentic</li>
<li>In Stock &amp; Ready to Ship</li>
</ul>All items are shipped out quickly with safe packaging.<br>Check our reviews to see the accuracy of our conditions, speed of shipping and quality of service.<br>Send a DM to request any photos - If you have any questions please reach out!<br>","Nike Dunk High SP Varsity Purple (women's)","Brand New","Sneakers","gid://shopify/TaxonomyCategory/aa-sneakers","","false"
"nike-dunk-high-sp-varsity-purple-womens","DC5382-100-7.5W","Nike","Nike Dunk High SP Varsity Purple (Women's)","Nike Dunk High SP Varsity Purple (Women's)<br><br>SKU: DC5382-100<br>Colorway: White/Varsity Purple<br>Released: 12/22/2020<br>new<br><br><br><ul>
<li>100% Authentic</li>
<li>In Stock &amp; Ready to Ship</li>
</ul>All items are shipped out quickly with safe packaging.<br>Check our reviews to see the accuracy of our conditions, speed of shipping and quality of service.<br>Send a DM to request any photos - If you have any questions please reach out!<br>","","sneakers","","6Y / 7.5W","","","","","KCP","DC5382-100-7.5W","KCP-462","6","7.5","Brand New","","Nike Dunk High SP Varsity Purple (Women's)","Nike Dunk High SP Varsity Purple (Women's)<br><br>SKU: DC5382-100<br>Colorway: White/Varsity Purple<br>Released: 12/22/2020<br>new<br><br><br><ul>
<li>100% Authentic</li>
<li>In Stock &amp; Ready to Ship</li>
</ul>All items are shipped out quickly with safe packaging.<br>Check our reviews to see the accuracy of our conditions, speed of shipping and quality of service.<br>Send a DM to request any photos - If you have any questions please reach out!<br>","Nike Dunk High SP Varsity Purple (women's)","Brand New","Sneakers","gid://shopify/TaxonomyCategory/aa-sneakers","","false"
"nike-dunk-high-sp-varsity-purple-womens","DC5382-100-8W","Nike","Nike Dunk High SP Varsity Purple (Women's)","Nike Dunk High SP Varsity Purple (Women's)<br><br>SKU: DC5382-100<br>Colorway: White/Varsity Purple<br>Released: 12/22/2020<br>new<br><br><br><ul>
<li>100% Authentic</li>
<li>In Stock &amp; Ready to Ship</li>
</ul>All items are shipped out quickly with safe packaging.<br>Check our reviews to see the accuracy of our conditions, speed of shipping and quality of service.<br>Send a DM to request any photos - If you have any questions please reach out!<br>","","sneakers","","6.5Y / 8W","","","","","KCP","DC5382-100-8W","KCP-463","6.5","8","Brand New","","Nike Dunk High SP Varsity Purple (Women's)","Nike Dunk High SP Varsity Purple (Women's)<br><br>SKU: DC5382-100<br>Colorway: White/Varsity Purple<br>Released: 12/22/2020<br>new<br><br><br><ul>
<li>100% Authentic</li>
<li>In Stock &amp; Ready to Ship</li>
</ul>All items are shipped out quickly with safe packaging.<br>Check our reviews to see the accuracy of our conditions, speed of shipping and quality of service.<br>Send a DM to request any photos - If you have any questions please reach out!<br>","Nike Dunk High SP Varsity Purple (women's)","Brand New","Sneakers","gid://shopify/TaxonomyCategory/aa-sneakers","","false"
"nike-dunk-high-sp-varsity-purple-womens","DC5382-100-8.5W","Nike","Nike Dunk High SP Varsity Purple (Women's)","Nike Dunk High SP Varsity Purple (Women's)<br><br>SKU: DC5382-100<br>Colorway: White/Varsity Purple<br>Released: 12/22/2020<br>new<br><br><br><ul>
<li>100% Authentic</li>
<li>In Stock &amp; Ready to Ship</li>
</ul>All items are shipped out quickly with safe packaging.<br>Check our reviews to see the accuracy of our conditions, speed of shipping and quality of service.<br>Send a DM to request any photos - If you have any questions please reach out!<br>","","sneakers","","7Y / 8.5W","","","","","KCP","DC5382-100-8.5W","KCP-464","7","8.5","Brand New","","Nike Dunk High SP Varsity Purple (Women's)","Nike Dunk High SP Varsity Purple (Women's)<br><br>SKU: DC5382-100<br>Colorway: White/Varsity Purple<br>Released: 12/22/2020<br>new<br><br><br><ul>
<li>100% Authentic</li>
<li>In Stock &amp; Ready to Ship</li>
</ul>All items are shipped out quickly with safe packaging.<br>Check our reviews to see the accuracy of our conditions, speed of shipping and quality of service.<br>Send a DM to request any photos - If you have any questions please reach out!<br>","Nike Dunk High SP Varsity Purple (women's)","Brand New","Sneakers","gid://shopify/TaxonomyCategory/aa-sneakers","","false"
"nike-dunk-high-sp-varsity-purple-womens","DC5382-100-9W","Nike","Nike Dunk High SP Varsity Purple (Women's)","Nike Dunk High SP Varsity Purple (Women's)<br><br>SKU: DC5382-100<br>Colorway: White/Varsity Purple<br>Released: 12/22/2020<br>new<br><br><br><ul>
<li>100% Authentic</li>
<li>In Stock &amp; Ready to Ship</li>
</ul>All items are shipped out quickly with safe packaging.<br>Check our reviews to see the accuracy of our conditions, speed of shipping and quality of service.<br>Send a DM to request any photos - If you have any questions please reach out!<br>","","sneakers","","7.5M / 9W","","","","","KCP","DC5382-100-9W","KCP-465","7.5","9","Brand New","","Nike Dunk High SP Varsity Purple (Women's)","Nike Dunk High SP Varsity Purple (Women's)<br><br>SKU: DC5382-100<br>Colorway: White/Varsity Purple<br>Released: 12/22/2020<br>new<br><br><br><ul>
<li>100% Authentic</li>
<li>In Stock &amp; Ready to Ship</li>
</ul>All items are shipped out quickly with safe packaging.<br>Check our reviews to see the accuracy of our conditions, speed of shipping and quality of service.<br>Send a DM to request any photos - If you have any questions please reach out!<br>","Nike Dunk High SP Varsity Purple (women's)","Brand New","Sneakers","gid://shopify/TaxonomyCategory/aa-sneakers","","false"
"nike-dunk-high-sp-varsity-purple-womens","DC5382-100-9.5W","Nike","Nike Dunk High SP Varsity Purple (Women's)","Nike Dunk High SP Varsity Purple (Women's)<br><br>SKU: DC5382-100<br>Colorway: White/Varsity Purple<br>Released: 12/22/2020<br>new<br><br><br><ul>
<li>100% Authentic</li>
<li>In Stock &amp; Ready to Ship</li>
</ul>All items are shipped out quickly with safe packaging.<br>Check our reviews to see the accuracy of our conditions, speed of shipping and quality of service.<br>Send a DM to request any photos - If you have any questions please reach out!<br>","","sneakers","","8M / 9.5W","","","","","KCP","DC5382-100-9.5W","KCP-466","8","9.5","Brand New","","Nike Dunk High SP Varsity Purple (Women's)","Nike Dunk High SP Varsity Purple (Women's)<br><br>SKU: DC5382-100<br>Colorway: White/Varsity Purple<br>Released: 12/22/2020<br>new<br><br><br><ul>
<li>100% Authentic</li>
<li>In Stock &amp; Ready to Ship</li>
</ul>All items are shipped out quickly with safe packaging.<br>Check our reviews to see the accuracy of our conditions, speed of shipping and quality of service.<br>Send a DM to request any photos - If you have any questions please reach out!<br>","Nike Dunk High SP Varsity Purple (women's)","Brand New","Sneakers","gid://shopify/TaxonomyCategory/aa-sneakers","","false"
"nike-dunk-high-sp-varsity-purple-womens","DC5382-100-10W","Nike","Nike Dunk High SP Varsity Purple (Women's)","Nike Dunk High SP Varsity Purple (Women's)<br><br>SKU: DC5382-100<br>Colorway: White/Varsity Purple<br>Released: 12/22/2020<br>new<br><br><br><ul>
<li>100% Authentic</li>
<li>In Stock &amp; Ready to Ship</li>
</ul>All items are shipped out quickly with safe packaging.<br>Check our reviews to see the accuracy of our conditions, speed of shipping and quality of service.<br>Send a DM to request any photos - If you have any questions please reach out!<br>","","sneakers","","8.5M / 10W","","","","","KCP","DC5382-100-10W","KCP-467","8.5","10","Brand New","","Nike Dunk High SP Varsity Purple (Women's)","Nike Dunk High SP Varsity Purple (Women's)<br><br>SKU: DC5382-100<br>Colorway: White/Varsity Purple<br>Released: 12/22/2020<br>new<br><br><br><ul>
<li>100% Authentic</li>
<li>In Stock &amp; Ready to Ship</li>
</ul>All items are shipped out quickly with safe packaging.<br>Check our reviews to see the accuracy of our conditions, speed of shipping and quality of service.<br>Send a DM to request any photos - If you have any questions please reach out!<br>","Nike Dunk High SP Varsity Purple (women's)","Brand New","Sneakers","gid://shopify/TaxonomyCategory/aa-sneakers","","false"
"nike-dunk-high-sp-varsity-purple-womens","DC5382-100-10.5W","Nike","Nike Dunk High SP Varsity Purple (Women's)","Nike Dunk High SP Varsity Purple (Women's)<br><br>SKU: DC5382-100<br>Colorway: White/Varsity Purple<br>Released: 12/22/2020<br>new<br><br><br><ul>
<li>100% Authentic</li>
<li>In Stock &amp; Ready to Ship</li>
</ul>All items are shipped out quickly with safe packaging.<br>Check our reviews to see the accuracy of our conditions, speed of shipping and quality of service.<br>Send a DM to request any photos - If you have any questions please reach out!<br>","","sneakers","","9M / 10.5W","","","","","KCP","DC5382-100-10.5W","KCP-468","9","10.5","Brand New","","Nike Dunk High SP Varsity Purple (Women's)","Nike Dunk High SP Varsity Purple (Women's)<br><br>SKU: DC5382-100<br>Colorway: White/Varsity Purple<br>Released: 12/22/2020<br>new<br><br><br><ul>
<li>100% Authentic</li>
<li>In Stock &amp; Ready to Ship</li>
</ul>All items are shipped out quickly with safe packaging.<br>Check our reviews to see the accuracy of our conditions, speed of shipping and quality of service.<br>Send a DM to request any photos - If you have any questions please reach out!<br>","Nike Dunk High SP Varsity Purple (women's)","Brand New","Sneakers","gid://shopify/TaxonomyCategory/aa-sneakers","","false"
"nike-dunk-high-sp-varsity-purple-womens","DC5382-100-11W","Nike","Nike Dunk High SP Varsity Purple (Women's)","Nike Dunk High SP Varsity Purple (Women's)<br><br>SKU: DC5382-100<br>Colorway: White/Varsity Purple<br>Released: 12/22/2020<br>new<br><br><br><ul>
<li>100% Authentic</li>
<li>In Stock &amp; Ready to Ship</li>
</ul>All items are shipped out quickly with safe packaging.<br>Check our reviews to see the accuracy of our conditions, speed of shipping and quality of service.<br>Send a DM to request any photos - If you have any questions please reach out!<br>","","sneakers","","9.5M / 11W","","","","","KCP","DC5382-100-11W","KCP-469","9.5","11","Brand New","","Nike Dunk High SP Varsity Purple (Women's)","Nike Dunk High SP Varsity Purple (Women's)<br><br>SKU: DC5382-100<br>Colorway: White/Varsity Purple<br>Released: 12/22/2020<br>new<br><br><br><ul>
<li>100% Authentic</li>
<li>In Stock &amp; Ready to Ship</li>
</ul>All items are shipped out quickly with safe packaging.<br>Check our reviews to see the accuracy of our conditions, speed of shipping and quality of service.<br>Send a DM to request any photos - If you have any questions please reach out!<br>","Nike Dunk High SP Varsity Purple (women's)","Brand New","Sneakers","gid://shopify/TaxonomyCategory/aa-sneakers","","false"
"nike-dunk-high-sp-varsity-purple-womens","DC5382-100-11.5W","Nike","Nike Dunk High SP Varsity Purple (Women's)","Nike Dunk High SP Varsity Purple (Women's)<br><br>SKU: DC5382-100<br>Colorway: White/Varsity Purple<br>Released: 12/22/2020<br>new<br><br><br><ul>
<li>100% Authentic</li>
<li>In Stock &amp; Ready to Ship</li>
</ul>All items are shipped out quickly with safe packaging.<br>Check our reviews to see the accuracy of our conditions, speed of shipping and quality of service.<br>Send a DM to request any photos - If you have any questions please reach out!<br>","","sneakers","","10M / 11.5W","","","","","KCP","DC5382-100-11.5W","KCP-470","10","11.5","Brand New","","Nike Dunk High SP Varsity Purple (Women's)","Nike Dunk High SP Varsity Purple (Women's)<br><br>SKU: DC5382-100<br>Colorway: White/Varsity Purple<br>Released: 12/22/2020<br>new<br><br><br><ul>
<li>100% Authentic</li>
<li>In Stock &amp; Ready to Ship</li>
</ul>All items are shipped out quickly with safe packaging.<br>Check our reviews to see the accuracy of our conditions, speed of shipping and quality of service.<br>Send a DM to request any photos - If you have any questions please reach out!<br>","Nike Dunk High SP Varsity Purple (women's)","Brand New","Sneakers","gid://shopify/TaxonomyCategory/aa-sneakers","","false"
"nike-dunk-high-sp-varsity-purple-womens","DC5382-100-12W","Nike","Nike Dunk High SP Varsity Purple (Women's)","Nike Dunk High SP Varsity Purple (Women's)<br><br>SKU: DC5382-100<br>Colorway: White/Varsity Purple<br>Released: 12/22/2020<br>new<br><br><br><ul>
<li>100% Authentic</li>
<li>In Stock &amp; Ready to Ship</li>
</ul>All items are shipped out quickly with safe packaging.<br>Check our reviews to see the accuracy of our conditions, speed of shipping and quality of service.<br>Send a DM to request any photos - If you have any questions please reach out!<br>","","sneakers","","10.5M / 12W","","","","","KCP","DC5382-100-12W","KCP-471","10.5","12","Brand New","","Nike Dunk High SP Varsity Purple (Women's)","Nike Dunk High SP Varsity Purple (Women's)<br><br>SKU: DC5382-100<br>Colorway: White/Varsity Purple<br>Released: 12/22/2020<br>new<br><br><br><ul>
<li>100% Authentic</li>
<li>In Stock &amp; Ready to Ship</li>
</ul>All items are shipped out quickly with safe packaging.<br>Check our reviews to see the accuracy of our conditions, speed of shipping and quality of service.<br>Send a DM to request any photos - If you have any questions please reach out!<br>","Nike Dunk High SP Varsity Purple (women's)","Brand New","Sneakers","gid://shopify/TaxonomyCategory/aa-sneakers","","false"
"nike-dunk-high-se-all-star-2021","DD1398-300-3.5","Nike","Nike Dunk High SE All-Star (2021)","Nike Dunk High SE All-Star (2021)<br><br>SKU: DD1398-300<br>Colorway: Barely Green/Black<br>Released: 03/09/2021<br>new<br><br><br><ul>
<li>100% Authentic</li>
<li>In Stock &amp; Ready to Ship</li>
</ul>All items are shipped out quickly with safe packaging.<br>Check our reviews to see the accuracy of our conditions, speed of shipping and quality of service.<br>Send a DM to request any photos - If you have any questions please reach out!<br>","","sneakers","Size","3.5Y / 5W","","","","","KCP","DD1398-300-3.5","KCP-472","3.5","5","Brand New","","Nike Dunk High SE All-Star (2021)","Nike Dunk High SE All-Star (2021)<br><br>SKU: DD1398-300<br>Colorway: Barely Green/Black<br>Released: 03/09/2021<br>new<br><br><br><ul>
<li>100% Authentic</li>
<li>In Stock &amp; Ready to Ship</li>
</ul>All items are shipped out quickly with safe packaging.<br>Check our reviews to see the accuracy of our conditions, speed of shipping and quality of service.<br>Send a DM to request any photos - If you have any questions please reach out!<br>","Nike Dunk High SE All-star (2021)","Brand New","Sneakers","gid://shopify/TaxonomyCategory/aa-sneakers","","false"
"nike-dunk-high-se-all-star-2021","DD1398-300-4","Nike","Nike Dunk High SE All-Star (2021)","Nike Dunk High SE All-Star (2021)<br><br>SKU: DD1398-300<br>Colorway: Barely Green/Black<br>Released: 03/09/2021<br>new<br><br><br><ul>
<li>100% Authentic</li>
<li>In Stock &amp; Ready to Ship</li>
</ul>All items are shipped out quickly with safe packaging.<br>Check our reviews to see the accuracy of our conditions, speed of shipping and quality of service.<br>Send a DM to request any photos - If you have any questions please reach out!<br>","","sneakers","","4Y / 5.5W","","","","","KCP","DD1398-300-4","KCP-473","4","5.5","Brand New","","Nike Dunk High SE All-Star (2021)","Nike Dunk High SE All-Star (2021)<br><br>SKU: DD1398-300<br>Colorway: Barely Green/Black<br>Released: 03/09/2021<br>new<br><br><br><ul>
<li>100% Authentic</li>
<li>In Stock &amp; Ready to Ship</li>
</ul>All items are shipped out quickly with safe packaging.<br>Check our reviews to see the accuracy of our conditions, speed of shipping and quality of service.<br>Send a DM to request any photos - If you have any questions please reach out!<br>","Nike Dunk High SE All-star (2021)","Brand New","Sneakers","gid://shopify/TaxonomyCategory/aa-sneakers","","false"
"nike-dunk-high-se-all-star-2021","DD1398-300-4.5","Nike","Nike Dunk High SE All-Star (2021)","Nike Dunk High SE All-Star (2021)<br><br>SKU: DD1398-300<br>Colorway: Barely Green/Black<br>Released: 03/09/2021<br>new<br><br><br><ul>
<li>100% Authentic</li>
<li>In Stock &amp; Ready to Ship</li>
</ul>All items are shipped out quickly with safe packaging.<br>Check our reviews to see the accuracy of our conditions, speed of shipping and quality of service.<br>Send a DM to request any photos - If you have any questions please reach out!<br>","","sneakers","","4.5Y / 6W","","","","","KCP","DD1398-300-4.5","KCP-474","4.5","6","Brand New","","Nike Dunk High SE All-Star (2021)","Nike Dunk High SE All-Star (2021)<br><br>SKU: DD1398-300<br>Colorway: Barely Green/Black<br>Released: 03/09/2021<br>new<br><br><br><ul>
<li>100% Authentic</li>
<li>In Stock &amp; Ready to Ship</li>
</ul>All items are shipped out quickly with safe packaging.<br>Check our reviews to see the accuracy of our conditions, speed of shipping and quality of service.<br>Send a DM to request any photos - If you have any questions please reach out!<br>","Nike Dunk High SE All-star (2021)","Brand New","Sneakers","gid://shopify/TaxonomyCategory/aa-sneakers","","false"
"nike-dunk-high-se-all-star-2021","DD1398-300-5","Nike","Nike Dunk High SE All-Star (2021)","Nike Dunk High SE All-Star (2021)<br><br>SKU: DD1398-300<br>Colorway: Barely Green/Black<br>Released: 03/09/2021<br>new<br><br><br><ul>
<li>100% Authentic</li>
<li>In Stock &amp; Ready to Ship</li>
</ul>All items are shipped out quickly with safe packaging.<br>Check our reviews to see the accuracy of our conditions, speed of shipping and quality of service.<br>Send a DM to request any photos - If you have any questions please reach out!<br>","","sneakers","","5Y / 6.5W","","","","","KCP","DD1398-300-5","KCP-475","5","6.5","Brand New","","Nike Dunk High SE All-Star (2021)","Nike Dunk High SE All-Star (2021)<br><br>SKU: DD1398-300<br>Colorway: Barely Green/Black<br>Released: 03/09/2021<br>new<br><br><br><ul>
<li>100% Authentic</li>
<li>In Stock &amp; Ready to Ship</li>
</ul>All items are shipped out quickly with safe packaging.<br>Check our reviews to see the accuracy of our conditions, speed of shipping and quality of service.<br>Send a DM to request any photos - If you have any questions please reach out!<br>","Nike Dunk High SE All-star (2021)","Brand New","Sneakers","gid://shopify/TaxonomyCategory/aa-sneakers","","false"
"nike-dunk-high-se-all-star-2021","DD1398-300-5.5","Nike","Nike Dunk High SE All-Star (2021)","Nike Dunk High SE All-Star (2021)<br><br>SKU: DD1398-300<br>Colorway: Barely Green/Black<br>Released: 03/09/2021<br>new<br><br><br><ul>
<li>100% Authentic</li>
<li>In Stock &amp; Ready to Ship</li>
</ul>All items are shipped out quickly with safe packaging.<br>Check our reviews to see the accuracy of our conditions, speed of shipping and quality of service.<br>Send a DM to request any photos - If you have any questions please reach out!<br>","","sneakers","","5.5Y / 7W","","","","","KCP","DD1398-300-5.5","KCP-476","5.5","7","Brand New","","Nike Dunk High SE All-Star (2021)","Nike Dunk High SE All-Star (2021)<br><br>SKU: DD1398-300<br>Colorway: Barely Green/Black<br>Released: 03/09/2021<br>new<br><br><br><ul>
<li>100% Authentic</li>
<li>In Stock &amp; Ready to Ship</li>
</ul>All items are shipped out quickly with safe packaging.<br>Check our reviews to see the accuracy of our conditions, speed of shipping and quality of service.<br>Send a DM to request any photos - If you have any questions please reach out!<br>","Nike Dunk High SE All-star (2021)","Brand New","Sneakers","gid://shopify/TaxonomyCategory/aa-sneakers","","false"
"nike-dunk-high-se-all-star-2021","DD1398-300-6","Nike","Nike Dunk High SE All-Star (2021)","Nike Dunk High SE All-Star (2021)<br><br>SKU: DD1398-300<br>Colorway: Barely Green/Black<br>Released: 03/09/2021<br>new<br><br><br><ul>
<li>100% Authentic</li>
<li>In Stock &amp; Ready to Ship</li>
</ul>All items are shipped out quickly with safe packaging.<br>Check our reviews to see the accuracy of our conditions, speed of shipping and quality of service.<br>Send a DM to request any photos - If you have any questions please reach out!<br>","","sneakers","","6Y / 7.5W","","","","","KCP","DD1398-300-6","KCP-477","6","7.5","Brand New","","Nike Dunk High SE All-Star (2021)","Nike Dunk High SE All-Star (2021)<br><br>SKU: DD1398-300<br>Colorway: Barely Green/Black<br>Released: 03/09/2021<br>new<br><br><br><ul>
<li>100% Authentic</li>
<li>In Stock &amp; Ready to Ship</li>
</ul>All items are shipped out quickly with safe packaging.<br>Check our reviews to see the accuracy of our conditions, speed of shipping and quality of service.<br>Send a DM to request any photos - If you have any questions please reach out!<br>","Nike Dunk High SE All-star (2021)","Brand New","Sneakers","gid://shopify/TaxonomyCategory/aa-sneakers","","false"
"nike-dunk-high-se-all-star-2021","DD1398-300-6.5","Nike","Nike Dunk High SE All-Star (2021)","Nike Dunk High SE All-Star (2021)<br><br>SKU: DD1398-300<br>Colorway: Barely Green/Black<br>Released: 03/09/2021<br>new<br><br><br><ul>
<li>100% Authentic</li>
<li>In Stock &amp; Ready to Ship</li>
</ul>All items are shipped out quickly with safe packaging.<br>Check our reviews to see the accuracy of our conditions, speed of shipping and quality of service.<br>Send a DM to request any photos - If you have any questions please reach out!<br>","","sneakers","","6.5Y / 8W","","","","","KCP","DD1398-300-6.5","KCP-478","6.5","8","Brand New","","Nike Dunk High SE All-Star (2021)","Nike Dunk High SE All-Star (2021)<br><br>SKU: DD1398-300<br>Colorway: Barely Green/Black<br>Released: 03/09/2021<br>new<br><br><br><ul>
<li>100% Authentic</li>
<li>In Stock &amp; Ready to Ship</li>
</ul>All items are shipped out quickly with safe packaging.<br>Check our reviews to see the accuracy of our conditions, speed of shipping and quality of service.<br>Send a DM to request any photos - If you have any questions please reach out!<br>","Nike Dunk High SE All-star (2021)","Brand New","Sneakers","gid://shopify/TaxonomyCategory/aa-sneakers","","false"
"nike-dunk-high-se-all-star-2021","DD1398-300-7","Nike","Nike Dunk High SE All-Star (2021)","Nike Dunk High SE All-Star (2021)<br><br>SKU: DD1398-300<br>Colorway: Barely Green/Black<br>Released: 03/09/2021<br>new<br><br><br><ul>
<li>100% Authentic</li>
<li>In Stock &amp; Ready to Ship</li>
</ul>All items are shipped out quickly with safe packaging.<br>Check our reviews to see the accuracy of our conditions, speed of shipping and quality of service.<br>Send a DM to request any photos - If you have any questions please reach out!<br>","","sneakers","","7Y / 8.5W","","","","","KCP","DD1398-300-7","KCP-479","7","8.5","Brand New","","Nike Dunk High SE All-Star (2021)","Nike Dunk High SE All-Star (2021)<br><br>SKU: DD1398-300<br>Colorway: Barely Green/Black<br>Released: 03/09/2021<br>new<br><br><br><ul>
<li>100% Authentic</li>
<li>In Stock &amp; Ready to Ship</li>
</ul>All items are shipped out quickly with safe packaging.<br>Check our reviews to see the accuracy of our conditions, speed of shipping and quality of service.<br>Send a DM to request any photos - If you have any questions please reach out!<br>","Nike Dunk High SE All-star (2021)","Brand New","Sneakers","gid://shopify/TaxonomyCategory/aa-sneakers","","false"
"nike-dunk-high-se-all-star-2021","DD1398-300-7.5","Nike","Nike Dunk High SE All-Star (2021)","Nike Dunk High SE All-Star (2021)<br><br>SKU: DD1398-300<br>Colorway: Barely Green/Black<br>Released: 03/09/2021<br>new<br><br><br><ul>
<li>100% Authentic</li>
<li>In Stock &amp; Ready to Ship</li>
</ul>All items are shipped out quickly with safe packaging.<br>Check our reviews to see the accuracy of our conditions, speed of shipping and quality of service.<br>Send a DM to request any photos - If you have any questions please reach out!<br>","","sneakers","","7.5M / 9W","","","","","KCP","DD1398-300-7.5","KCP-480","7.5","9","Brand New","","Nike Dunk High SE All-Star (2021)","Nike Dunk High SE All-Star (2021)<br><br>SKU: DD1398-300<br>Colorway: Barely Green/Black<br>Released: 03/09/2021<br>new<br><br><br><ul>
<li>100% Authentic</li>
<li>In Stock &amp; Ready to Ship</li>
</ul>All items are shipped out quickly with safe packaging.<br>Check our reviews to see the accuracy of our conditions, speed of shipping and quality of service.<br>Send a DM to request any photos - If you have any questions please reach out!<br>","Nike Dunk High SE All-star (2021)","Brand New","Sneakers","gid://shopify/TaxonomyCategory/aa-sneakers","","false"
"nike-dunk-high-se-all-star-2021","DD1398-300-8","Nike","Nike Dunk High SE All-Star (2021)","Nike Dunk High SE All-Star (2021)<br><br>SKU: DD1398-300<br>Colorway: Barely Green/Black<br>Released: 03/09/2021<br>new<br><br><br><ul>
<li>100% Authentic</li>
<li>In Stock &amp; Ready to Ship</li>
</ul>All items are shipped out quickly with safe packaging.<br>Check our reviews to see the accuracy of our conditions, speed of shipping and quality of service.<br>Send a DM to request any photos - If you have any questions please reach out!<br>","","sneakers","","8M / 9.5W","","","","","KCP","DD1398-300-8","KCP-481","8","9.5","Brand New","","Nike Dunk High SE All-Star (2021)","Nike Dunk High SE All-Star (2021)<br><br>SKU: DD1398-300<br>Colorway: Barely Green/Black<br>Released: 03/09/2021<br>new<br><br><br><ul>
<li>100% Authentic</li>
<li>In Stock &amp; Ready to Ship</li>
</ul>All items are shipped out quickly with safe packaging.<br>Check our reviews to see the accuracy of our conditions, speed of shipping and quality of service.<br>Send a DM to request any photos - If you have any questions please reach out!<br>","Nike Dunk High SE All-star (2021)","Brand New","Sneakers","gid://shopify/TaxonomyCategory/aa-sneakers","","false"
"nike-dunk-high-se-all-star-2021","DD1398-300-8.5","Nike","Nike Dunk High SE All-Star (2021)","Nike Dunk High SE All-Star (2021)<br><br>SKU: DD1398-300<br>Colorway: Barely Green/Black<br>Released: 03/09/2021<br>new<br><br><br><ul>
<li>100% Authentic</li>
<li>In Stock &amp; Ready to Ship</li>
</ul>All items are shipped out quickly with safe packaging.<br>Check our reviews to see the accuracy of our conditions, speed of shipping and quality of service.<br>Send a DM to request any photos - If you have any questions please reach out!<br>","","sneakers","","8.5M / 10W","","","","","KCP","DD1398-300-8.5","KCP-482","8.5","10","Brand New","","Nike Dunk High SE All-Star (2021)","Nike Dunk High SE All-Star (2021)<br><br>SKU: DD1398-300<br>Colorway: Barely Green/Black<br>Released: 03/09/2021<br>new<br><br><br><ul>
<li>100% Authentic</li>
<li>In Stock &amp; Ready to Ship</li>
</ul>All items are shipped out quickly with safe packaging.<br>Check our reviews to see the accuracy of our conditions, speed of shipping and quality of service.<br>Send a DM to request any photos - If you have any questions please reach out!<br>","Nike Dunk High SE All-star (2021)","Brand New","Sneakers","gid://shopify/TaxonomyCategory/aa-sneakers","","false"
"nike-dunk-high-se-all-star-2021","DD1398-300-9","Nike","Nike Dunk High SE All-Star (2021)","Nike Dunk High SE All-Star (2021)<br><br>SKU: DD1398-300<br>Colorway: Barely Green/Black<br>Released: 03/09/2021<br>new<br><br><br><ul>
<li>100% Authentic</li>
<li>In Stock &amp; Ready to Ship</li>
</ul>All items are shipped out quickly with safe packaging.<br>Check our reviews to see the accuracy of our conditions, speed of shipping and quality of service.<br>Send a DM to request any photos - If you have any questions please reach out!<br>","","sneakers","","9M / 10.5W","","","","","KCP","DD1398-300-9","KCP-483","9","10.5","Brand New","","Nike Dunk High SE All-Star (2021)","Nike Dunk High SE All-Star (2021)<br><br>SKU: DD1398-300<br>Colorway: Barely Green/Black<br>Released: 03/09/2021<br>new<br><br><br><ul>
<li>100% Authentic</li>
<li>In Stock &amp; Ready to Ship</li>
</ul>All items are shipped out quickly with safe packaging.<br>Check our reviews to see the accuracy of our conditions, speed of shipping and quality of service.<br>Send a DM to request any photos - If you have any questions please reach out!<br>","Nike Dunk High SE All-star (2021)","Brand New","Sneakers","gid://shopify/TaxonomyCategory/aa-sneakers","","false"
"nike-dunk-high-se-all-star-2021","DD1398-300-9.5","Nike","Nike Dunk High SE All-Star (2021)","Nike Dunk High SE All-Star (2021)<br><br>SKU: DD1398-300<br>Colorway: Barely Green/Black<br>Released: 03/09/2021<br>new<br><br><br><ul>
<li>100% Authentic</li>
<li>In Stock &amp; Ready to Ship</li>
</ul>All items are shipped out quickly with safe packaging.<br>Check our reviews to see the accuracy of our conditions, speed of shipping and quality of service.<br>Send a DM to request any photos - If you have any questions please reach out!<br>","","sneakers","","9.5M / 11W","","","","","KCP","DD1398-300-9.5","KCP-484","9.5","11","Brand New","","Nike Dunk High SE All-Star (2021)","Nike Dunk High SE All-Star (2021)<br><br>SKU: DD1398-300<br>Colorway: Barely Green/Black<br>Released: 03/09/2021<br>new<br><br><br><ul>
<li>100% Authentic</li>
<li>In Stock &amp; Ready to Ship</li>
</ul>All items are shipped out quickly with safe packaging.<br>Check our reviews to see the accuracy of our conditions, speed of shipping and quality of service.<br>Send a DM to request any photos - If you have any questions please reach out!<br>","Nike Dunk High SE All-star (2021)","Brand New","Sneakers","gid://shopify/TaxonomyCategory/aa-sneakers","","false"
"nike-dunk-high-se-all-star-2021","DD1398-300-10","Nike","Nike Dunk High SE All-Star (2021)","Nike Dunk High SE All-Star (2021)<br><br>SKU: DD1398-300<br>Colorway: Barely Green/Black<br>Released: 03/09/2021<br>new<br><br><br><ul>
<li>100% Authentic</li>
<li>In Stock &amp; Ready to Ship</li>
</ul>All items are shipped out quickly with safe packaging.<br>Check our reviews to see the accuracy of our conditions, speed of shipping and quality of service.<br>Send a DM to request any photos - If you have any questions please reach out!<br>","","sneakers","","10M / 11.5W","","","","","KCP","DD1398-300-10","KCP-485","10","11.5","Brand New","","Nike Dunk High SE All-Star (2021)","Nike Dunk High SE All-Star (2021)<br><br>SKU: DD1398-300<br>Colorway: Barely Green/Black<br>Released: 03/09/2021<br>new<br><br><br><ul>
<li>100% Authentic</li>
<li>In Stock &amp; Ready to Ship</li>
</ul>All items are shipped out quickly with safe packaging.<br>Check our reviews to see the accuracy of our conditions, speed of shipping and quality of service.<br>Send a DM to request any photos - If you have any questions please reach out!<br>","Nike Dunk High SE All-star (2021)","Brand New","Sneakers","gid://shopify/TaxonomyCategory/aa-sneakers","","false"
"nike-dunk-high-se-all-star-2021","DD1398-300-10.5","Nike","Nike Dunk High SE All-Star (2021)","Nike Dunk High SE All-Star (2021)<br><br>SKU: DD1398-300<br>Colorway: Barely Green/Black<br>Released: 03/09/2021<br>new<br><br><br><ul>
<li>100% Authentic</li>
<li>In Stock &amp; Ready to Ship</li>
</ul>All items are shipped out quickly with safe packaging.<br>Check our reviews to see the accuracy of our conditions, speed of shipping and quality of service.<br>Send a DM to request any photos - If you have any questions please reach out!<br>","","sneakers","","10.5M / 12W","","","","","KCP","DD1398-300-10.5","KCP-486","10.5","12","Brand New","","Nike Dunk High SE All-Star (2021)","Nike Dunk High SE All-Star (2021)<br><br>SKU: DD1398-300<br>Colorway: Barely Green/Black<br>Released: 03/09/2021<br>new<br><br><br><ul>
<li>100% Authentic</li>
<li>In Stock &amp; Ready to Ship</li>
</ul>All items are shipped out quickly with safe packaging.<br>Check our reviews to see the accuracy of our conditions, speed of shipping and quality of service.<br>Send a DM to request any photos - If you have any questions please reach out!<br>","Nike Dunk High SE All-star (2021)","Brand New","Sneakers","gid://shopify/TaxonomyCategory/aa-sneakers","","false"
"nike-dunk-high-se-all-star-2021","DD1398-300-11","Nike","Nike Dunk High SE All-Star (2021)","Nike Dunk High SE All-Star (2021)<br><br>SKU: DD1398-300<br>Colorway: Barely Green/Black<br>Released: 03/09/2021<br>new<br><br><br><ul>
<li>100% Authentic</li>
<li>In Stock &amp; Ready to Ship</li>
</ul>All items are shipped out quickly with safe packaging.<br>Check our reviews to see the accuracy of our conditions, speed of shipping and quality of service.<br>Send a DM to request any photos - If you have any questions please reach out!<br>","","sneakers","","11M / 12.5W","","","","","KCP","DD1398-300-11","KCP-487","11","12.5","Brand New","","Nike Dunk High SE All-Star (2021)","Nike Dunk High SE All-Star (2021)<br><br>SKU: DD1398-300<br>Colorway: Barely Green/Black<br>Released: 03/09/2021<br>new<br><br><br><ul>
<li>100% Authentic</li>
<li>In Stock &amp; Ready to Ship</li>
</ul>All items are shipped out quickly with safe packaging.<br>Check our reviews to see the accuracy of our conditions, speed of shipping and quality of service.<br>Send a DM to request any photos - If you have any questions please reach out!<br>","Nike Dunk High SE All-star (2021)","Brand New","Sneakers","gid://shopify/TaxonomyCategory/aa-sneakers","","false"
"nike-dunk-high-se-all-star-2021","DD1398-300-11.5","Nike","Nike Dunk High SE All-Star (2021)","Nike Dunk High SE All-Star (2021)<br><br>SKU: DD1398-300<br>Colorway: Barely Green/Black<br>Released: 03/09/2021<br>new<br><br><br><ul>
<li>100% Authentic</li>
<li>In Stock &amp; Ready to Ship</li>
</ul>All items are shipped out quickly with safe packaging.<br>Check our reviews to see the accuracy of our conditions, speed of shipping and quality of service.<br>Send a DM to request any photos - If you have any questions please reach out!<br>","","sneakers","","11.5M / 13W","","","","","KCP","DD1398-300-11.5","KCP-488","11.5","13","Brand New","","Nike Dunk High SE All-Star (2021)","Nike Dunk High SE All-Star (2021)<br><br>SKU: DD1398-300<br>Colorway: Barely Green/Black<br>Released: 03/09/2021<br>new<br><br><br><ul>
<li>100% Authentic</li>
<li>In Stock &amp; Ready to Ship</li>
</ul>All items are shipped out quickly with safe packaging.<br>Check our reviews to see the accuracy of our conditions, speed of shipping and quality of service.<br>Send a DM to request any photos - If you have any questions please reach out!<br>","Nike Dunk High SE All-star (2021)","Brand New","Sneakers","gid://shopify/TaxonomyCategory/aa-sneakers","","false"
"nike-dunk-high-se-all-star-2021","DD1398-300-12","Nike","Nike Dunk High SE All-Star (2021)","Nike Dunk High SE All-Star (2021)<br><br>SKU: DD1398-300<br>Colorway: Barely Green/Black<br>Released: 03/09/2021<br>new<br><br><br><ul>
<li>100% Authentic</li>
<li>In Stock &amp; Ready to Ship</li>
</ul>All items are shipped out quickly with safe packaging.<br>Check our reviews to see the accuracy of our conditions, speed of shipping and quality of service.<br>Send a DM to request any photos - If you have any questions please reach out!<br>","","sneakers","","12M / 13.5W","","","","","KCP","DD1398-300-12","KCP-489","12","13.5","Brand New","","Nike Dunk High SE All-Star (2021)","Nike Dunk High SE All-Star (2021)<br><br>SKU: DD1398-300<br>Colorway: Barely Green/Black<br>Released: 03/09/2021<br>new<br><br><br><ul>
<li>100% Authentic</li>
<li>In Stock &amp; Ready to Ship</li>
</ul>All items are shipped out quickly with safe packaging.<br>Check our reviews to see the accuracy of our conditions, speed of shipping and quality of service.<br>Send a DM to request any photos - If you have any questions please reach out!<br>","Nike Dunk High SE All-star (2021)","Brand New","Sneakers","gid://shopify/TaxonomyCategory/aa-sneakers","","false"
"nike-dunk-high-se-all-star-2021","DD1398-300-12.5","Nike","Nike Dunk High SE All-Star (2021)","Nike Dunk High SE All-Star (2021)<br><br>SKU: DD1398-300<br>Colorway: Barely Green/Black<br>Released: 03/09/2021<br>new<br><br><br><ul>
<li>100% Authentic</li>
<li>In Stock &amp; Ready to Ship</li>
</ul>All items are shipped out quickly with safe packaging.<br>Check our reviews to see the accuracy of our conditions, speed of shipping and quality of service.<br>Send a DM to request any photos - If you have any questions please reach out!<br>","","sneakers","","12.5M / 14W","","","","","KCP","DD1398-300-12.5","KCP-490","12.5","14","Brand New","","Nike Dunk High SE All-Star (2021)","Nike Dunk High SE All-Star (2021)<br><br>SKU: DD1398-300<br>Colorway: Barely Green/Black<br>Released: 03/09/2021<br>new<br><br><br><ul>
<li>100% Authentic</li>
<li>In Stock &amp; Ready to Ship</li>
</ul>All items are shipped out quickly with safe packaging.<br>Check our reviews to see the accuracy of our conditions, speed of shipping and quality of service.<br>Send a DM to request any photos - If you have any questions please reach out!<br>","Nike Dunk High SE All-star (2021)","Brand New","Sneakers","gid://shopify/TaxonomyCategory/aa-sneakers","","false"
"nike-dunk-high-se-all-star-2021","DD1398-300-13","Nike","Nike Dunk High SE All-Star (2021)","Nike Dunk High SE All-Star (2021)<br><br>SKU: DD1398-300<br>Colorway: Barely Green/Black<br>Released: 03/09/2021<br>new<br><br><br><ul>
<li>100% Authentic</li>
<li>In Stock &amp; Ready to Ship</li>
</ul>All items are shipped out quickly with safe packaging.<br>Check our reviews to see the accuracy of our conditions, speed of shipping and quality of service.<br>Send a DM to request any photos - If you have any questions please reach out!<br>","","sneakers","","13M / 14.5W","","","","","KCP","DD1398-300-13","KCP-491","13","14.5","Brand New","","Nike Dunk High SE All-Star (2021)","Nike Dunk High SE All-Star (2021)<br><br>SKU: DD1398-300<br>Colorway: Barely Green/Black<br>Released: 03/09/2021<br>new<br><br><br><ul>
<li>100% Authentic</li>
<li>In Stock &amp; Ready to Ship</li>
</ul>All items are shipped out quickly with safe packaging.<br>Check our reviews to see the accuracy of our conditions, speed of shipping and quality of service.<br>Send a DM to request any photos - If you have any questions please reach out!<br>","Nike Dunk High SE All-star (2021)","Brand New","Sneakers","gid://shopify/TaxonomyCategory/aa-sneakers","","false"
"nike-dunk-high-se-all-star-2021","DD1398-300-14","Nike","Nike Dunk High SE All-Star (2021)","Nike Dunk High SE All-Star (2021)<br><br>SKU: DD1398-300<br>Colorway: Barely Green/Black<br>Released: 03/09/2021<br>new<br><br><br><ul>
<li>100% Authentic</li>
<li>In Stock &amp; Ready to Ship</li>
</ul>All items are shipped out quickly with safe packaging.<br>Check our reviews to see the accuracy of our conditions, speed of shipping and quality of service.<br>Send a DM to request any photos - If you have any questions please reach out!<br>","","sneakers","","14M / 15.5W","","","","","KCP","DD1398-300-14","KCP-492","14","15.5","Brand New","","Nike Dunk High SE All-Star (2021)","Nike Dunk High SE All-Star (2021)<br><br>SKU: DD1398-300<br>Colorway: Barely Green/Black<br>Released: 03/09/2021<br>new<br><br><br><ul>
<li>100% Authentic</li>
<li>In Stock &amp; Ready to Ship</li>
</ul>All items are shipped out quickly with safe packaging.<br>Check our reviews to see the accuracy of our conditions, speed of shipping and quality of service.<br>Send a DM to request any photos - If you have any questions please reach out!<br>","Nike Dunk High SE All-star (2021)","Brand New","Sneakers","gid://shopify/TaxonomyCategory/aa-sneakers","","false"
"nike-dunk-high-se-all-star-2021","DD1398-300-15","Nike","Nike Dunk High SE All-Star (2021)","Nike Dunk High SE All-Star (2021)<br><br>SKU: DD1398-300<br>Colorway: Barely Green/Black<br>Released: 03/09/2021<br>new<br><br><br><ul>
<li>100% Authentic</li>
<li>In Stock &amp; Ready to Ship</li>
</ul>All items are shipped out quickly with safe packaging.<br>Check our reviews to see the accuracy of our conditions, speed of shipping and quality of service.<br>Send a DM to request any photos - If you have any questions please reach out!<br>","","sneakers","","15M / 16.5W","","","","","KCP","DD1398-300-15","KCP-493","15","16.5","Brand New","","Nike Dunk High SE All-Star (2021)","Nike Dunk High SE All-Star (2021)<br><br>SKU: DD1398-300<br>Colorway: Barely Green/Black<br>Released: 03/09/2021<br>new<br><br><br><ul>
<li>100% Authentic</li>
<li>In Stock &amp; Ready to Ship</li>
</ul>All items are shipped out quickly with safe packaging.<br>Check our reviews to see the accuracy of our conditions, speed of shipping and quality of service.<br>Send a DM to request any photos - If you have any questions please reach out!<br>","Nike Dunk High SE All-star (2021)","Brand New","Sneakers","gid://shopify/TaxonomyCategory/aa-sneakers","","false"
"nike-dunk-low-red-panda","FV0395-200-3.5","Nike","Nike Dunk Low Red Panda","Nike Dunk Low Red Panda<br><br>SKU: FV0395-200<br>Colorway: Velvet Brown/Sanddrift-Rugged Orange<br>Released: 10/27/2023<br>new<br><br><br><ul>
<li>100% Authentic</li>
<li>In Stock &amp; Ready to Ship</li>
</ul>All items are shipped out quickly with safe packaging.<br>Check our reviews to see the accuracy of our conditions, speed of shipping and quality of service.<br>Send a DM to request any photos - If you have any questions please reach out!<br>","","sneakers","Size","3.5Y / 5W","","","","","KCP","FV0395-200-3.5","KCP-494","3.5","5","Brand New","","Nike Dunk Low Red Panda","Nike Dunk Low Red Panda<br><br>SKU: FV0395-200<br>Colorway: Velvet Brown/Sanddrift-Rugged Orange<br>Released: 10/27/2023<br>new<br><br><br><ul>
<li>100% Authentic</li>
<li>In Stock &amp; Ready to Ship</li>
</ul>All items are shipped out quickly with safe packaging.<br>Check our reviews to see the accuracy of our conditions, speed of shipping and quality of service.<br>Send a DM to request any photos - If you have any questions please reach out!<br>","Nike Dunk Low Red Panda","Brand New","Sneakers","gid://shopify/TaxonomyCategory/aa-sneakers","","false"
"nike-dunk-low-red-panda","FV0395-200-4","Nike","Nike Dunk Low Red Panda","Nike Dunk Low Red Panda<br><br>SKU: FV0395-200<br>Colorway: Velvet Brown/Sanddrift-Rugged Orange<br>Released: 10/27/2023<br>new<br><br><br><ul>
<li>100% Authentic</li>
<li>In Stock &amp; Ready to Ship</li>
</ul>All items are shipped out quickly with safe packaging.<br>Check our reviews to see the accuracy of our conditions, speed of shipping and quality of service.<br>Send a DM to request any photos - If you have any questions please reach out!<br>","","sneakers","","4Y / 5.5W","","","","","KCP","FV0395-200-4","KCP-495","4","5.5","Brand New","","Nike Dunk Low Red Panda","Nike Dunk Low Red Panda<br><br>SKU: FV0395-200<br>Colorway: Velvet Brown/Sanddrift-Rugged Orange<br>Released: 10/27/2023<br>new<br><br><br><ul>
<li>100% Authentic</li>
<li>In Stock &amp; Ready to Ship</li>
</ul>All items are shipped out quickly with safe packaging.<br>Check our reviews to see the accuracy of our conditions, speed of shipping and quality of service.<br>Send a DM to request any photos - If you have any questions please reach out!<br>","Nike Dunk Low Red Panda","Brand New","Sneakers","gid://shopify/TaxonomyCategory/aa-sneakers","","false"
"nike-dunk-low-red-panda","FV0395-200-4.5","Nike","Nike Dunk Low Red Panda","Nike Dunk Low Red Panda<br><br>SKU: FV0395-200<br>Colorway: Velvet Brown/Sanddrift-Rugged Orange<br>Released: 10/27/2023<br>new<br><br><br><ul>
<li>100% Authentic</li>
<li>In Stock &amp; Ready to Ship</li>
</ul>All items are shipped out quickly with safe packaging.<br>Check our reviews to see the accuracy of our conditions, speed of shipping and quality of service.<br>Send a DM to request any photos - If you have any questions please reach out!<br>","","sneakers","","4.5Y / 6W","","","","","KCP","FV0395-200-4.5","KCP-496","4.5","6","Brand New","","Nike Dunk Low Red Panda","Nike Dunk Low Red Panda<br><br>SKU: FV0395-200<br>Colorway: Velvet Brown/Sanddrift-Rugged Orange<br>Released: 10/27/2023<br>new<br><br><br><ul>
<li>100% Authentic</li>
<li>In Stock &amp; Ready to Ship</li>
</ul>All items are shipped out quickly with safe packaging.<br>Check our reviews to see the accuracy of our conditions, speed of shipping and quality of service.<br>Send a DM to request any photos - If you have any questions please reach out!<br>","Nike Dunk Low Red Panda","Brand New","Sneakers","gid://shopify/TaxonomyCategory/aa-sneakers","","false"
"nike-dunk-low-red-panda","FV0395-200-5","Nike","Nike Dunk Low Red Panda","Nike Dunk Low Red Panda<br><br>SKU: FV0395-200<br>Colorway: Velvet Brown/Sanddrift-Rugged Orange<br>Released: 10/27/2023<br>new<br><br><br><ul>
<li>100% Authentic</li>
<li>In Stock &amp; Ready to Ship</li>
</ul>All items are shipped out quickly with safe packaging.<br>Check our reviews to see the accuracy of our conditions, speed of shipping and quality of service.<br>Send a DM to request any photos - If you have any questions please reach out!<br>","","sneakers","","5Y / 6.5W","","","","","KCP","FV0395-200-5","KCP-497","5","6.5","Brand New","","Nike Dunk Low Red Panda","Nike Dunk Low Red Panda<br><br>SKU: FV0395-200<br>Colorway: Velvet Brown/Sanddrift-Rugged Orange<br>Released: 10/27/2023<br>new<br><br><br><ul>
<li>100% Authentic</li>
<li>In Stock &amp; Ready to Ship</li>
</ul>All items are shipped out quickly with safe packaging.<br>Check our reviews to see the accuracy of our conditions, speed of shipping and quality of service.<br>Send a DM to request any photos - If you have any questions please reach out!<br>","Nike Dunk Low Red Panda","Brand New","Sneakers","gid://shopify/TaxonomyCategory/aa-sneakers","","false"
"nike-dunk-low-red-panda","FV0395-200-5.5","Nike","Nike Dunk Low Red Panda","Nike Dunk Low Red Panda<br><br>SKU: FV0395-200<br>Colorway: Velvet Brown/Sanddrift-Rugged Orange<br>Released: 10/27/2023<br>new<br><br><br><ul>
<li>100% Authentic</li>
<li>In Stock &amp; Ready to Ship</li>
</ul>All items are shipped out quickly with safe packaging.<br>Check our reviews to see the accuracy of our conditions, speed of shipping and quality of service.<br>Send a DM to request any photos - If you have any questions please reach out!<br>","","sneakers","","5.5Y / 7W","","","","","KCP","FV0395-200-5.5","KCP-498","5.5","7","Brand New","","Nike Dunk Low Red Panda","Nike Dunk Low Red Panda<br><br>SKU: FV0395-200<br>Colorway: Velvet Brown/Sanddrift-Rugged Orange<br>Released: 10/27/2023<br>new<br><br><br><ul>
<li>100% Authentic</li>
<li>In Stock &amp; Ready to Ship</li>
</ul>All items are shipped out quickly with safe packaging.<br>Check our reviews to see the accuracy of our conditions, speed of shipping and quality of service.<br>Send a DM to request any photos - If you have any questions please reach out!<br>","Nike Dunk Low Red Panda","Brand New","Sneakers","gid://shopify/TaxonomyCategory/aa-sneakers","","false"
"nike-dunk-low-red-panda","FV0395-200-6","Nike","Nike Dunk Low Red Panda","Nike Dunk Low Red Panda<br><br>SKU: FV0395-200<br>Colorway: Velvet Brown/Sanddrift-Rugged Orange<br>Released: 10/27/2023<br>new<br><br><br><ul>
<li>100% Authentic</li>
<li>In Stock &amp; Ready to Ship</li>
</ul>All items are shipped out quickly with safe packaging.<br>Check our reviews to see the accuracy of our conditions, speed of shipping and quality of service.<br>Send a DM to request any photos - If you have any questions please reach out!<br>","","sneakers","","6Y / 7.5W","","","","","KCP","FV0395-200-6","KCP-499","6","7.5","Brand New","","Nike Dunk Low Red Panda","Nike Dunk Low Red Panda<br><br>SKU: FV0395-200<br>Colorway: Velvet Brown/Sanddrift-Rugged Orange<br>Released: 10/27/2023<br>new<br><br><br><ul>
<li>100% Authentic</li>
<li>In Stock &amp; Ready to Ship</li>
</ul>All items are shipped out quickly with safe packaging.<br>Check our reviews to see the accuracy of our conditions, speed of shipping and quality of service.<br>Send a DM to request any photos - If you have any questions please reach out!<br>","Nike Dunk Low Red Panda","Brand New","Sneakers","gid://shopify/TaxonomyCategory/aa-sneakers","","false"
"nike-dunk-low-red-panda","FV0395-200-6.5","Nike","Nike Dunk Low Red Panda","Nike Dunk Low Red Panda<br><br>SKU: FV0395-200<br>Colorway: Velvet Brown/Sanddrift-Rugged Orange<br>Released: 10/27/2023<br>new<br><br><br><ul>
<li>100% Authentic</li>
<li>In Stock &amp; Ready to Ship</li>
</ul>All items are shipped out quickly with safe packaging.<br>Check our reviews to see the accuracy of our conditions, speed of shipping and quality of service.<br>Send a DM to request any photos - If you have any questions please reach out!<br>","","sneakers","","6.5Y / 8W","","","","","KCP","FV0395-200-6.5","KCP-500","6.5","8","Brand New","","Nike Dunk Low Red Panda","Nike Dunk Low Red Panda<br><br>SKU: FV0395-200<br>Colorway: Velvet Brown/Sanddrift-Rugged Orange<br>Released: 10/27/2023<br>new<br><br><br><ul>
<li>100% Authentic</li>
<li>In Stock &amp; Ready to Ship</li>
</ul>All items are shipped out quickly with safe packaging.<br>Check our reviews to see the accuracy of our conditions, speed of shipping and quality of service.<br>Send a DM to request any photos - If you have any questions please reach out!<br>","Nike Dunk Low Red Panda","Brand New","Sneakers","gid://shopify/TaxonomyCategory/aa-sneakers","","false"
"nike-dunk-low-red-panda","FV0395-200-7","Nike","Nike Dunk Low Red Panda","Nike Dunk Low Red Panda<br><br>SKU: FV0395-200<br>Colorway: Velvet Brown/Sanddrift-Rugged Orange<br>Released: 10/27/2023<br>new<br><br><br><ul>
<li>100% Authentic</li>
<li>In Stock &amp; Ready to Ship</li>
</ul>All items are shipped out quickly with safe packaging.<br>Check our reviews to see the accuracy of our conditions, speed of shipping and quality of service.<br>Send a DM to request any photos - If you have any questions please reach out!<br>","","sneakers","","7Y / 8.5W","","","","","KCP","FV0395-200-7","KCP-501","7","8.5","Brand New","","Nike Dunk Low Red Panda","Nike Dunk Low Red Panda<br><br>SKU: FV0395-200<br>Colorway: Velvet Brown/Sanddrift-Rugged Orange<br>Released: 10/27/2023<br>new<br><br><br><ul>
<li>100% Authentic</li>
<li>In Stock &amp; Ready to Ship</li>
</ul>All items are shipped out quickly with safe packaging.<br>Check our reviews to see the accuracy of our conditions, speed of shipping and quality of service.<br>Send a DM to request any photos - If you have any questions please reach out!<br>","Nike Dunk Low Red Panda","Brand New","Sneakers","gid://shopify/TaxonomyCategory/aa-sneakers","","false"
"nike-dunk-low-red-panda","FV0395-200-7.5","Nike","Nike Dunk Low Red Panda","Nike Dunk Low Red Panda<br><br>SKU: FV0395-200<br>Colorway: Velvet Brown/Sanddrift-Rugged Orange<br>Released: 10/27/2023<br>new<br><br><br><ul>
<li>100% Authentic</li>
<li>In Stock &amp; Ready to Ship</li>
</ul>All items are shipped out quickly with safe packaging.<br>Check our reviews to see the accuracy of our conditions, speed of shipping and quality of service.<br>Send a DM to request any photos - If you have any questions please reach out!<br>","","sneakers","","7.5M / 9W","","","","","KCP","FV0395-200-7.5","KCP-502","7.5","9","Brand New","","Nike Dunk Low Red Panda","Nike Dunk Low Red Panda<br><br>SKU: FV0395-200<br>Colorway: Velvet Brown/Sanddrift-Rugged Orange<br>Released: 10/27/2023<br>new<br><br><br><ul>
<li>100% Authentic</li>
<li>In Stock &amp; Ready to Ship</li>
</ul>All items are shipped out quickly with safe packaging.<br>Check our reviews to see the accuracy of our conditions, speed of shipping and quality of service.<br>Send a DM to request any photos - If you have any questions please reach out!<br>","Nike Dunk Low Red Panda","Brand New","Sneakers","gid://shopify/TaxonomyCategory/aa-sneakers","","false"
"nike-dunk-low-red-panda","FV0395-200-8","Nike","Nike Dunk Low Red Panda","Nike Dunk Low Red Panda<br><br>SKU: FV0395-200<br>Colorway: Velvet Brown/Sanddrift-Rugged Orange<br>Released: 10/27/2023<br>new<br><br><br><ul>
<li>100% Authentic</li>
<li>In Stock &amp; Ready to Ship</li>
</ul>All items are shipped out quickly with safe packaging.<br>Check our reviews to see the accuracy of our conditions, speed of shipping and quality of service.<br>Send a DM to request any photos - If you have any questions please reach out!<br>","","sneakers","","8M / 9.5W","","","","","KCP","FV0395-200-8","KCP-503","8","9.5","Brand New","","Nike Dunk Low Red Panda","Nike Dunk Low Red Panda<br><br>SKU: FV0395-200<br>Colorway: Velvet Brown/Sanddrift-Rugged Orange<br>Released: 10/27/2023<br>new<br><br><br><ul>
<li>100% Authentic</li>
<li>In Stock &amp; Ready to Ship</li>
</ul>All items are shipped out quickly with safe packaging.<br>Check our reviews to see the accuracy of our conditions, speed of shipping and quality of service.<br>Send a DM to request any photos - If you have any questions please reach out!<br>","Nike Dunk Low Red Panda","Brand New","Sneakers","gid://shopify/TaxonomyCategory/aa-sneakers","","false"
"nike-dunk-low-red-panda","FV0395-200-8.5","Nike","Nike Dunk Low Red Panda","Nike Dunk Low Red Panda<br><br>SKU: FV0395-200<br>Colorway: Velvet Brown/Sanddrift-Rugged Orange<br>Released: 10/27/2023<br>new<br><br><br><ul>
<li>100% Authentic</li>
<li>In Stock &amp; Ready to Ship</li>
</ul>All items are shipped out quickly with safe packaging.<br>Check our reviews to see the accuracy of our conditions, speed of shipping and quality of service.<br>Send a DM to request any photos - If you have any questions please reach out!<br>","","sneakers","","8.5M / 10W","","","","","KCP","FV0395-200-8.5","KCP-504","8.5","10","Brand New","","Nike Dunk Low Red Panda","Nike Dunk Low Red Panda<br><br>SKU: FV0395-200<br>Colorway: Velvet Brown/Sanddrift-Rugged Orange<br>Released: 10/27/2023<br>new<br><br><br><ul>
<li>100% Authentic</li>
<li>In Stock &amp; Ready to Ship</li>
</ul>All items are shipped out quickly with safe packaging.<br>Check our reviews to see the accuracy of our conditions, speed of shipping and quality of service.<br>Send a DM to request any photos - If you have any questions please reach out!<br>","Nike Dunk Low Red Panda","Brand New","Sneakers","gid://shopify/TaxonomyCategory/aa-sneakers","","false"
"nike-dunk-low-red-panda","FV0395-200-9","Nike","Nike Dunk Low Red Panda","Nike Dunk Low Red Panda<br><br>SKU: FV0395-200<br>Colorway: Velvet Brown/Sanddrift-Rugged Orange<br>Released: 10/27/2023<br>new<br><br><br><ul>
<li>100% Authentic</li>
<li>In Stock &amp; Ready to Ship</li>
</ul>All items are shipped out quickly with safe packaging.<br>Check our reviews to see the accuracy of our conditions, speed of shipping and quality of service.<br>Send a DM to request any photos - If you have any questions please reach out!<br>","","sneakers","","9M / 10.5W","","","","","KCP","FV0395-200-9","KCP-505","9","10.5","Brand New","","Nike Dunk Low Red Panda","Nike Dunk Low Red Panda<br><br>SKU: FV0395-200<br>Colorway: Velvet Brown/Sanddrift-Rugged Orange<br>Released: 10/27/2023<br>new<br><br><br><ul>
<li>100% Authentic</li>
<li>In Stock &amp; Ready to Ship</li>
</ul>All items are shipped out quickly with safe packaging.<br>Check our reviews to see the accuracy of our conditions, speed of shipping and quality of service.<br>Send a DM to request any photos - If you have any questions please reach out!<br>","Nike Dunk Low Red Panda","Brand New","Sneakers","gid://shopify/TaxonomyCategory/aa-sneakers","","false"
"nike-dunk-low-red-panda","FV0395-200-9.5","Nike","Nike Dunk Low Red Panda","Nike Dunk Low Red Panda<br><br>SKU: FV0395-200<br>Colorway: Velvet Brown/Sanddrift-Rugged Orange<br>Released: 10/27/2023<br>new<br><br><br><ul>
<li>100% Authentic</li>
<li>In Stock &amp; Ready to Ship</li>
</ul>All items are shipped out quickly with safe packaging.<br>Check our reviews to see the accuracy of our conditions, speed of shipping and quality of service.<br>Send a DM to request any photos - If you have any questions please reach out!<br>","","sneakers","","9.5M / 11W","","","","","KCP","FV0395-200-9.5","KCP-506","9.5","11","Brand New","","Nike Dunk Low Red Panda","Nike Dunk Low Red Panda<br><br>SKU: FV0395-200<br>Colorway: Velvet Brown/Sanddrift-Rugged Orange<br>Released: 10/27/2023<br>new<br><br><br><ul>
<li>100% Authentic</li>
<li>In Stock &amp; Ready to Ship</li>
</ul>All items are shipped out quickly with safe packaging.<br>Check our reviews to see the accuracy of our conditions, speed of shipping and quality of service.<br>Send a DM to request any photos - If you have any questions please reach out!<br>","Nike Dunk Low Red Panda","Brand New","Sneakers","gid://shopify/TaxonomyCategory/aa-sneakers","","false"
"nike-dunk-low-red-panda","FV0395-200-10","Nike","Nike Dunk Low Red Panda","Nike Dunk Low Red Panda<br><br>SKU: FV0395-200<br>Colorway: Velvet Brown/Sanddrift-Rugged Orange<br>Released: 10/27/2023<br>new<br><br><br><ul>
<li>100% Authentic</li>
<li>In Stock &amp; Ready to Ship</li>
</ul>All items are shipped out quickly with safe packaging.<br>Check our reviews to see the accuracy of our conditions, speed of shipping and quality of service.<br>Send a DM to request any photos - If you have any questions please reach out!<br>","","sneakers","","10M / 11.5W","","","","","KCP","FV0395-200-10","KCP-507","10","11.5","Brand New","","Nike Dunk Low Red Panda","Nike Dunk Low Red Panda<br><br>SKU: FV0395-200<br>Colorway: Velvet Brown/Sanddrift-Rugged Orange<br>Released: 10/27/2023<br>new<br><br><br><ul>
<li>100% Authentic</li>
<li>In Stock &amp; Ready to Ship</li>
</ul>All items are shipped out quickly with safe packaging.<br>Check our reviews to see the accuracy of our conditions, speed of shipping and quality of service.<br>Send a DM to request any photos - If you have any questions please reach out!<br>","Nike Dunk Low Red Panda","Brand New","Sneakers","gid://shopify/TaxonomyCategory/aa-sneakers","","false"
"nike-dunk-low-red-panda","FV0395-200-10.5","Nike","Nike Dunk Low Red Panda","Nike Dunk Low Red Panda<br><br>SKU: FV0395-200<br>Colorway: Velvet Brown/Sanddrift-Rugged Orange<br>Released: 10/27/2023<br>new<br><br><br><ul>
<li>100% Authentic</li>
<li>In Stock &amp; Ready to Ship</li>
</ul>All items are shipped out quickly with safe packaging.<br>Check our reviews to see the accuracy of our conditions, speed of shipping and quality of service.<br>Send a DM to request any photos - If you have any questions please reach out!<br>","","sneakers","","10.5M / 12W","","","","","KCP","FV0395-200-10.5","KCP-508","10.5","12","Brand New","","Nike Dunk Low Red Panda","Nike Dunk Low Red Panda<br><br>SKU: FV0395-200<br>Colorway: Velvet Brown/Sanddrift-Rugged Orange<br>Released: 10/27/2023<br>new<br><br><br><ul>
<li>100% Authentic</li>
<li>In Stock &amp; Ready to Ship</li>
</ul>All items are shipped out quickly with safe packaging.<br>Check our reviews to see the accuracy of our conditions, speed of shipping and quality of service.<br>Send a DM to request any photos - If you have any questions please reach out!<br>","Nike Dunk Low Red Panda","Brand New","Sneakers","gid://shopify/TaxonomyCategory/aa-sneakers","","false"
"nike-dunk-low-red-panda","FV0395-200-11","Nike","Nike Dunk Low Red Panda","Nike Dunk Low Red Panda<br><br>SKU: FV0395-200<br>Colorway: Velvet Brown/Sanddrift-Rugged Orange<br>Released: 10/27/2023<br>new<br><br><br><ul>
<li>100% Authentic</li>
<li>In Stock &amp; Ready to Ship</li>
</ul>All items are shipped out quickly with safe packaging.<br>Check our reviews to see the accuracy of our conditions, speed of shipping and quality of service.<br>Send a DM to request any photos - If you have any questions please reach out!<br>","","sneakers","","11M / 12.5W","","","","","KCP","FV0395-200-11","KCP-509","11","12.5","Brand New","","Nike Dunk Low Red Panda","Nike Dunk Low Red Panda<br><br>SKU: FV0395-200<br>Colorway: Velvet Brown/Sanddrift-Rugged Orange<br>Released: 10/27/2023<br>new<br><br><br><ul>
<li>100% Authentic</li>
<li>In Stock &amp; Ready to Ship</li>
</ul>All items are shipped out quickly with safe packaging.<br>Check our reviews to see the accuracy of our conditions, speed of shipping and quality of service.<br>Send a DM to request any photos - If you have any questions please reach out!<br>","Nike Dunk Low Red Panda","Brand New","Sneakers","gid://shopify/TaxonomyCategory/aa-sneakers","","false"
"nike-dunk-low-red-panda","FV0395-200-11.5","Nike","Nike Dunk Low Red Panda","Nike Dunk Low Red Panda<br><br>SKU: FV0395-200<br>Colorway: Velvet Brown/Sanddrift-Rugged Orange<br>Released: 10/27/2023<br>new<br><br><br><ul>
<li>100% Authentic</li>
<li>In Stock &amp; Ready to Ship</li>
</ul>All items are shipped out quickly with safe packaging.<br>Check our reviews to see the accuracy of our conditions, speed of shipping and quality of service.<br>Send a DM to request any photos - If you have any questions please reach out!<br>","","sneakers","","11.5M / 13W","","","","","KCP","FV0395-200-11.5","KCP-510","11.5","13","Brand New","","Nike Dunk Low Red Panda","Nike Dunk Low Red Panda<br><br>SKU: FV0395-200<br>Colorway: Velvet Brown/Sanddrift-Rugged Orange<br>Released: 10/27/2023<br>new<br><br><br><ul>
<li>100% Authentic</li>
<li>In Stock &amp; Ready to Ship</li>
</ul>All items are shipped out quickly with safe packaging.<br>Check our reviews to see the accuracy of our conditions, speed of shipping and quality of service.<br>Send a DM to request any photos - If you have any questions please reach out!<br>","Nike Dunk Low Red Panda","Brand New","Sneakers","gid://shopify/TaxonomyCategory/aa-sneakers","","false"
"nike-dunk-low-red-panda","FV0395-200-12","Nike","Nike Dunk Low Red Panda","Nike Dunk Low Red Panda<br><br>SKU: FV0395-200<br>Colorway: Velvet Brown/Sanddrift-Rugged Orange<br>Released: 10/27/2023<br>new<br><br><br><ul>
<li>100% Authentic</li>
<li>In Stock &amp; Ready to Ship</li>
</ul>All items are shipped out quickly with safe packaging.<br>Check our reviews to see the accuracy of our conditions, speed of shipping and quality of service.<br>Send a DM to request any photos - If you have any questions please reach out!<br>","","sneakers","","12M / 13.5W","","","","","KCP","FV0395-200-12","KCP-511","12","13.5","Brand New","","Nike Dunk Low Red Panda","Nike Dunk Low Red Panda<br><br>SKU: FV0395-200<br>Colorway: Velvet Brown/Sanddrift-Rugged Orange<br>Released: 10/27/2023<br>new<br><br><br><ul>
<li>100% Authentic</li>
<li>In Stock &amp; Ready to Ship</li>
</ul>All items are shipped out quickly with safe packaging.<br>Check our reviews to see the accuracy of our conditions, speed of shipping and quality of service.<br>Send a DM to request any photos - If you have any questions please reach out!<br>","Nike Dunk Low Red Panda","Brand New","Sneakers","gid://shopify/TaxonomyCategory/aa-sneakers","","false"
"nike-dunk-low-red-panda","FV0395-200-12.5","Nike","Nike Dunk Low Red Panda","Nike Dunk Low Red Panda<br><br>SKU: FV0395-200<br>Colorway: Velvet Brown/Sanddrift-Rugged Orange<br>Released: 10/27/2023<br>new<br><br><br><ul>
<li>100% Authentic</li>
<li>In Stock &amp; Ready to Ship</li>
</ul>All items are shipped out quickly with safe packaging.<br>Check our reviews to see the accuracy of our conditions, speed of shipping and quality of service.<br>Send a DM to request any photos - If you have any questions please reach out!<br>","","sneakers","","12.5M / 14W","","","","","KCP","FV0395-200-12.5","KCP-512","12.5","14","Brand New","","Nike Dunk Low Red Panda","Nike Dunk Low Red Panda<br><br>SKU: FV0395-200<br>Colorway: Velvet Brown/Sanddrift-Rugged Orange<br>Released: 10/27/2023<br>new<br><br><br><ul>
<li>100% Authentic</li>
<li>In Stock &amp; Ready to Ship</li>
</ul>All items are shipped out quickly with safe packaging.<br>Check our reviews to see the accuracy of our conditions, speed of shipping and quality of service.<br>Send a DM to request any photos - If you have any questions please reach out!<br>","Nike Dunk Low Red Panda","Brand New","Sneakers","gid://shopify/TaxonomyCategory/aa-sneakers","","false"
"nike-dunk-low-red-panda","FV0395-200-13","Nike","Nike Dunk Low Red Panda","Nike Dunk Low Red Panda<br><br>SKU: FV0395-200<br>Colorway: Velvet Brown/Sanddrift-Rugged Orange<br>Released: 10/27/2023<br>new<br><br><br><ul>
<li>100% Authentic</li>
<li>In Stock &amp; Ready to Ship</li>
</ul>All items are shipped out quickly with safe packaging.<br>Check our reviews to see the accuracy of our conditions, speed of shipping and quality of service.<br>Send a DM to request any photos - If you have any questions please reach out!<br>","","sneakers","","13M / 14.5W","","","","","KCP","FV0395-200-13","KCP-513","13","14.5","Brand New","","Nike Dunk Low Red Panda","Nike Dunk Low Red Panda<br><br>SKU: FV0395-200<br>Colorway: Velvet Brown/Sanddrift-Rugged Orange<br>Released: 10/27/2023<br>new<br><br><br><ul>
<li>100% Authentic</li>
<li>In Stock &amp; Ready to Ship</li>
</ul>All items are shipped out quickly with safe packaging.<br>Check our reviews to see the accuracy of our conditions, speed of shipping and quality of service.<br>Send a DM to request any photos - If you have any questions please reach out!<br>","Nike Dunk Low Red Panda","Brand New","Sneakers","gid://shopify/TaxonomyCategory/aa-sneakers","","false"
"nike-dunk-low-red-panda","FV0395-200-14","Nike","Nike Dunk Low Red Panda","Nike Dunk Low Red Panda<br><br>SKU: FV0395-200<br>Colorway: Velvet Brown/Sanddrift-Rugged Orange<br>Released: 10/27/2023<br>new<br><br><br><ul>
<li>100% Authentic</li>
<li>In Stock &amp; Ready to Ship</li>
</ul>All items are shipped out quickly with safe packaging.<br>Check our reviews to see the accuracy of our conditions, speed of shipping and quality of service.<br>Send a DM to request any photos - If you have any questions please reach out!<br>","","sneakers","","14M / 15.5W","","","","","KCP","FV0395-200-14","KCP-514","14","15.5","Brand New","","Nike Dunk Low Red Panda","Nike Dunk Low Red Panda<br><br>SKU: FV0395-200<br>Colorway: Velvet Brown/Sanddrift-Rugged Orange<br>Released: 10/27/2023<br>new<br><br><br><ul>
<li>100% Authentic</li>
<li>In Stock &amp; Ready to Ship</li>
</ul>All items are shipped out quickly with safe packaging.<br>Check our reviews to see the accuracy of our conditions, speed of shipping and quality of service.<br>Send a DM to request any photos - If you have any questions please reach out!<br>","Nike Dunk Low Red Panda","Brand New","Sneakers","gid://shopify/TaxonomyCategory/aa-sneakers","","false"
"nike-dunk-low-red-panda","FV0395-200-15","Nike","Nike Dunk Low Red Panda","Nike Dunk Low Red Panda<br><br>SKU: FV0395-200<br>Colorway: Velvet Brown/Sanddrift-Rugged Orange<br>Released: 10/27/2023<br>new<br><br><br><ul>
<li>100% Authentic</li>
<li>In Stock &amp; Ready to Ship</li>
</ul>All items are shipped out quickly with safe packaging.<br>Check our reviews to see the accuracy of our conditions, speed of shipping and quality of service.<br>Send a DM to request any photos - If you have any questions please reach out!<br>","","sneakers","","15M / 16.5W","","","","","KCP","FV0395-200-15","KCP-515","15","16.5","Brand New","","Nike Dunk Low Red Panda","Nike Dunk Low Red Panda<br><br>SKU: FV0395-200<br>Colorway: Velvet Brown/Sanddrift-Rugged Orange<br>Released: 10/27/2023<br>new<br><br><br><ul>
<li>100% Authentic</li>
<li>In Stock &amp; Ready to Ship</li>
</ul>All items are shipped out quickly with safe packaging.<br>Check our reviews to see the accuracy of our conditions, speed of shipping and quality of service.<br>Send a DM to request any photos - If you have any questions please reach out!<br>","Nike Dunk Low Red Panda","Brand New","Sneakers","gid://shopify/TaxonomyCategory/aa-sneakers","","false"
"nike-dunk-low-co-jp-samba-2020","CZ2667-400-3.5","Nike","Nike Dunk Low CO.JP Samba (2020)","Nike Dunk Low CO.JP Samba (2020)<br><br>SKU: CZ2667-400<br>Colorway: Hyper Blue/Samba-Silver<br>Released: 08/21/2020<br>new<br><br><br><ul>
<li>100% Authentic</li>
<li>In Stock &amp; Ready to Ship</li>
</ul>All items are shipped out quickly with safe packaging.<br>Check our reviews to see the accuracy of our conditions, speed of shipping and quality of service.<br>Send a DM to request any photos - If you have any questions please reach out!<br>","","sneakers","Size","3.5Y / 5W","","","","","KCP","CZ2667-400-3.5","KCP-516","3.5","5","Brand New","","Nike Dunk Low CO.JP Samba (2020)","Nike Dunk Low CO.JP Samba (2020)<br><br>SKU: CZ2667-400<br>Colorway: Hyper Blue/Samba-Silver<br>Released: 08/21/2020<br>new<br><br><br><ul>
<li>100% Authentic</li>
<li>In Stock &amp; Ready to Ship</li>
</ul>All items are shipped out quickly with safe packaging.<br>Check our reviews to see the accuracy of our conditions, speed of shipping and quality of service.<br>Send a DM to request any photos - If you have any questions please reach out!<br>","Nike Dunk Low Co.jp Samba (2020)","Brand New","Sneakers","gid://shopify/TaxonomyCategory/aa-sneakers","","false"
"nike-dunk-low-co-jp-samba-2020","CZ2667-400-4","Nike","Nike Dunk Low CO.JP Samba (2020)","Nike Dunk Low CO.JP Samba (2020)<br><br>SKU: CZ2667-400<br>Colorway: Hyper Blue/Samba-Silver<br>Released: 08/21/2020<br>new<br><br><br><ul>
<li>100% Authentic</li>
<li>In Stock &amp; Ready to Ship</li>
</ul>All items are shipped out quickly with safe packaging.<br>Check our reviews to see the accuracy of our conditions, speed of shipping and quality of service.<br>Send a DM to request any photos - If you have any questions please reach out!<br>","","sneakers","","4Y / 5.5W","","","","","KCP","CZ2667-400-4","KCP-517","4","5.5","Brand New","","Nike Dunk Low CO.JP Samba (2020)","Nike Dunk Low CO.JP Samba (2020)<br><br>SKU: CZ2667-400<br>Colorway: Hyper Blue/Samba-Silver<br>Released: 08/21/2020<br>new<br><br><br><ul>
<li>100% Authentic</li>
<li>In Stock &amp; Ready to Ship</li>
</ul>All items are shipped out quickly with safe packaging.<br>Check our reviews to see the accuracy of our conditions, speed of shipping and quality of service.<br>Send a DM to request any photos - If you have any questions please reach out!<br>","Nike Dunk Low Co.jp Samba (2020)","Brand New","Sneakers","gid://shopify/TaxonomyCategory/aa-sneakers","","false"
"nike-dunk-low-co-jp-samba-2020","CZ2667-400-4.5","Nike","Nike Dunk Low CO.JP Samba (2020)","Nike Dunk Low CO.JP Samba (2020)<br><br>SKU: CZ2667-400<br>Colorway: Hyper Blue/Samba-Silver<br>Released: 08/21/2020<br>new<br><br><br><ul>
<li>100% Authentic</li>
<li>In Stock &amp; Ready to Ship</li>
</ul>All items are shipped out quickly with safe packaging.<br>Check our reviews to see the accuracy of our conditions, speed of shipping and quality of service.<br>Send a DM to request any photos - If you have any questions please reach out!<br>","","sneakers","","4.5Y / 6W","","","","","KCP","CZ2667-400-4.5","KCP-518","4.5","6","Brand New","","Nike Dunk Low CO.JP Samba (2020)","Nike Dunk Low CO.JP Samba (2020)<br><br>SKU: CZ2667-400<br>Colorway: Hyper Blue/Samba-Silver<br>Released: 08/21/2020<br>new<br><br><br><ul>
<li>100% Authentic</li>
<li>In Stock &amp; Ready to Ship</li>
</ul>All items are shipped out quickly with safe packaging.<br>Check our reviews to see the accuracy of our conditions, speed of shipping and quality of service.<br>Send a DM to request any photos - If you have any questions please reach out!<br>","Nike Dunk Low Co.jp Samba (2020)","Brand New","Sneakers","gid://shopify/TaxonomyCategory/aa-sneakers","","false"
"nike-dunk-low-co-jp-samba-2020","CZ2667-400-5","Nike","Nike Dunk Low CO.JP Samba (2020)","Nike Dunk Low CO.JP Samba (2020)<br><br>SKU: CZ2667-400<br>Colorway: Hyper Blue/Samba-Silver<br>Released: 08/21/2020<br>new<br><br><br><ul>
<li>100% Authentic</li>
<li>In Stock &amp; Ready to Ship</li>
</ul>All items are shipped out quickly with safe packaging.<br>Check our reviews to see the accuracy of our conditions, speed of shipping and quality of service.<br>Send a DM to request any photos - If you have any questions please reach out!<br>","","sneakers","","5Y / 6.5W","","","","","KCP","CZ2667-400-5","KCP-519","5","6.5","Brand New","","Nike Dunk Low CO.JP Samba (2020)","Nike Dunk Low CO.JP Samba (2020)<br><br>SKU: CZ2667-400<br>Colorway: Hyper Blue/Samba-Silver<br>Released: 08/21/2020<br>new<br><br><br><ul>
<li>100% Authentic</li>
<li>In Stock &amp; Ready to Ship</li>
</ul>All items are shipped out quickly with safe packaging.<br>Check our reviews to see the accuracy of our conditions, speed of shipping and quality of service.<br>Send a DM to request any photos - If you have any questions please reach out!<br>","Nike Dunk Low Co.jp Samba (2020)","Brand New","Sneakers","gid://shopify/TaxonomyCategory/aa-sneakers","","false"
"nike-dunk-low-co-jp-samba-2020","CZ2667-400-5.5","Nike","Nike Dunk Low CO.JP Samba (2020)","Nike Dunk Low CO.JP Samba (2020)<br><br>SKU: CZ2667-400<br>Colorway: Hyper Blue/Samba-Silver<br>Released: 08/21/2020<br>new<br><br><br><ul>
<li>100% Authentic</li>
<li>In Stock &amp; Ready to Ship</li>
</ul>All items are shipped out quickly with safe packaging.<br>Check our reviews to see the accuracy of our conditions, speed of shipping and quality of service.<br>Send a DM to request any photos - If you have any questions please reach out!<br>","","sneakers","","5.5Y / 7W","","","","","KCP","CZ2667-400-5.5","KCP-520","5.5","7","Brand New","","Nike Dunk Low CO.JP Samba (2020)","Nike Dunk Low CO.JP Samba (2020)<br><br>SKU: CZ2667-400<br>Colorway: Hyper Blue/Samba-Silver<br>Released: 08/21/2020<br>new<br><br><br><ul>
<li>100% Authentic</li>
<li>In Stock &amp; Ready to Ship</li>
</ul>All items are shipped out quickly with safe packaging.<br>Check our reviews to see the accuracy of our conditions, speed of shipping and quality of service.<br>Send a DM to request any photos - If you have any questions please reach out!<br>","Nike Dunk Low Co.jp Samba (2020)","Brand New","Sneakers","gid://shopify/TaxonomyCategory/aa-sneakers","","false"
"nike-dunk-low-co-jp-samba-2020","CZ2667-400-6","Nike","Nike Dunk Low CO.JP Samba (2020)","Nike Dunk Low CO.JP Samba (2020)<br><br>SKU: CZ2667-400<br>Colorway: Hyper Blue/Samba-Silver<br>Released: 08/21/2020<br>new<br><br><br><ul>
<li>100% Authentic</li>
<li>In Stock &amp; Ready to Ship</li>
</ul>All items are shipped out quickly with safe packaging.<br>Check our reviews to see the accuracy of our conditions, speed of shipping and quality of service.<br>Send a DM to request any photos - If you have any questions please reach out!<br>","","sneakers","","6Y / 7.5W","","","","","KCP","CZ2667-400-6","KCP-521","6","7.5","Brand New","","Nike Dunk Low CO.JP Samba (2020)","Nike Dunk Low CO.JP Samba (2020)<br><br>SKU: CZ2667-400<br>Colorway: Hyper Blue/Samba-Silver<br>Released: 08/21/2020<br>new<br><br><br><ul>
<li>100% Authentic</li>
<li>In Stock &amp; Ready to Ship</li>
</ul>All items are shipped out quickly with safe packaging.<br>Check our reviews to see the accuracy of our conditions, speed of shipping and quality of service.<br>Send a DM to request any photos - If you have any questions please reach out!<br>","Nike Dunk Low Co.jp Samba (2020)","Brand New","Sneakers","gid://shopify/TaxonomyCategory/aa-sneakers","","false"
"nike-dunk-low-co-jp-samba-2020","CZ2667-400-6.5","Nike","Nike Dunk Low CO.JP Samba (2020)","Nike Dunk Low CO.JP Samba (2020)<br><br>SKU: CZ2667-400<br>Colorway: Hyper Blue/Samba-Silver<br>Released: 08/21/2020<br>new<br><br><br><ul>
<li>100% Authentic</li>
<li>In Stock &amp; Ready to Ship</li>
</ul>All items are shipped out quickly with safe packaging.<br>Check our reviews to see the accuracy of our conditions, speed of shipping and quality of service.<br>Send a DM to request any photos - If you have any questions please reach out!<br>","","sneakers","","6.5Y / 8W","","","","","KCP","CZ2667-400-6.5","KCP-522","6.5","8","Brand New","","Nike Dunk Low CO.JP Samba (2020)","Nike Dunk Low CO.JP Samba (2020)<br><br>SKU: CZ2667-400<br>Colorway: Hyper Blue/Samba-Silver<br>Released: 08/21/2020<br>new<br><br><br><ul>
<li>100% Authentic</li>
<li>In Stock &amp; Ready to Ship</li>
</ul>All items are shipped out quickly with safe packaging.<br>Check our reviews to see the accuracy of our conditions, speed of shipping and quality of service.<br>Send a DM to request any photos - If you have any questions please reach out!<br>","Nike Dunk Low Co.jp Samba (2020)","Brand New","Sneakers","gid://shopify/TaxonomyCategory/aa-sneakers","","false"
"nike-dunk-low-co-jp-samba-2020","CZ2667-400-7","Nike","Nike Dunk Low CO.JP Samba (2020)","Nike Dunk Low CO.JP Samba (2020)<br><br>SKU: CZ2667-400<br>Colorway: Hyper Blue/Samba-Silver<br>Released: 08/21/2020<br>new<br><br><br><ul>
<li>100% Authentic</li>
<li>In Stock &amp; Ready to Ship</li>
</ul>All items are shipped out quickly with safe packaging.<br>Check our reviews to see the accuracy of our conditions, speed of shipping and quality of service.<br>Send a DM to request any photos - If you have any questions please reach out!<br>","","sneakers","","7Y / 8.5W","","","","","KCP","CZ2667-400-7","KCP-523","7","8.5","Brand New","","Nike Dunk Low CO.JP Samba (2020)","Nike Dunk Low CO.JP Samba (2020)<br><br>SKU: CZ2667-400<br>Colorway: Hyper Blue/Samba-Silver<br>Released: 08/21/2020<br>new<br><br><br><ul>
<li>100% Authentic</li>
<li>In Stock &amp; Ready to Ship</li>
</ul>All items are shipped out quickly with safe packaging.<br>Check our reviews to see the accuracy of our conditions, speed of shipping and quality of service.<br>Send a DM to request any photos - If you have any questions please reach out!<br>","Nike Dunk Low Co.jp Samba (2020)","Brand New","Sneakers","gid://shopify/TaxonomyCategory/aa-sneakers","","false"
"nike-dunk-low-co-jp-samba-2020","CZ2667-400-7.5","Nike","Nike Dunk Low CO.JP Samba (2020)","Nike Dunk Low CO.JP Samba (2020)<br><br>SKU: CZ2667-400<br>Colorway: Hyper Blue/Samba-Silver<br>Released: 08/21/2020<br>new<br><br><br><ul>
<li>100% Authentic</li>
<li>In Stock &amp; Ready to Ship</li>
</ul>All items are shipped out quickly with safe packaging.<br>Check our reviews to see the accuracy of our conditions, speed of shipping and quality of service.<br>Send a DM to request any photos - If you have any questions please reach out!<br>","","sneakers","","7.5M / 9W","","","","","KCP","CZ2667-400-7.5","KCP-524","7.5","9","Brand New","","Nike Dunk Low CO.JP Samba (2020)","Nike Dunk Low CO.JP Samba (2020)<br><br>SKU: CZ2667-400<br>Colorway: Hyper Blue/Samba-Silver<br>Released: 08/21/2020<br>new<br><br><br><ul>
<li>100% Authentic</li>
<li>In Stock &amp; Ready to Ship</li>
</ul>All items are shipped out quickly with safe packaging.<br>Check our reviews to see the accuracy of our conditions, speed of shipping and quality of service.<br>Send a DM to request any photos - If you have any questions please reach out!<br>","Nike Dunk Low Co.jp Samba (2020)","Brand New","Sneakers","gid://shopify/TaxonomyCategory/aa-sneakers","","false"
"nike-dunk-low-co-jp-samba-2020","CZ2667-400-8","Nike","Nike Dunk Low CO.JP Samba (2020)","Nike Dunk Low CO.JP Samba (2020)<br><br>SKU: CZ2667-400<br>Colorway: Hyper Blue/Samba-Silver<br>Released: 08/21/2020<br>new<br><br><br><ul>
<li>100% Authentic</li>
<li>In Stock &amp; Ready to Ship</li>
</ul>All items are shipped out quickly with safe packaging.<br>Check our reviews to see the accuracy of our conditions, speed of shipping and quality of service.<br>Send a DM to request any photos - If you have any questions please reach out!<br>","","sneakers","","8M / 9.5W","","","","","KCP","CZ2667-400-8","KCP-525","8","9.5","Brand New","","Nike Dunk Low CO.JP Samba (2020)","Nike Dunk Low CO.JP Samba (2020)<br><br>SKU: CZ2667-400<br>Colorway: Hyper Blue/Samba-Silver<br>Released: 08/21/2020<br>new<br><br><br><ul>
<li>100% Authentic</li>
<li>In Stock &amp; Ready to Ship</li>
</ul>All items are shipped out quickly with safe packaging.<br>Check our reviews to see the accuracy of our conditions, speed of shipping and quality of service.<br>Send a DM to request any photos - If you have any questions please reach out!<br>","Nike Dunk Low Co.jp Samba (2020)","Brand New","Sneakers","gid://shopify/TaxonomyCategory/aa-sneakers","","false"
"nike-dunk-low-co-jp-samba-2020","CZ2667-400-8.5","Nike","Nike Dunk Low CO.JP Samba (2020)","Nike Dunk Low CO.JP Samba (2020)<br><br>SKU: CZ2667-400<br>Colorway: Hyper Blue/Samba-Silver<br>Released: 08/21/2020<br>new<br><br><br><ul>
<li>100% Authentic</li>
<li>In Stock &amp; Ready to Ship</li>
</ul>All items are shipped out quickly with safe packaging.<br>Check our reviews to see the accuracy of our conditions, speed of shipping and quality of service.<br>Send a DM to request any photos - If you have any questions please reach out!<br>","","sneakers","","8.5M / 10W","","","","","KCP","CZ2667-400-8.5","KCP-526","8.5","10","Brand New","","Nike Dunk Low CO.JP Samba (2020)","Nike Dunk Low CO.JP Samba (2020)<br><br>SKU: CZ2667-400<br>Colorway: Hyper Blue/Samba-Silver<br>Released: 08/21/2020<br>new<br><br><br><ul>
<li>100% Authentic</li>
<li>In Stock &amp; Ready to Ship</li>
</ul>All items are shipped out quickly with safe packaging.<br>Check our reviews to see the accuracy of our conditions, speed of shipping and quality of service.<br>Send a DM to request any photos - If you have any questions please reach out!<br>","Nike Dunk Low Co.jp Samba (2020)","Brand New","Sneakers","gid://shopify/TaxonomyCategory/aa-sneakers","","false"
"nike-dunk-low-co-jp-samba-2020","CZ2667-400-9","Nike","Nike Dunk Low CO.JP Samba (2020)","Nike Dunk Low CO.JP Samba (2020)<br><br>SKU: CZ2667-400<br>Colorway: Hyper Blue/Samba-Silver<br>Released: 08/21/2020<br>new<br><br><br><ul>
<li>100% Authentic</li>
<li>In Stock &amp; Ready to Ship</li>
</ul>All items are shipped out quickly with safe packaging.<br>Check our reviews to see the accuracy of our conditions, speed of shipping and quality of service.<br>Send a DM to request any photos - If you have any questions please reach out!<br>","","sneakers","","9M / 10.5W","","","","","KCP","CZ2667-400-9","KCP-527","9","10.5","Brand New","","Nike Dunk Low CO.JP Samba (2020)","Nike Dunk Low CO.JP Samba (2020)<br><br>SKU: CZ2667-400<br>Colorway: Hyper Blue/Samba-Silver<br>Released: 08/21/2020<br>new<br><br><br><ul>
<li>100% Authentic</li>
<li>In Stock &amp; Ready to Ship</li>
</ul>All items are shipped out quickly with safe packaging.<br>Check our reviews to see the accuracy of our conditions, speed of shipping and quality of service.<br>Send a DM to request any photos - If you have any questions please reach out!<br>","Nike Dunk Low Co.jp Samba (2020)","Brand New","Sneakers","gid://shopify/TaxonomyCategory/aa-sneakers","","false"
"nike-dunk-low-co-jp-samba-2020","CZ2667-400-9.5","Nike","Nike Dunk Low CO.JP Samba (2020)","Nike Dunk Low CO.JP Samba (2020)<br><br>SKU: CZ2667-400<br>Colorway: Hyper Blue/Samba-Silver<br>Released: 08/21/2020<br>new<br><br><br><ul>
<li>100% Authentic</li>
<li>In Stock &amp; Ready to Ship</li>
</ul>All items are shipped out quickly with safe packaging.<br>Check our reviews to see the accuracy of our conditions, speed of shipping and quality of service.<br>Send a DM to request any photos - If you have any questions please reach out!<br>","","sneakers","","9.5M / 11W","","","","","KCP","CZ2667-400-9.5","KCP-528","9.5","11","Brand New","","Nike Dunk Low CO.JP Samba (2020)","Nike Dunk Low CO.JP Samba (2020)<br><br>SKU: CZ2667-400<br>Colorway: Hyper Blue/Samba-Silver<br>Released: 08/21/2020<br>new<br><br><br><ul>
<li>100% Authentic</li>
<li>In Stock &amp; Ready to Ship</li>
</ul>All items are shipped out quickly with safe packaging.<br>Check our reviews to see the accuracy of our conditions, speed of shipping and quality of service.<br>Send a DM to request any photos - If you have any questions please reach out!<br>","Nike Dunk Low Co.jp Samba (2020)","Brand New","Sneakers","gid://shopify/TaxonomyCategory/aa-sneakers","","false"
"nike-dunk-low-co-jp-samba-2020","CZ2667-400-10","Nike","Nike Dunk Low CO.JP Samba (2020)","Nike Dunk Low CO.JP Samba (2020)<br><br>SKU: CZ2667-400<br>Colorway: Hyper Blue/Samba-Silver<br>Released: 08/21/2020<br>new<br><br><br><ul>
<li>100% Authentic</li>
<li>In Stock &amp; Ready to Ship</li>
</ul>All items are shipped out quickly with safe packaging.<br>Check our reviews to see the accuracy of our conditions, speed of shipping and quality of service.<br>Send a DM to request any photos - If you have any questions please reach out!<br>","","sneakers","","10M / 11.5W","","","","","KCP","CZ2667-400-10","KCP-529","10","11.5","Brand New","","Nike Dunk Low CO.JP Samba (2020)","Nike Dunk Low CO.JP Samba (2020)<br><br>SKU: CZ2667-400<br>Colorway: Hyper Blue/Samba-Silver<br>Released: 08/21/2020<br>new<br><br><br><ul>
<li>100% Authentic</li>
<li>In Stock &amp; Ready to Ship</li>
</ul>All items are shipped out quickly with safe packaging.<br>Check our reviews to see the accuracy of our conditions, speed of shipping and quality of service.<br>Send a DM to request any photos - If you have any questions please reach out!<br>","Nike Dunk Low Co.jp Samba (2020)","Brand New","Sneakers","gid://shopify/TaxonomyCategory/aa-sneakers","","false"
"nike-dunk-low-co-jp-samba-2020","CZ2667-400-10.5","Nike","Nike Dunk Low CO.JP Samba (2020)","Nike Dunk Low CO.JP Samba (2020)<br><br>SKU: CZ2667-400<br>Colorway: Hyper Blue/Samba-Silver<br>Released: 08/21/2020<br>new<br><br><br><ul>
<li>100% Authentic</li>
<li>In Stock &amp; Ready to Ship</li>
</ul>All items are shipped out quickly with safe packaging.<br>Check our reviews to see the accuracy of our conditions, speed of shipping and quality of service.<br>Send a DM to request any photos - If you have any questions please reach out!<br>","","sneakers","","10.5M / 12W","","","","","KCP","CZ2667-400-10.5","KCP-530","10.5","12","Brand New","","Nike Dunk Low CO.JP Samba (2020)","Nike Dunk Low CO.JP Samba (2020)<br><br>SKU: CZ2667-400<br>Colorway: Hyper Blue/Samba-Silver<br>Released: 08/21/2020<br>new<br><br><br><ul>
<li>100% Authentic</li>
<li>In Stock &amp; Ready to Ship</li>
</ul>All items are shipped out quickly with safe packaging.<br>Check our reviews to see the accuracy of our conditions, speed of shipping and quality of service.<br>Send a DM to request any photos - If you have any questions please reach out!<br>","Nike Dunk Low Co.jp Samba (2020)","Brand New","Sneakers","gid://shopify/TaxonomyCategory/aa-sneakers","","false"
"nike-dunk-low-co-jp-samba-2020","CZ2667-400-11","Nike","Nike Dunk Low CO.JP Samba (2020)","Nike Dunk Low CO.JP Samba (2020)<br><br>SKU: CZ2667-400<br>Colorway: Hyper Blue/Samba-Silver<br>Released: 08/21/2020<br>new<br><br><br><ul>
<li>100% Authentic</li>
<li>In Stock &amp; Ready to Ship</li>
</ul>All items are shipped out quickly with safe packaging.<br>Check our reviews to see the accuracy of our conditions, speed of shipping and quality of service.<br>Send a DM to request any photos - If you have any questions please reach out!<br>","","sneakers","","11M / 12.5W","","","","","KCP","CZ2667-400-11","KCP-531","11","12.5","Brand New","","Nike Dunk Low CO.JP Samba (2020)","Nike Dunk Low CO.JP Samba (2020)<br><br>SKU: CZ2667-400<br>Colorway: Hyper Blue/Samba-Silver<br>Released: 08/21/2020<br>new<br><br><br><ul>
<li>100% Authentic</li>
<li>In Stock &amp; Ready to Ship</li>
</ul>All items are shipped out quickly with safe packaging.<br>Check our reviews to see the accuracy of our conditions, speed of shipping and quality of service.<br>Send a DM to request any photos - If you have any questions please reach out!<br>","Nike Dunk Low Co.jp Samba (2020)","Brand New","Sneakers","gid://shopify/TaxonomyCategory/aa-sneakers","","false"
"nike-dunk-low-co-jp-samba-2020","CZ2667-400-11.5","Nike","Nike Dunk Low CO.JP Samba (2020)","Nike Dunk Low CO.JP Samba (2020)<br><br>SKU: CZ2667-400<br>Colorway: Hyper Blue/Samba-Silver<br>Released: 08/21/2020<br>new<br><br><br><ul>
<li>100% Authentic</li>
<li>In Stock &amp; Ready to Ship</li>
</ul>All items are shipped out quickly with safe packaging.<br>Check our reviews to see the accuracy of our conditions, speed of shipping and quality of service.<br>Send a DM to request any photos - If you have any questions please reach out!<br>","","sneakers","","11.5M / 13W","","","","","KCP","CZ2667-400-11.5","KCP-532","11.5","13","Brand New","","Nike Dunk Low CO.JP Samba (2020)","Nike Dunk Low CO.JP Samba (2020)<br><br>SKU: CZ2667-400<br>Colorway: Hyper Blue/Samba-Silver<br>Released: 08/21/2020<br>new<br><br><br><ul>
<li>100% Authentic</li>
<li>In Stock &amp; Ready to Ship</li>
</ul>All items are shipped out quickly with safe packaging.<br>Check our reviews to see the accuracy of our conditions, speed of shipping and quality of service.<br>Send a DM to request any photos - If you have any questions please reach out!<br>","Nike Dunk Low Co.jp Samba (2020)","Brand New","Sneakers","gid://shopify/TaxonomyCategory/aa-sneakers","","false"
"nike-dunk-low-co-jp-samba-2020","CZ2667-400-12","Nike","Nike Dunk Low CO.JP Samba (2020)","Nike Dunk Low CO.JP Samba (2020)<br><br>SKU: CZ2667-400<br>Colorway: Hyper Blue/Samba-Silver<br>Released: 08/21/2020<br>new<br><br><br><ul>
<li>100% Authentic</li>
<li>In Stock &amp; Ready to Ship</li>
</ul>All items are shipped out quickly with safe packaging.<br>Check our reviews to see the accuracy of our conditions, speed of shipping and quality of service.<br>Send a DM to request any photos - If you have any questions please reach out!<br>","","sneakers","","12M / 13.5W","","","","","KCP","CZ2667-400-12","KCP-533","12","13.5","Brand New","","Nike Dunk Low CO.JP Samba (2020)","Nike Dunk Low CO.JP Samba (2020)<br><br>SKU: CZ2667-400<br>Colorway: Hyper Blue/Samba-Silver<br>Released: 08/21/2020<br>new<br><br><br><ul>
<li>100% Authentic</li>
<li>In Stock &amp; Ready to Ship</li>
</ul>All items are shipped out quickly with safe packaging.<br>Check our reviews to see the accuracy of our conditions, speed of shipping and quality of service.<br>Send a DM to request any photos - If you have any questions please reach out!<br>","Nike Dunk Low Co.jp Samba (2020)","Brand New","Sneakers","gid://shopify/TaxonomyCategory/aa-sneakers","","false"
"nike-dunk-low-co-jp-samba-2020","CZ2667-400-12.5","Nike","Nike Dunk Low CO.JP Samba (2020)","Nike Dunk Low CO.JP Samba (2020)<br><br>SKU: CZ2667-400<br>Colorway: Hyper Blue/Samba-Silver<br>Released: 08/21/2020<br>new<br><br><br><ul>
<li>100% Authentic</li>
<li>In Stock &amp; Ready to Ship</li>
</ul>All items are shipped out quickly with safe packaging.<br>Check our reviews to see the accuracy of our conditions, speed of shipping and quality of service.<br>Send a DM to request any photos - If you have any questions please reach out!<br>","","sneakers","","12.5M / 14W","","","","","KCP","CZ2667-400-12.5","KCP-534","12.5","14","Brand New","","Nike Dunk Low CO.JP Samba (2020)","Nike Dunk Low CO.JP Samba (2020)<br><br>SKU: CZ2667-400<br>Colorway: Hyper Blue/Samba-Silver<br>Released: 08/21/2020<br>new<br><br><br><ul>
<li>100% Authentic</li>
<li>In Stock &amp; Ready to Ship</li>
</ul>All items are shipped out quickly with safe packaging.<br>Check our reviews to see the accuracy of our conditions, speed of shipping and quality of service.<br>Send a DM to request any photos - If you have any questions please reach out!<br>","Nike Dunk Low Co.jp Samba (2020)","Brand New","Sneakers","gid://shopify/TaxonomyCategory/aa-sneakers","","false"
"nike-dunk-low-co-jp-samba-2020","CZ2667-400-13","Nike","Nike Dunk Low CO.JP Samba (2020)","Nike Dunk Low CO.JP Samba (2020)<br><br>SKU: CZ2667-400<br>Colorway: Hyper Blue/Samba-Silver<br>Released: 08/21/2020<br>new<br><br><br><ul>
<li>100% Authentic</li>
<li>In Stock &amp; Ready to Ship</li>
</ul>All items are shipped out quickly with safe packaging.<br>Check our reviews to see the accuracy of our conditions, speed of shipping and quality of service.<br>Send a DM to request any photos - If you have any questions please reach out!<br>","","sneakers","","13M / 14.5W","","","","","KCP","CZ2667-400-13","KCP-535","13","14.5","Brand New","","Nike Dunk Low CO.JP Samba (2020)","Nike Dunk Low CO.JP Samba (2020)<br><br>SKU: CZ2667-400<br>Colorway: Hyper Blue/Samba-Silver<br>Released: 08/21/2020<br>new<br><br><br><ul>
<li>100% Authentic</li>
<li>In Stock &amp; Ready to Ship</li>
</ul>All items are shipped out quickly with safe packaging.<br>Check our reviews to see the accuracy of our conditions, speed of shipping and quality of service.<br>Send a DM to request any photos - If you have any questions please reach out!<br>","Nike Dunk Low Co.jp Samba (2020)","Brand New","Sneakers","gid://shopify/TaxonomyCategory/aa-sneakers","","false"
"nike-dunk-low-co-jp-samba-2020","CZ2667-400-14","Nike","Nike Dunk Low CO.JP Samba (2020)","Nike Dunk Low CO.JP Samba (2020)<br><br>SKU: CZ2667-400<br>Colorway: Hyper Blue/Samba-Silver<br>Released: 08/21/2020<br>new<br><br><br><ul>
<li>100% Authentic</li>
<li>In Stock &amp; Ready to Ship</li>
</ul>All items are shipped out quickly with safe packaging.<br>Check our reviews to see the accuracy of our conditions, speed of shipping and quality of service.<br>Send a DM to request any photos - If you have any questions please reach out!<br>","","sneakers","","14M / 15.5W","","","","","KCP","CZ2667-400-14","KCP-536","14","15.5","Brand New","","Nike Dunk Low CO.JP Samba (2020)","Nike Dunk Low CO.JP Samba (2020)<br><br>SKU: CZ2667-400<br>Colorway: Hyper Blue/Samba-Silver<br>Released: 08/21/2020<br>new<br><br><br><ul>
<li>100% Authentic</li>
<li>In Stock &amp; Ready to Ship</li>
</ul>All items are shipped out quickly with safe packaging.<br>Check our reviews to see the accuracy of our conditions, speed of shipping and quality of service.<br>Send a DM to request any photos - If you have any questions please reach out!<br>","Nike Dunk Low Co.jp Samba (2020)","Brand New","Sneakers","gid://shopify/TaxonomyCategory/aa-sneakers","","false"
"nike-dunk-low-co-jp-samba-2020","CZ2667-400-15","Nike","Nike Dunk Low CO.JP Samba (2020)","Nike Dunk Low CO.JP Samba (2020)<br><br>SKU: CZ2667-400<br>Colorway: Hyper Blue/Samba-Silver<br>Released: 08/21/2020<br>new<br><br><br><ul>
<li>100% Authentic</li>
<li>In Stock &amp; Ready to Ship</li>
</ul>All items are shipped out quickly with safe packaging.<br>Check our reviews to see the accuracy of our conditions, speed of shipping and quality of service.<br>Send a DM to request any photos - If you have any questions please reach out!<br>","","sneakers","","15M / 16.5W","","","","","KCP","CZ2667-400-15","KCP-537","15","16.5","Brand New","","Nike Dunk Low CO.JP Samba (2020)","Nike Dunk Low CO.JP Samba (2020)<br><br>SKU: CZ2667-400<br>Colorway: Hyper Blue/Samba-Silver<br>Released: 08/21/2020<br>new<br><br><br><ul>
<li>100% Authentic</li>
<li>In Stock &amp; Ready to Ship</li>
</ul>All items are shipped out quickly with safe packaging.<br>Check our reviews to see the accuracy of our conditions, speed of shipping and quality of service.<br>Send a DM to request any photos - If you have any questions please reach out!<br>","Nike Dunk Low Co.jp Samba (2020)","Brand New","Sneakers","gid://shopify/TaxonomyCategory/aa-sneakers","","false"
"nike-dunk-low-sp-city-market","DA6125-900-3.5","Nike","Nike Dunk Low SP City Market","Nike Dunk Low SP City Market<br><br>SKU: DA6125-900<br>Colorway: Multi-Color/Multi-Color<br>Released: 03/04/2021<br>new<br><br><br><ul>
<li>100% Authentic</li>
<li>In Stock &amp; Ready to Ship</li>
</ul>All items are shipped out quickly with safe packaging.<br>Check our reviews to see the accuracy of our conditions, speed of shipping and quality of service.<br>Send a DM to request any photos - If you have any questions please reach out!<br>","","sneakers","Size","3.5Y / 5W","","","","","KCP","DA6125-900-3.5","KCP-538","3.5","5","Brand New","","Nike Dunk Low SP City Market","Nike Dunk Low SP City Market<br><br>SKU: DA6125-900<br>Colorway: Multi-Color/Multi-Color<br>Released: 03/04/2021<br>new<br><br><br><ul>
<li>100% Authentic</li>
<li>In Stock &amp; Ready to Ship</li>
</ul>All items are shipped out quickly with safe packaging.<br>Check our reviews to see the accuracy of our conditions, speed of shipping and quality of service.<br>Send a DM to request any photos - If you have any questions please reach out!<br>","Nike Dunk Low SP City Market","Brand New","Sneakers","gid://shopify/TaxonomyCategory/aa-sneakers","","false"
"nike-dunk-low-sp-city-market","DA6125-900-4","Nike","Nike Dunk Low SP City Market","Nike Dunk Low SP City Market<br><br>SKU: DA6125-900<br>Colorway: Multi-Color/Multi-Color<br>Released: 03/04/2021<br>new<br><br><br><ul>
<li>100% Authentic</li>
<li>In Stock &amp; Ready to Ship</li>
</ul>All items are shipped out quickly with safe packaging.<br>Check our reviews to see the accuracy of our conditions, speed of shipping and quality of service.<br>Send a DM to request any photos - If you have any questions please reach out!<br>","","sneakers","","4Y / 5.5W","","","","","KCP","DA6125-900-4","KCP-539","4","5.5","Brand New","","Nike Dunk Low SP City Market","Nike Dunk Low SP City Market<br><br>SKU: DA6125-900<br>Colorway: Multi-Color/Multi-Color<br>Released: 03/04/2021<br>new<br><br><br><ul>
<li>100% Authentic</li>
<li>In Stock &amp; Ready to Ship</li>
</ul>All items are shipped out quickly with safe packaging.<br>Check our reviews to see the accuracy of our conditions, speed of shipping and quality of service.<br>Send a DM to request any photos - If you have any questions please reach out!<br>","Nike Dunk Low SP City Market","Brand New","Sneakers","gid://shopify/TaxonomyCategory/aa-sneakers","","false"
"nike-dunk-low-sp-city-market","DA6125-900-4.5","Nike","Nike Dunk Low SP City Market","Nike Dunk Low SP City Market<br><br>SKU: DA6125-900<br>Colorway: Multi-Color/Multi-Color<br>Released: 03/04/2021<br>new<br><br><br><ul>
<li>100% Authentic</li>
<li>In Stock &amp; Ready to Ship</li>
</ul>All items are shipped out quickly with safe packaging.<br>Check our reviews to see the accuracy of our conditions, speed of shipping and quality of service.<br>Send a DM to request any photos - If you have any questions please reach out!<br>","","sneakers","","4.5Y / 6W","","","","","KCP","DA6125-900-4.5","KCP-540","4.5","6","Brand New","","Nike Dunk Low SP City Market","Nike Dunk Low SP City Market<br><br>SKU: DA6125-900<br>Colorway: Multi-Color/Multi-Color<br>Released: 03/04/2021<br>new<br><br><br><ul>
<li>100% Authentic</li>
<li>In Stock &amp; Ready to Ship</li>
</ul>All items are shipped out quickly with safe packaging.<br>Check our reviews to see the accuracy of our conditions, speed of shipping and quality of service.<br>Send a DM to request any photos - If you have any questions please reach out!<br>","Nike Dunk Low SP City Market","Brand New","Sneakers","gid://shopify/TaxonomyCategory/aa-sneakers","","false"
"nike-dunk-low-sp-city-market","DA6125-900-5","Nike","Nike Dunk Low SP City Market","Nike Dunk Low SP City Market<br><br>SKU: DA6125-900<br>Colorway: Multi-Color/Multi-Color<br>Released: 03/04/2021<br>new<br><br><br><ul>
<li>100% Authentic</li>
<li>In Stock &amp; Ready to Ship</li>
</ul>All items are shipped out quickly with safe packaging.<br>Check our reviews to see the accuracy of our conditions, speed of shipping and quality of service.<br>Send a DM to request any photos - If you have any questions please reach out!<br>","","sneakers","","5Y / 6.5W","","","","","KCP","DA6125-900-5","KCP-541","5","6.5","Brand New","","Nike Dunk Low SP City Market","Nike Dunk Low SP City Market<br><br>SKU: DA6125-900<br>Colorway: Multi-Color/Multi-Color<br>Released: 03/04/2021<br>new<br><br><br><ul>
<li>100% Authentic</li>
<li>In Stock &amp; Ready to Ship</li>
</ul>All items are shipped out quickly with safe packaging.<br>Check our reviews to see the accuracy of our conditions, speed of shipping and quality of service.<br>Send a DM to request any photos - If you have any questions please reach out!<br>","Nike Dunk Low SP City Market","Brand New","Sneakers","gid://shopify/TaxonomyCategory/aa-sneakers","","false"
"nike-dunk-low-sp-city-market","DA6125-900-5.5","Nike","Nike Dunk Low SP City Market","Nike Dunk Low SP City Market<br><br>SKU: DA6125-900<br>Colorway: Multi-Color/Multi-Color<br>Released: 03/04/2021<br>new<br><br><br><ul>
<li>100% Authentic</li>
<li>In Stock &amp; Ready to Ship</li>
</ul>All items are shipped out quickly with safe packaging.<br>Check our reviews to see the accuracy of our conditions, speed of shipping and quality of service.<br>Send a DM to request any photos - If you have any questions please reach out!<br>","","sneakers","","5.5Y / 7W","","","","","KCP","DA6125-900-5.5","KCP-542","5.5","7","Brand New","","Nike Dunk Low SP City Market","Nike Dunk Low SP City Market<br><br>SKU: DA6125-900<br>Colorway: Multi-Color/Multi-Color<br>Released: 03/04/2021<br>new<br><br><br><ul>
<li>100% Authentic</li>
<li>In Stock &amp; Ready to Ship</li>
</ul>All items are shipped out quickly with safe packaging.<br>Check our reviews to see the accuracy of our conditions, speed of shipping and quality of service.<br>Send a DM to request any photos - If you have any questions please reach out!<br>","Nike Dunk Low SP City Market","Brand New","Sneakers","gid://shopify/TaxonomyCategory/aa-sneakers","","false"
"nike-dunk-low-sp-city-market","DA6125-900-6","Nike","Nike Dunk Low SP City Market","Nike Dunk Low SP City Market<br><br>SKU: DA6125-900<br>Colorway: Multi-Color/Multi-Color<br>Released: 03/04/2021<br>new<br><br><br><ul>
<li>100% Authentic</li>
<li>In Stock &amp; Ready to Ship</li>
</ul>All items are shipped out quickly with safe packaging.<br>Check our reviews to see the accuracy of our conditions, speed of shipping and quality of service.<br>Send a DM to request any photos - If you have any questions please reach out!<br>","","sneakers","","6Y / 7.5W","","","","","KCP","DA6125-900-6","KCP-543","6","7.5","Brand New","","Nike Dunk Low SP City Market","Nike Dunk Low SP City Market<br><br>SKU: DA6125-900<br>Colorway: Multi-Color/Multi-Color<br>Released: 03/04/2021<br>new<br><br><br><ul>
<li>100% Authentic</li>
<li>In Stock &amp; Ready to Ship</li>
</ul>All items are shipped out quickly with safe packaging.<br>Check our reviews to see the accuracy of our conditions, speed of shipping and quality of service.<br>Send a DM to request any photos - If you have any questions please reach out!<br>","Nike Dunk Low SP City Market","Brand New","Sneakers","gid://shopify/TaxonomyCategory/aa-sneakers","","false"
"nike-dunk-low-sp-city-market","DA6125-900-6.5","Nike","Nike Dunk Low SP City Market","Nike Dunk Low SP City Market<br><br>SKU: DA6125-900<br>Colorway: Multi-Color/Multi-Color<br>Released: 03/04/2021<br>new<br><br><br><ul>
<li>100% Authentic</li>
<li>In Stock &amp; Ready to Ship</li>
</ul>All items are shipped out quickly with safe packaging.<br>Check our reviews to see the accuracy of our conditions, speed of shipping and quality of service.<br>Send a DM to request any photos - If you have any questions please reach out!<br>","","sneakers","","6.5Y / 8W","","","","","KCP","DA6125-900-6.5","KCP-544","6.5","8","Brand New","","Nike Dunk Low SP City Market","Nike Dunk Low SP City Market<br><br>SKU: DA6125-900<br>Colorway: Multi-Color/Multi-Color<br>Released: 03/04/2021<br>new<br><br><br><ul>
<li>100% Authentic</li>
<li>In Stock &amp; Ready to Ship</li>
</ul>All items are shipped out quickly with safe packaging.<br>Check our reviews to see the accuracy of our conditions, speed of shipping and quality of service.<br>Send a DM to request any photos - If you have any questions please reach out!<br>","Nike Dunk Low SP City Market","Brand New","Sneakers","gid://shopify/TaxonomyCategory/aa-sneakers","","false"
"nike-dunk-low-sp-city-market","DA6125-900-7","Nike","Nike Dunk Low SP City Market","Nike Dunk Low SP City Market<br><br>SKU: DA6125-900<br>Colorway: Multi-Color/Multi-Color<br>Released: 03/04/2021<br>new<br><br><br><ul>
<li>100% Authentic</li>
<li>In Stock &amp; Ready to Ship</li>
</ul>All items are shipped out quickly with safe packaging.<br>Check our reviews to see the accuracy of our conditions, speed of shipping and quality of service.<br>Send a DM to request any photos - If you have any questions please reach out!<br>","","sneakers","","7Y / 8.5W","","","","","KCP","DA6125-900-7","KCP-545","7","8.5","Brand New","","Nike Dunk Low SP City Market","Nike Dunk Low SP City Market<br><br>SKU: DA6125-900<br>Colorway: Multi-Color/Multi-Color<br>Released: 03/04/2021<br>new<br><br><br><ul>
<li>100% Authentic</li>
<li>In Stock &amp; Ready to Ship</li>
</ul>All items are shipped out quickly with safe packaging.<br>Check our reviews to see the accuracy of our conditions, speed of shipping and quality of service.<br>Send a DM to request any photos - If you have any questions please reach out!<br>","Nike Dunk Low SP City Market","Brand New","Sneakers","gid://shopify/TaxonomyCategory/aa-sneakers","","false"
"nike-dunk-low-sp-city-market","DA6125-900-7.5","Nike","Nike Dunk Low SP City Market","Nike Dunk Low SP City Market<br><br>SKU: DA6125-900<br>Colorway: Multi-Color/Multi-Color<br>Released: 03/04/2021<br>new<br><br><br><ul>
<li>100% Authentic</li>
<li>In Stock &amp; Ready to Ship</li>
</ul>All items are shipped out quickly with safe packaging.<br>Check our reviews to see the accuracy of our conditions, speed of shipping and quality of service.<br>Send a DM to request any photos - If you have any questions please reach out!<br>","","sneakers","","7.5M / 9W","","","","","KCP","DA6125-900-7.5","KCP-546","7.5","9","Brand New","","Nike Dunk Low SP City Market","Nike Dunk Low SP City Market<br><br>SKU: DA6125-900<br>Colorway: Multi-Color/Multi-Color<br>Released: 03/04/2021<br>new<br><br><br><ul>
<li>100% Authentic</li>
<li>In Stock &amp; Ready to Ship</li>
</ul>All items are shipped out quickly with safe packaging.<br>Check our reviews to see the accuracy of our conditions, speed of shipping and quality of service.<br>Send a DM to request any photos - If you have any questions please reach out!<br>","Nike Dunk Low SP City Market","Brand New","Sneakers","gid://shopify/TaxonomyCategory/aa-sneakers","","false"
"nike-dunk-low-sp-city-market","DA6125-900-8","Nike","Nike Dunk Low SP City Market","Nike Dunk Low SP City Market<br><br>SKU: DA6125-900<br>Colorway: Multi-Color/Multi-Color<br>Released: 03/04/2021<br>new<br><br><br><ul>
<li>100% Authentic</li>
<li>In Stock &amp; Ready to Ship</li>
</ul>All items are shipped out quickly with safe packaging.<br>Check our reviews to see the accuracy of our conditions, speed of shipping and quality of service.<br>Send a DM to request any photos - If you have any questions please reach out!<br>","","sneakers","","8M / 9.5W","","","","","KCP","DA6125-900-8","KCP-547","8","9.5","Brand New","","Nike Dunk Low SP City Market","Nike Dunk Low SP City Market<br><br>SKU: DA6125-900<br>Colorway: Multi-Color/Multi-Color<br>Released: 03/04/2021<br>new<br><br><br><ul>
<li>100% Authentic</li>
<li>In Stock &amp; Ready to Ship</li>
</ul>All items are shipped out quickly with safe packaging.<br>Check our reviews to see the accuracy of our conditions, speed of shipping and quality of service.<br>Send a DM to request any photos - If you have any questions please reach out!<br>","Nike Dunk Low SP City Market","Brand New","Sneakers","gid://shopify/TaxonomyCategory/aa-sneakers","","false"
"nike-dunk-low-sp-city-market","DA6125-900-8.5","Nike","Nike Dunk Low SP City Market","Nike Dunk Low SP City Market<br><br>SKU: DA6125-900<br>Colorway: Multi-Color/Multi-Color<br>Released: 03/04/2021<br>new<br><br><br><ul>
<li>100% Authentic</li>
<li>In Stock &amp; Ready to Ship</li>
</ul>All items are shipped out quickly with safe packaging.<br>Check our reviews to see the accuracy of our conditions, speed of shipping and quality of service.<br>Send a DM to request any photos - If you have any questions please reach out!<br>","","sneakers","","8.5M / 10W","","","","","KCP","DA6125-900-8.5","KCP-548","8.5","10","Brand New","","Nike Dunk Low SP City Market","Nike Dunk Low SP City Market<br><br>SKU: DA6125-900<br>Colorway: Multi-Color/Multi-Color<br>Released: 03/04/2021<br>new<br><br><br><ul>
<li>100% Authentic</li>
<li>In Stock &amp; Ready to Ship</li>
</ul>All items are shipped out quickly with safe packaging.<br>Check our reviews to see the accuracy of our conditions, speed of shipping and quality of service.<br>Send a DM to request any photos - If you have any questions please reach out!<br>","Nike Dunk Low SP City Market","Brand New","Sneakers","gid://shopify/TaxonomyCategory/aa-sneakers","","false"
"nike-dunk-low-sp-city-market","DA6125-900-9","Nike","Nike Dunk Low SP City Market","Nike Dunk Low SP City Market<br><br>SKU: DA6125-900<br>Colorway: Multi-Color/Multi-Color<br>Released: 03/04/2021<br>new<br><br><br><ul>
<li>100% Authentic</li>
<li>In Stock &amp; Ready to Ship</li>
</ul>All items are shipped out quickly with safe packaging.<br>Check our reviews to see the accuracy of our conditions, speed of shipping and quality of service.<br>Send a DM to request any photos - If you have any questions please reach out!<br>","","sneakers","","9M / 10.5W","","","","","KCP","DA6125-900-9","KCP-549","9","10.5","Brand New","","Nike Dunk Low SP City Market","Nike Dunk Low SP City Market<br><br>SKU: DA6125-900<br>Colorway: Multi-Color/Multi-Color<br>Released: 03/04/2021<br>new<br><br><br><ul>
<li>100% Authentic</li>
<li>In Stock &amp; Ready to Ship</li>
</ul>All items are shipped out quickly with safe packaging.<br>Check our reviews to see the accuracy of our conditions, speed of shipping and quality of service.<br>Send a DM to request any photos - If you have any questions please reach out!<br>","Nike Dunk Low SP City Market","Brand New","Sneakers","gid://shopify/TaxonomyCategory/aa-sneakers","","false"
"nike-dunk-low-sp-city-market","DA6125-900-9.5","Nike","Nike Dunk Low SP City Market","Nike Dunk Low SP City Market<br><br>SKU: DA6125-900<br>Colorway: Multi-Color/Multi-Color<br>Released: 03/04/2021<br>new<br><br><br><ul>
<li>100% Authentic</li>
<li>In Stock &amp; Ready to Ship</li>
</ul>All items are shipped out quickly with safe packaging.<br>Check our reviews to see the accuracy of our conditions, speed of shipping and quality of service.<br>Send a DM to request any photos - If you have any questions please reach out!<br>","","sneakers","","9.5M / 11W","","","","","KCP","DA6125-900-9.5","KCP-550","9.5","11","Brand New","","Nike Dunk Low SP City Market","Nike Dunk Low SP City Market<br><br>SKU: DA6125-900<br>Colorway: Multi-Color/Multi-Color<br>Released: 03/04/2021<br>new<br><br><br><ul>
<li>100% Authentic</li>
<li>In Stock &amp; Ready to Ship</li>
</ul>All items are shipped out quickly with safe packaging.<br>Check our reviews to see the accuracy of our conditions, speed of shipping and quality of service.<br>Send a DM to request any photos - If you have any questions please reach out!<br>","Nike Dunk Low SP City Market","Brand New","Sneakers","gid://shopify/TaxonomyCategory/aa-sneakers","","false"
"nike-dunk-low-sp-city-market","DA6125-900-10","Nike","Nike Dunk Low SP City Market","Nike Dunk Low SP City Market<br><br>SKU: DA6125-900<br>Colorway: Multi-Color/Multi-Color<br>Released: 03/04/2021<br>new<br><br><br><ul>
<li>100% Authentic</li>
<li>In Stock &amp; Ready to Ship</li>
</ul>All items are shipped out quickly with safe packaging.<br>Check our reviews to see the accuracy of our conditions, speed of shipping and quality of service.<br>Send a DM to request any photos - If you have any questions please reach out!<br>","","sneakers","","10M / 11.5W","","","","","KCP","DA6125-900-10","KCP-551","10","11.5","Brand New","","Nike Dunk Low SP City Market","Nike Dunk Low SP City Market<br><br>SKU: DA6125-900<br>Colorway: Multi-Color/Multi-Color<br>Released: 03/04/2021<br>new<br><br><br><ul>
<li>100% Authentic</li>
<li>In Stock &amp; Ready to Ship</li>
</ul>All items are shipped out quickly with safe packaging.<br>Check our reviews to see the accuracy of our conditions, speed of shipping and quality of service.<br>Send a DM to request any photos - If you have any questions please reach out!<br>","Nike Dunk Low SP City Market","Brand New","Sneakers","gid://shopify/TaxonomyCategory/aa-sneakers","","false"
"nike-dunk-low-sp-city-market","DA6125-900-10.5","Nike","Nike Dunk Low SP City Market","Nike Dunk Low SP City Market<br><br>SKU: DA6125-900<br>Colorway: Multi-Color/Multi-Color<br>Released: 03/04/2021<br>new<br><br><br><ul>
<li>100% Authentic</li>
<li>In Stock &amp; Ready to Ship</li>
</ul>All items are shipped out quickly with safe packaging.<br>Check our reviews to see the accuracy of our conditions, speed of shipping and quality of service.<br>Send a DM to request any photos - If you have any questions please reach out!<br>","","sneakers","","10.5M / 12W","","","","","KCP","DA6125-900-10.5","KCP-552","10.5","12","Brand New","","Nike Dunk Low SP City Market","Nike Dunk Low SP City Market<br><br>SKU: DA6125-900<br>Colorway: Multi-Color/Multi-Color<br>Released: 03/04/2021<br>new<br><br><br><ul>
<li>100% Authentic</li>
<li>In Stock &amp; Ready to Ship</li>
</ul>All items are shipped out quickly with safe packaging.<br>Check our reviews to see the accuracy of our conditions, speed of shipping and quality of service.<br>Send a DM to request any photos - If you have any questions please reach out!<br>","Nike Dunk Low SP City Market","Brand New","Sneakers","gid://shopify/TaxonomyCategory/aa-sneakers","","false"
"nike-dunk-low-sp-city-market","DA6125-900-11","Nike","Nike Dunk Low SP City Market","Nike Dunk Low SP City Market<br><br>SKU: DA6125-900<br>Colorway: Multi-Color/Multi-Color<br>Released: 03/04/2021<br>new<br><br><br><ul>
<li>100% Authentic</li>
<li>In Stock &amp; Ready to Ship</li>
</ul>All items are shipped out quickly with safe packaging.<br>Check our reviews to see the accuracy of our conditions, speed of shipping and quality of service.<br>Send a DM to request any photos - If you have any questions please reach out!<br>","","sneakers","","11M / 12.5W","","","","","KCP","DA6125-900-11","KCP-553","11","12.5","Brand New","","Nike Dunk Low SP City Market","Nike Dunk Low SP City Market<br><br>SKU: DA6125-900<br>Colorway: Multi-Color/Multi-Color<br>Released: 03/04/2021<br>new<br><br><br><ul>
<li>100% Authentic</li>
<li>In Stock &amp; Ready to Ship</li>
</ul>All items are shipped out quickly with safe packaging.<br>Check our reviews to see the accuracy of our conditions, speed of shipping and quality of service.<br>Send a DM to request any photos - If you have any questions please reach out!<br>","Nike Dunk Low SP City Market","Brand New","Sneakers","gid://shopify/TaxonomyCategory/aa-sneakers","","false"
"nike-dunk-low-sp-city-market","DA6125-900-11.5","Nike","Nike Dunk Low SP City Market","Nike Dunk Low SP City Market<br><br>SKU: DA6125-900<br>Colorway: Multi-Color/Multi-Color<br>Released: 03/04/2021<br>new<br><br><br><ul>
<li>100% Authentic</li>
<li>In Stock &amp; Ready to Ship</li>
</ul>All items are shipped out quickly with safe packaging.<br>Check our reviews to see the accuracy of our conditions, speed of shipping and quality of service.<br>Send a DM to request any photos - If you have any questions please reach out!<br>","","sneakers","","11.5M / 13W","","","","","KCP","DA6125-900-11.5","KCP-554","11.5","13","Brand New","","Nike Dunk Low SP City Market","Nike Dunk Low SP City Market<br><br>SKU: DA6125-900<br>Colorway: Multi-Color/Multi-Color<br>Released: 03/04/2021<br>new<br><br><br><ul>
<li>100% Authentic</li>
<li>In Stock &amp; Ready to Ship</li>
</ul>All items are shipped out quickly with safe packaging.<br>Check our reviews to see the accuracy of our conditions, speed of shipping and quality of service.<br>Send a DM to request any photos - If you have any questions please reach out!<br>","Nike Dunk Low SP City Market","Brand New","Sneakers","gid://shopify/TaxonomyCategory/aa-sneakers","","false"
"nike-dunk-low-sp-city-market","DA6125-900-12","Nike","Nike Dunk Low SP City Market","Nike Dunk Low SP City Market<br><br>SKU: DA6125-900<br>Colorway: Multi-Color/Multi-Color<br>Released: 03/04/2021<br>new<br><br><br><ul>
<li>100% Authentic</li>
<li>In Stock &amp; Ready to Ship</li>
</ul>All items are shipped out quickly with safe packaging.<br>Check our reviews to see the accuracy of our conditions, speed of shipping and quality of service.<br>Send a DM to request any photos - If you have any questions please reach out!<br>","","sneakers","","12M / 13.5W","","","","","KCP","DA6125-900-12","KCP-555","12","13.5","Brand New","","Nike Dunk Low SP City Market","Nike Dunk Low SP City Market<br><br>SKU: DA6125-900<br>Colorway: Multi-Color/Multi-Color<br>Released: 03/04/2021<br>new<br><br><br><ul>
<li>100% Authentic</li>
<li>In Stock &amp; Ready to Ship</li>
</ul>All items are shipped out quickly with safe packaging.<br>Check our reviews to see the accuracy of our conditions, speed of shipping and quality of service.<br>Send a DM to request any photos - If you have any questions please reach out!<br>","Nike Dunk Low SP City Market","Brand New","Sneakers","gid://shopify/TaxonomyCategory/aa-sneakers","","false"
"nike-dunk-low-sp-city-market","DA6125-900-12.5","Nike","Nike Dunk Low SP City Market","Nike Dunk Low SP City Market<br><br>SKU: DA6125-900<br>Colorway: Multi-Color/Multi-Color<br>Released: 03/04/2021<br>new<br><br><br><ul>
<li>100% Authentic</li>
<li>In Stock &amp; Ready to Ship</li>
</ul>All items are shipped out quickly with safe packaging.<br>Check our reviews to see the accuracy of our conditions, speed of shipping and quality of service.<br>Send a DM to request any photos - If you have any questions please reach out!<br>","","sneakers","","12.5M / 14W","","","","","KCP","DA6125-900-12.5","KCP-556","12.5","14","Brand New","","Nike Dunk Low SP City Market","Nike Dunk Low SP City Market<br><br>SKU: DA6125-900<br>Colorway: Multi-Color/Multi-Color<br>Released: 03/04/2021<br>new<br><br><br><ul>
<li>100% Authentic</li>
<li>In Stock &amp; Ready to Ship</li>
</ul>All items are shipped out quickly with safe packaging.<br>Check our reviews to see the accuracy of our conditions, speed of shipping and quality of service.<br>Send a DM to request any photos - If you have any questions please reach out!<br>","Nike Dunk Low SP City Market","Brand New","Sneakers","gid://shopify/TaxonomyCategory/aa-sneakers","","false"
"nike-dunk-low-sp-city-market","DA6125-900-13","Nike","Nike Dunk Low SP City Market","Nike Dunk Low SP City Market<br><br>SKU: DA6125-900<br>Colorway: Multi-Color/Multi-Color<br>Released: 03/04/2021<br>new<br><br><br><ul>
<li>100% Authentic</li>
<li>In Stock &amp; Ready to Ship</li>
</ul>All items are shipped out quickly with safe packaging.<br>Check our reviews to see the accuracy of our conditions, speed of shipping and quality of service.<br>Send a DM to request any photos - If you have any questions please reach out!<br>","","sneakers","","13M / 14.5W","","","","","KCP","DA6125-900-13","KCP-557","13","14.5","Brand New","","Nike Dunk Low SP City Market","Nike Dunk Low SP City Market<br><br>SKU: DA6125-900<br>Colorway: Multi-Color/Multi-Color<br>Released: 03/04/2021<br>new<br><br><br><ul>
<li>100% Authentic</li>
<li>In Stock &amp; Ready to Ship</li>
</ul>All items are shipped out quickly with safe packaging.<br>Check our reviews to see the accuracy of our conditions, speed of shipping and quality of service.<br>Send a DM to request any photos - If you have any questions please reach out!<br>","Nike Dunk Low SP City Market","Brand New","Sneakers","gid://shopify/TaxonomyCategory/aa-sneakers","","false"
"nike-dunk-low-sp-city-market","DA6125-900-14","Nike","Nike Dunk Low SP City Market","Nike Dunk Low SP City Market<br><br>SKU: DA6125-900<br>Colorway: Multi-Color/Multi-Color<br>Released: 03/04/2021<br>new<br><br><br><ul>
<li>100% Authentic</li>
<li>In Stock &amp; Ready to Ship</li>
</ul>All items are shipped out quickly with safe packaging.<br>Check our reviews to see the accuracy of our conditions, speed of shipping and quality of service.<br>Send a DM to request any photos - If you have any questions please reach out!<br>","","sneakers","","14M / 15.5W","","","","","KCP","DA6125-900-14","KCP-558","14","15.5","Brand New","","Nike Dunk Low SP City Market","Nike Dunk Low SP City Market<br><br>SKU: DA6125-900<br>Colorway: Multi-Color/Multi-Color<br>Released: 03/04/2021<br>new<br><br><br><ul>
<li>100% Authentic</li>
<li>In Stock &amp; Ready to Ship</li>
</ul>All items are shipped out quickly with safe packaging.<br>Check our reviews to see the accuracy of our conditions, speed of shipping and quality of service.<br>Send a DM to request any photos - If you have any questions please reach out!<br>","Nike Dunk Low SP City Market","Brand New","Sneakers","gid://shopify/TaxonomyCategory/aa-sneakers","","false"
"nike-dunk-low-sp-city-market","DA6125-900-15","Nike","Nike Dunk Low SP City Market","Nike Dunk Low SP City Market<br><br>SKU: DA6125-900<br>Colorway: Multi-Color/Multi-Color<br>Released: 03/04/2021<br>new<br><br><br><ul>
<li>100% Authentic</li>
<li>In Stock &amp; Ready to Ship</li>
</ul>All items are shipped out quickly with safe packaging.<br>Check our reviews to see the accuracy of our conditions, speed of shipping and quality of service.<br>Send a DM to request any photos - If you have any questions please reach out!<br>","","sneakers","","15M / 16.5W","","","","","KCP","DA6125-900-15","KCP-559","15","16.5","Brand New","","Nike Dunk Low SP City Market","Nike Dunk Low SP City Market<br><br>SKU: DA6125-900<br>Colorway: Multi-Color/Multi-Color<br>Released: 03/04/2021<br>new<br><br><br><ul>
<li>100% Authentic</li>
<li>In Stock &amp; Ready to Ship</li>
</ul>All items are shipped out quickly with safe packaging.<br>Check our reviews to see the accuracy of our conditions, speed of shipping and quality of service.<br>Send a DM to request any photos - If you have any questions please reach out!<br>","Nike Dunk Low SP City Market","Brand New","Sneakers","gid://shopify/TaxonomyCategory/aa-sneakers","","false"
"nike-sb-dunk-low-crushed-d-c","DH7782-001-3.5","Nike","Nike SB Dunk Low Crushed D.C.","Nike SB Dunk Low Crushed D.C.<br><br>SKU: DH7782-001<br>Colorway: Olive Grey/Mantra Orange/Rattan<br>Released: 10/07/2022<br>new<br><br><br><ul>
<li>100% Authentic</li>
<li>In Stock &amp; Ready to Ship</li>
</ul>All items are shipped out quickly with safe packaging.<br>Check our reviews to see the accuracy of our conditions, speed of shipping and quality of service.<br>Send a DM to request any photos - If you have any questions please reach out!<br>","","sneakers","Size","3.5Y / 5W","","","","","KCP","DH7782-001-3.5","KCP-560","3.5","5","Brand New","","Nike SB Dunk Low Crushed D.C.","Nike SB Dunk Low Crushed D.C.<br><br>SKU: DH7782-001<br>Colorway: Olive Grey/Mantra Orange/Rattan<br>Released: 10/07/2022<br>new<br><br><br><ul>
<li>100% Authentic</li>
<li>In Stock &amp; Ready to Ship</li>
</ul>All items are shipped out quickly with safe packaging.<br>Check our reviews to see the accuracy of our conditions, speed of shipping and quality of service.<br>Send a DM to request any photos - If you have any questions please reach out!<br>","Nike SB Dunk Low Crushed D.c.","Brand New","Sneakers","gid://shopify/TaxonomyCategory/aa-sneakers","","false"
"nike-sb-dunk-low-crushed-d-c","DH7782-001-4","Nike","Nike SB Dunk Low Crushed D.C.","Nike SB Dunk Low Crushed D.C.<br><br>SKU: DH7782-001<br>Colorway: Olive Grey/Mantra Orange/Rattan<br>Released: 10/07/2022<br>new<br><br><br><ul>
<li>100% Authentic</li>
<li>In Stock &amp; Ready to Ship</li>
</ul>All items are shipped out quickly with safe packaging.<br>Check our reviews to see the accuracy of our conditions, speed of shipping and quality of service.<br>Send a DM to request any photos - If you have any questions please reach out!<br>","","sneakers","","4Y / 5.5W","","","","","KCP","DH7782-001-4","KCP-561","4","5.5","Brand New","","Nike SB Dunk Low Crushed D.C.","Nike SB Dunk Low Crushed D.C.<br><br>SKU: DH7782-001<br>Colorway: Olive Grey/Mantra Orange/Rattan<br>Released: 10/07/2022<br>new<br><br><br><ul>
<li>100% Authentic</li>
<li>In Stock &amp; Ready to Ship</li>
</ul>All items are shipped out quickly with safe packaging.<br>Check our reviews to see the accuracy of our conditions, speed of shipping and quality of service.<br>Send a DM to request any photos - If you have any questions please reach out!<br>","Nike SB Dunk Low Crushed D.c.","Brand New","Sneakers","gid://shopify/TaxonomyCategory/aa-sneakers","","false"
"nike-sb-dunk-low-crushed-d-c","DH7782-001-4.5","Nike","Nike SB Dunk Low Crushed D.C.","Nike SB Dunk Low Crushed D.C.<br><br>SKU: DH7782-001<br>Colorway: Olive Grey/Mantra Orange/Rattan<br>Released: 10/07/2022<br>new<br><br><br><ul>
<li>100% Authentic</li>
<li>In Stock &amp; Ready to Ship</li>
</ul>All items are shipped out quickly with safe packaging.<br>Check our reviews to see the accuracy of our conditions, speed of shipping and quality of service.<br>Send a DM to request any photos - If you have any questions please reach out!<br>","","sneakers","","4.5Y / 6W","","","","","KCP","DH7782-001-4.5","KCP-562","4.5","6","Brand New","","Nike SB Dunk Low Crushed D.C.","Nike SB Dunk Low Crushed D.C.<br><br>SKU: DH7782-001<br>Colorway: Olive Grey/Mantra Orange/Rattan<br>Released: 10/07/2022<br>new<br><br><br><ul>
<li>100% Authentic</li>
<li>In Stock &amp; Ready to Ship</li>
</ul>All items are shipped out quickly with safe packaging.<br>Check our reviews to see the accuracy of our conditions, speed of shipping and quality of service.<br>Send a DM to request any photos - If you have any questions please reach out!<br>","Nike SB Dunk Low Crushed D.c.","Brand New","Sneakers","gid://shopify/TaxonomyCategory/aa-sneakers","","false"
"nike-sb-dunk-low-crushed-d-c","DH7782-001-5","Nike","Nike SB Dunk Low Crushed D.C.","Nike SB Dunk Low Crushed D.C.<br><br>SKU: DH7782-001<br>Colorway: Olive Grey/Mantra Orange/Rattan<br>Released: 10/07/2022<br>new<br><br><br><ul>
<li>100% Authentic</li>
<li>In Stock &amp; Ready to Ship</li>
</ul>All items are shipped out quickly with safe packaging.<br>Check our reviews to see the accuracy of our conditions, speed of shipping and quality of service.<br>Send a DM to request any photos - If you have any questions please reach out!<br>","","sneakers","","5Y / 6.5W","","","","","KCP","DH7782-001-5","KCP-563","5","6.5","Brand New","","Nike SB Dunk Low Crushed D.C.","Nike SB Dunk Low Crushed D.C.<br><br>SKU: DH7782-001<br>Colorway: Olive Grey/Mantra Orange/Rattan<br>Released: 10/07/2022<br>new<br><br><br><ul>
<li>100% Authentic</li>
<li>In Stock &amp; Ready to Ship</li>
</ul>All items are shipped out quickly with safe packaging.<br>Check our reviews to see the accuracy of our conditions, speed of shipping and quality of service.<br>Send a DM to request any photos - If you have any questions please reach out!<br>","Nike SB Dunk Low Crushed D.c.","Brand New","Sneakers","gid://shopify/TaxonomyCategory/aa-sneakers","","false"
"nike-sb-dunk-low-crushed-d-c","DH7782-001-5.5","Nike","Nike SB Dunk Low Crushed D.C.","Nike SB Dunk Low Crushed D.C.<br><br>SKU: DH7782-001<br>Colorway: Olive Grey/Mantra Orange/Rattan<br>Released: 10/07/2022<br>new<br><br><br><ul>
<li>100% Authentic</li>
<li>In Stock &amp; Ready to Ship</li>
</ul>All items are shipped out quickly with safe packaging.<br>Check our reviews to see the accuracy of our conditions, speed of shipping and quality of service.<br>Send a DM to request any photos - If you have any questions please reach out!<br>","","sneakers","","5.5Y / 7W","","","","","KCP","DH7782-001-5.5","KCP-564","5.5","7","Brand New","","Nike SB Dunk Low Crushed D.C.","Nike SB Dunk Low Crushed D.C.<br><br>SKU: DH7782-001<br>Colorway: Olive Grey/Mantra Orange/Rattan<br>Released: 10/07/2022<br>new<br><br><br><ul>
<li>100% Authentic</li>
<li>In Stock &amp; Ready to Ship</li>
</ul>All items are shipped out quickly with safe packaging.<br>Check our reviews to see the accuracy of our conditions, speed of shipping and quality of service.<br>Send a DM to request any photos - If you have any questions please reach out!<br>","Nike SB Dunk Low Crushed D.c.","Brand New","Sneakers","gid://shopify/TaxonomyCategory/aa-sneakers","","false"
"nike-sb-dunk-low-crushed-d-c","DH7782-001-6","Nike","Nike SB Dunk Low Crushed D.C.","Nike SB Dunk Low Crushed D.C.<br><br>SKU: DH7782-001<br>Colorway: Olive Grey/Mantra Orange/Rattan<br>Released: 10/07/2022<br>new<br><br><br><ul>
<li>100% Authentic</li>
<li>In Stock &amp; Ready to Ship</li>
</ul>All items are shipped out quickly with safe packaging.<br>Check our reviews to see the accuracy of our conditions, speed of shipping and quality of service.<br>Send a DM to request any photos - If you have any questions please reach out!<br>","","sneakers","","6Y / 7.5W","","","","","KCP","DH7782-001-6","KCP-565","6","7.5","Brand New","","Nike SB Dunk Low Crushed D.C.","Nike SB Dunk Low Crushed D.C.<br><br>SKU: DH7782-001<br>Colorway: Olive Grey/Mantra Orange/Rattan<br>Released: 10/07/2022<br>new<br><br><br><ul>
<li>100% Authentic</li>
<li>In Stock &amp; Ready to Ship</li>
</ul>All items are shipped out quickly with safe packaging.<br>Check our reviews to see the accuracy of our conditions, speed of shipping and quality of service.<br>Send a DM to request any photos - If you have any questions please reach out!<br>","Nike SB Dunk Low Crushed D.c.","Brand New","Sneakers","gid://shopify/TaxonomyCategory/aa-sneakers","","false"
"nike-sb-dunk-low-crushed-d-c","DH7782-001-6.5","Nike","Nike SB Dunk Low Crushed D.C.","Nike SB Dunk Low Crushed D.C.<br><br>SKU: DH7782-001<br>Colorway: Olive Grey/Mantra Orange/Rattan<br>Released: 10/07/2022<br>new<br><br><br><ul>
<li>100% Authentic</li>
<li>In Stock &amp; Ready to Ship</li>
</ul>All items are shipped out quickly with safe packaging.<br>Check our reviews to see the accuracy of our conditions, speed of shipping and quality of service.<br>Send a DM to request any photos - If you have any questions please reach out!<br>","","sneakers","","6.5Y / 8W","","","","","KCP","DH7782-001-6.5","KCP-566","6.5","8","Brand New","","Nike SB Dunk Low Crushed D.C.","Nike SB Dunk Low Crushed D.C.<br><br>SKU: DH7782-001<br>Colorway: Olive Grey/Mantra Orange/Rattan<br>Released: 10/07/2022<br>new<br><br><br><ul>
<li>100% Authentic</li>
<li>In Stock &amp; Ready to Ship</li>
</ul>All items are shipped out quickly with safe packaging.<br>Check our reviews to see the accuracy of our conditions, speed of shipping and quality of service.<br>Send a DM to request any photos - If you have any questions please reach out!<br>","Nike SB Dunk Low Crushed D.c.","Brand New","Sneakers","gid://shopify/TaxonomyCategory/aa-sneakers","","false"
"nike-sb-dunk-low-crushed-d-c","DH7782-001-7","Nike","Nike SB Dunk Low Crushed D.C.","Nike SB Dunk Low Crushed D.C.<br><br>SKU: DH7782-001<br>Colorway: Olive Grey/Mantra Orange/Rattan<br>Released: 10/07/2022<br>new<br><br><br><ul>
<li>100% Authentic</li>
<li>In Stock &amp; Ready to Ship</li>
</ul>All items are shipped out quickly with safe packaging.<br>Check our reviews to see the accuracy of our conditions, speed of shipping and quality of service.<br>Send a DM to request any photos - If you have any questions please reach out!<br>","","sneakers","","7Y / 8.5W","","","","","KCP","DH7782-001-7","KCP-567","7","8.5","Brand New","","Nike SB Dunk Low Crushed D.C.","Nike SB Dunk Low Crushed D.C.<br><br>SKU: DH7782-001<br>Colorway: Olive Grey/Mantra Orange/Rattan<br>Released: 10/07/2022<br>new<br><br><br><ul>
<li>100% Authentic</li>
<li>In Stock &amp; Ready to Ship</li>
</ul>All items are shipped out quickly with safe packaging.<br>Check our reviews to see the accuracy of our conditions, speed of shipping and quality of service.<br>Send a DM to request any photos - If you have any questions please reach out!<br>","Nike SB Dunk Low Crushed D.c.","Brand New","Sneakers","gid://shopify/TaxonomyCategory/aa-sneakers","","false"
"nike-sb-dunk-low-crushed-d-c","DH7782-001-7.5","Nike","Nike SB Dunk Low Crushed D.C.","Nike SB Dunk Low Crushed D.C.<br><br>SKU: DH7782-001<br>Colorway: Olive Grey/Mantra Orange/Rattan<br>Released: 10/07/2022<br>new<br><br><br><ul>
<li>100% Authentic</li>
<li>In Stock &amp; Ready to Ship</li>
</ul>All items are shipped out quickly with safe packaging.<br>Check our reviews to see the accuracy of our conditions, speed of shipping and quality of service.<br>Send a DM to request any photos - If you have any questions please reach out!<br>","","sneakers","","7.5M / 9W","","","","","KCP","DH7782-001-7.5","KCP-568","7.5","9","Brand New","","Nike SB Dunk Low Crushed D.C.","Nike SB Dunk Low Crushed D.C.<br><br>SKU: DH7782-001<br>Colorway: Olive Grey/Mantra Orange/Rattan<br>Released: 10/07/2022<br>new<br><br><br><ul>
<li>100% Authentic</li>
<li>In Stock &amp; Ready to Ship</li>
</ul>All items are shipped out quickly with safe packaging.<br>Check our reviews to see the accuracy of our conditions, speed of shipping and quality of service.<br>Send a DM to request any photos - If you have any questions please reach out!<br>","Nike SB Dunk Low Crushed D.c.","Brand New","Sneakers","gid://shopify/TaxonomyCategory/aa-sneakers","","false"
"nike-sb-dunk-low-crushed-d-c","DH7782-001-8","Nike","Nike SB Dunk Low Crushed D.C.","Nike SB Dunk Low Crushed D.C.<br><br>SKU: DH7782-001<br>Colorway: Olive Grey/Mantra Orange/Rattan<br>Released: 10/07/2022<br>new<br><br><br><ul>
<li>100% Authentic</li>
<li>In Stock &amp; Ready to Ship</li>
</ul>All items are shipped out quickly with safe packaging.<br>Check our reviews to see the accuracy of our conditions, speed of shipping and quality of service.<br>Send a DM to request any photos - If you have any questions please reach out!<br>","","sneakers","","8M / 9.5W","","","","","KCP","DH7782-001-8","KCP-569","8","9.5","Brand New","","Nike SB Dunk Low Crushed D.C.","Nike SB Dunk Low Crushed D.C.<br><br>SKU: DH7782-001<br>Colorway: Olive Grey/Mantra Orange/Rattan<br>Released: 10/07/2022<br>new<br><br><br><ul>
<li>100% Authentic</li>
<li>In Stock &amp; Ready to Ship</li>
</ul>All items are shipped out quickly with safe packaging.<br>Check our reviews to see the accuracy of our conditions, speed of shipping and quality of service.<br>Send a DM to request any photos - If you have any questions please reach out!<br>","Nike SB Dunk Low Crushed D.c.","Brand New","Sneakers","gid://shopify/TaxonomyCategory/aa-sneakers","","false"
"nike-sb-dunk-low-crushed-d-c","DH7782-001-8.5","Nike","Nike SB Dunk Low Crushed D.C.","Nike SB Dunk Low Crushed D.C.<br><br>SKU: DH7782-001<br>Colorway: Olive Grey/Mantra Orange/Rattan<br>Released: 10/07/2022<br>new<br><br><br><ul>
<li>100% Authentic</li>
<li>In Stock &amp; Ready to Ship</li>
</ul>All items are shipped out quickly with safe packaging.<br>Check our reviews to see the accuracy of our conditions, speed of shipping and quality of service.<br>Send a DM to request any photos - If you have any questions please reach out!<br>","","sneakers","","8.5M / 10W","","","","","KCP","DH7782-001-8.5","KCP-570","8.5","10","Brand New","","Nike SB Dunk Low Crushed D.C.","Nike SB Dunk Low Crushed D.C.<br><br>SKU: DH7782-001<br>Colorway: Olive Grey/Mantra Orange/Rattan<br>Released: 10/07/2022<br>new<br><br><br><ul>
<li>100% Authentic</li>
<li>In Stock &amp; Ready to Ship</li>
</ul>All items are shipped out quickly with safe packaging.<br>Check our reviews to see the accuracy of our conditions, speed of shipping and quality of service.<br>Send a DM to request any photos - If you have any questions please reach out!<br>","Nike SB Dunk Low Crushed D.c.","Brand New","Sneakers","gid://shopify/TaxonomyCategory/aa-sneakers","","false"
"nike-sb-dunk-low-crushed-d-c","DH7782-001-9","Nike","Nike SB Dunk Low Crushed D.C.","Nike SB Dunk Low Crushed D.C.<br><br>SKU: DH7782-001<br>Colorway: Olive Grey/Mantra Orange/Rattan<br>Released: 10/07/2022<br>new<br><br><br><ul>
<li>100% Authentic</li>
<li>In Stock &amp; Ready to Ship</li>
</ul>All items are shipped out quickly with safe packaging.<br>Check our reviews to see the accuracy of our conditions, speed of shipping and quality of service.<br>Send a DM to request any photos - If you have any questions please reach out!<br>","","sneakers","","9M / 10.5W","","","","","KCP","DH7782-001-9","KCP-571","9","10.5","Brand New","","Nike SB Dunk Low Crushed D.C.","Nike SB Dunk Low Crushed D.C.<br><br>SKU: DH7782-001<br>Colorway: Olive Grey/Mantra Orange/Rattan<br>Released: 10/07/2022<br>new<br><br><br><ul>
<li>100% Authentic</li>
<li>In Stock &amp; Ready to Ship</li>
</ul>All items are shipped out quickly with safe packaging.<br>Check our reviews to see the accuracy of our conditions, speed of shipping and quality of service.<br>Send a DM to request any photos - If you have any questions please reach out!<br>","Nike SB Dunk Low Crushed D.c.","Brand New","Sneakers","gid://shopify/TaxonomyCategory/aa-sneakers","","false"
"nike-sb-dunk-low-crushed-d-c","DH7782-001-9.5","Nike","Nike SB Dunk Low Crushed D.C.","Nike SB Dunk Low Crushed D.C.<br><br>SKU: DH7782-001<br>Colorway: Olive Grey/Mantra Orange/Rattan<br>Released: 10/07/2022<br>new<br><br><br><ul>
<li>100% Authentic</li>
<li>In Stock &amp; Ready to Ship</li>
</ul>All items are shipped out quickly with safe packaging.<br>Check our reviews to see the accuracy of our conditions, speed of shipping and quality of service.<br>Send a DM to request any photos - If you have any questions please reach out!<br>","","sneakers","","9.5M / 11W","","","","","KCP","DH7782-001-9.5","KCP-572","9.5","11","Brand New","","Nike SB Dunk Low Crushed D.C.","Nike SB Dunk Low Crushed D.C.<br><br>SKU: DH7782-001<br>Colorway: Olive Grey/Mantra Orange/Rattan<br>Released: 10/07/2022<br>new<br><br><br><ul>
<li>100% Authentic</li>
<li>In Stock &amp; Ready to Ship</li>
</ul>All items are shipped out quickly with safe packaging.<br>Check our reviews to see the accuracy of our conditions, speed of shipping and quality of service.<br>Send a DM to request any photos - If you have any questions please reach out!<br>","Nike SB Dunk Low Crushed D.c.","Brand New","Sneakers","gid://shopify/TaxonomyCategory/aa-sneakers","","false"
"nike-sb-dunk-low-crushed-d-c","DH7782-001-10","Nike","Nike SB Dunk Low Crushed D.C.","Nike SB Dunk Low Crushed D.C.<br><br>SKU: DH7782-001<br>Colorway: Olive Grey/Mantra Orange/Rattan<br>Released: 10/07/2022<br>new<br><br><br><ul>
<li>100% Authentic</li>
<li>In Stock &amp; Ready to Ship</li>
</ul>All items are shipped out quickly with safe packaging.<br>Check our reviews to see the accuracy of our conditions, speed of shipping and quality of service.<br>Send a DM to request any photos - If you have any questions please reach out!<br>","","sneakers","","10M / 11.5W","","","","","KCP","DH7782-001-10","KCP-573","10","11.5","Brand New","","Nike SB Dunk Low Crushed D.C.","Nike SB Dunk Low Crushed D.C.<br><br>SKU: DH7782-001<br>Colorway: Olive Grey/Mantra Orange/Rattan<br>Released: 10/07/2022<br>new<br><br><br><ul>
<li>100% Authentic</li>
<li>In Stock &amp; Ready to Ship</li>
</ul>All items are shipped out quickly with safe packaging.<br>Check our reviews to see the accuracy of our conditions, speed of shipping and quality of service.<br>Send a DM to request any photos - If you have any questions please reach out!<br>","Nike SB Dunk Low Crushed D.c.","Brand New","Sneakers","gid://shopify/TaxonomyCategory/aa-sneakers","","false"
"nike-sb-dunk-low-crushed-d-c","DH7782-001-10.5","Nike","Nike SB Dunk Low Crushed D.C.","Nike SB Dunk Low Crushed D.C.<br><br>SKU: DH7782-001<br>Colorway: Olive Grey/Mantra Orange/Rattan<br>Released: 10/07/2022<br>new<br><br><br><ul>
<li>100% Authentic</li>
<li>In Stock &amp; Ready to Ship</li>
</ul>All items are shipped out quickly with safe packaging.<br>Check our reviews to see the accuracy of our conditions, speed of shipping and quality of service.<br>Send a DM to request any photos - If you have any questions please reach out!<br>","","sneakers","","10.5M / 12W","","","","","KCP","DH7782-001-10.5","KCP-574","10.5","12","Brand New","","Nike SB Dunk Low Crushed D.C.","Nike SB Dunk Low Crushed D.C.<br><br>SKU: DH7782-001<br>Colorway: Olive Grey/Mantra Orange/Rattan<br>Released: 10/07/2022<br>new<br><br><br><ul>
<li>100% Authentic</li>
<li>In Stock &amp; Ready to Ship</li>
</ul>All items are shipped out quickly with safe packaging.<br>Check our reviews to see the accuracy of our conditions, speed of shipping and quality of service.<br>Send a DM to request any photos - If you have any questions please reach out!<br>","Nike SB Dunk Low Crushed D.c.","Brand New","Sneakers","gid://shopify/TaxonomyCategory/aa-sneakers","","false"
"nike-sb-dunk-low-crushed-d-c","DH7782-001-11","Nike","Nike SB Dunk Low Crushed D.C.","Nike SB Dunk Low Crushed D.C.<br><br>SKU: DH7782-001<br>Colorway: Olive Grey/Mantra Orange/Rattan<br>Released: 10/07/2022<br>new<br><br><br><ul>
<li>100% Authentic</li>
<li>In Stock &amp; Ready to Ship</li>
</ul>All items are shipped out quickly with safe packaging.<br>Check our reviews to see the accuracy of our conditions, speed of shipping and quality of service.<br>Send a DM to request any photos - If you have any questions please reach out!<br>","","sneakers","","11M / 12.5W","","","","","KCP","DH7782-001-11","KCP-575","11","12.5","Brand New","","Nike SB Dunk Low Crushed D.C.","Nike SB Dunk Low Crushed D.C.<br><br>SKU: DH7782-001<br>Colorway: Olive Grey/Mantra Orange/Rattan<br>Released: 10/07/2022<br>new<br><br><br><ul>
<li>100% Authentic</li>
<li>In Stock &amp; Ready to Ship</li>
</ul>All items are shipped out quickly with safe packaging.<br>Check our reviews to see the accuracy of our conditions, speed of shipping and quality of service.<br>Send a DM to request any photos - If you have any questions please reach out!<br>","Nike SB Dunk Low Crushed D.c.","Brand New","Sneakers","gid://shopify/TaxonomyCategory/aa-sneakers","","false"
"nike-sb-dunk-low-crushed-d-c","DH7782-001-11.5","Nike","Nike SB Dunk Low Crushed D.C.","Nike SB Dunk Low Crushed D.C.<br><br>SKU: DH7782-001<br>Colorway: Olive Grey/Mantra Orange/Rattan<br>Released: 10/07/2022<br>new<br><br><br><ul>
<li>100% Authentic</li>
<li>In Stock &amp; Ready to Ship</li>
</ul>All items are shipped out quickly with safe packaging.<br>Check our reviews to see the accuracy of our conditions, speed of shipping and quality of service.<br>Send a DM to request any photos - If you have any questions please reach out!<br>","","sneakers","","11.5M / 13W","","","","","KCP","DH7782-001-11.5","KCP-576","11.5","13","Brand New","","Nike SB Dunk Low Crushed D.C.","Nike SB Dunk Low Crushed D.C.<br><br>SKU: DH7782-001<br>Colorway: Olive Grey/Mantra Orange/Rattan<br>Released: 10/07/2022<br>new<br><br><br><ul>
<li>100% Authentic</li>
<li>In Stock &amp; Ready to Ship</li>
</ul>All items are shipped out quickly with safe packaging.<br>Check our reviews to see the accuracy of our conditions, speed of shipping and quality of service.<br>Send a DM to request any photos - If you have any questions please reach out!<br>","Nike SB Dunk Low Crushed D.c.","Brand New","Sneakers","gid://shopify/TaxonomyCategory/aa-sneakers","","false"
"nike-sb-dunk-low-crushed-d-c","DH7782-001-12","Nike","Nike SB Dunk Low Crushed D.C.","Nike SB Dunk Low Crushed D.C.<br><br>SKU: DH7782-001<br>Colorway: Olive Grey/Mantra Orange/Rattan<br>Released: 10/07/2022<br>new<br><br><br><ul>
<li>100% Authentic</li>
<li>In Stock &amp; Ready to Ship</li>
</ul>All items are shipped out quickly with safe packaging.<br>Check our reviews to see the accuracy of our conditions, speed of shipping and quality of service.<br>Send a DM to request any photos - If you have any questions please reach out!<br>","","sneakers","","12M / 13.5W","","","","","KCP","DH7782-001-12","KCP-577","12","13.5","Brand New","","Nike SB Dunk Low Crushed D.C.","Nike SB Dunk Low Crushed D.C.<br><br>SKU: DH7782-001<br>Colorway: Olive Grey/Mantra Orange/Rattan<br>Released: 10/07/2022<br>new<br><br><br><ul>
<li>100% Authentic</li>
<li>In Stock &amp; Ready to Ship</li>
</ul>All items are shipped out quickly with safe packaging.<br>Check our reviews to see the accuracy of our conditions, speed of shipping and quality of service.<br>Send a DM to request any photos - If you have any questions please reach out!<br>","Nike SB Dunk Low Crushed D.c.","Brand New","Sneakers","gid://shopify/TaxonomyCategory/aa-sneakers","","false"
"nike-sb-dunk-low-crushed-d-c","DH7782-001-12.5","Nike","Nike SB Dunk Low Crushed D.C.","Nike SB Dunk Low Crushed D.C.<br><br>SKU: DH7782-001<br>Colorway: Olive Grey/Mantra Orange/Rattan<br>Released: 10/07/2022<br>new<br><br><br><ul>
<li>100% Authentic</li>
<li>In Stock &amp; Ready to Ship</li>
</ul>All items are shipped out quickly with safe packaging.<br>Check our reviews to see the accuracy of our conditions, speed of shipping and quality of service.<br>Send a DM to request any photos - If you have any questions please reach out!<br>","","sneakers","","12.5M / 14W","","","","","KCP","DH7782-001-12.5","KCP-578","12.5","14","Brand New","","Nike SB Dunk Low Crushed D.C.","Nike SB Dunk Low Crushed D.C.<br><br>SKU: DH7782-001<br>Colorway: Olive Grey/Mantra Orange/Rattan<br>Released: 10/07/2022<br>new<br><br><br><ul>
<li>100% Authentic</li>
<li>In Stock &amp; Ready to Ship</li>
</ul>All items are shipped out quickly with safe packaging.<br>Check our reviews to see the accuracy of our conditions, speed of shipping and quality of service.<br>Send a DM to request any photos - If you have any questions please reach out!<br>","Nike SB Dunk Low Crushed D.c.","Brand New","Sneakers","gid://shopify/TaxonomyCategory/aa-sneakers","","false"
"nike-sb-dunk-low-crushed-d-c","DH7782-001-13","Nike","Nike SB Dunk Low Crushed D.C.","Nike SB Dunk Low Crushed D.C.<br><br>SKU: DH7782-001<br>Colorway: Olive Grey/Mantra Orange/Rattan<br>Released: 10/07/2022<br>new<br><br><br><ul>
<li>100% Authentic</li>
<li>In Stock &amp; Ready to Ship</li>
</ul>All items are shipped out quickly with safe packaging.<br>Check our reviews to see the accuracy of our conditions, speed of shipping and quality of service.<br>Send a DM to request any photos - If you have any questions please reach out!<br>","","sneakers","","13M / 14.5W","","","","","KCP","DH7782-001-13","KCP-579","13","14.5","Brand New","","Nike SB Dunk Low Crushed D.C.","Nike SB Dunk Low Crushed D.C.<br><br>SKU: DH7782-001<br>Colorway: Olive Grey/Mantra Orange/Rattan<br>Released: 10/07/2022<br>new<br><br><br><ul>
<li>100% Authentic</li>
<li>In Stock &amp; Ready to Ship</li>
</ul>All items are shipped out quickly with safe packaging.<br>Check our reviews to see the accuracy of our conditions, speed of shipping and quality of service.<br>Send a DM to request any photos - If you have any questions please reach out!<br>","Nike SB Dunk Low Crushed D.c.","Brand New","Sneakers","gid://shopify/TaxonomyCategory/aa-sneakers","","false"
"nike-sb-dunk-low-crushed-d-c","DH7782-001-14","Nike","Nike SB Dunk Low Crushed D.C.","Nike SB Dunk Low Crushed D.C.<br><br>SKU: DH7782-001<br>Colorway: Olive Grey/Mantra Orange/Rattan<br>Released: 10/07/2022<br>new<br><br><br><ul>
<li>100% Authentic</li>
<li>In Stock &amp; Ready to Ship</li>
</ul>All items are shipped out quickly with safe packaging.<br>Check our reviews to see the accuracy of our conditions, speed of shipping and quality of service.<br>Send a DM to request any photos - If you have any questions please reach out!<br>","","sneakers","","14M / 15.5W","","","","","KCP","DH7782-001-14","KCP-580","14","15.5","Brand New","","Nike SB Dunk Low Crushed D.C.","Nike SB Dunk Low Crushed D.C.<br><br>SKU: DH7782-001<br>Colorway: Olive Grey/Mantra Orange/Rattan<br>Released: 10/07/2022<br>new<br><br><br><ul>
<li>100% Authentic</li>
<li>In Stock &amp; Ready to Ship</li>
</ul>All items are shipped out quickly with safe packaging.<br>Check our reviews to see the accuracy of our conditions, speed of shipping and quality of service.<br>Send a DM to request any photos - If you have any questions please reach out!<br>","Nike SB Dunk Low Crushed D.c.","Brand New","Sneakers","gid://shopify/TaxonomyCategory/aa-sneakers","","false"
"nike-sb-dunk-low-crushed-d-c","DH7782-001-15","Nike","Nike SB Dunk Low Crushed D.C.","Nike SB Dunk Low Crushed D.C.<br><br>SKU: DH7782-001<br>Colorway: Olive Grey/Mantra Orange/Rattan<br>Released: 10/07/2022<br>new<br><br><br><ul>
<li>100% Authentic</li>
<li>In Stock &amp; Ready to Ship</li>
</ul>All items are shipped out quickly with safe packaging.<br>Check our reviews to see the accuracy of our conditions, speed of shipping and quality of service.<br>Send a DM to request any photos - If you have any questions please reach out!<br>","","sneakers","","15M / 16.5W","","","","","KCP","DH7782-001-15","KCP-581","15","16.5","Brand New","","Nike SB Dunk Low Crushed D.C.","Nike SB Dunk Low Crushed D.C.<br><br>SKU: DH7782-001<br>Colorway: Olive Grey/Mantra Orange/Rattan<br>Released: 10/07/2022<br>new<br><br><br><ul>
<li>100% Authentic</li>
<li>In Stock &amp; Ready to Ship</li>
</ul>All items are shipped out quickly with safe packaging.<br>Check our reviews to see the accuracy of our conditions, speed of shipping and quality of service.<br>Send a DM to request any photos - If you have any questions please reach out!<br>","Nike SB Dunk Low Crushed D.c.","Brand New","Sneakers","gid://shopify/TaxonomyCategory/aa-sneakers","","false"
"nike-air-max-90-supernova-2020","CW6018-001-3.5","Nike","Nike Air Max 90 Supernova (2020)","Nike Air Max 90 Supernova (2020)<br><br>SKU: CW6018-001<br>Colorway: Black/White/Multi Color<br>Released: 06/20/2020<br>new<br><br><br><ul>
<li>100% Authentic</li>
<li>In Stock &amp; Ready to Ship</li>
</ul>All items are shipped out quickly with safe packaging.<br>Check our reviews to see the accuracy of our conditions, speed of shipping and quality of service.<br>Send a DM to request any photos - If you have any questions please reach out!<br>","","sneakers","Size","3.5Y / 5W","","","","","KCP","CW6018-001-3.5","KCP-582","3.5","5","Brand New","","Nike Air Max 90 Supernova (2020)","Nike Air Max 90 Supernova (2020)<br><br>SKU: CW6018-001<br>Colorway: Black/White/Multi Color<br>Released: 06/20/2020<br>new<br><br><br><ul>
<li>100% Authentic</li>
<li>In Stock &amp; Ready to Ship</li>
</ul>All items are shipped out quickly with safe packaging.<br>Check our reviews to see the accuracy of our conditions, speed of shipping and quality of service.<br>Send a DM to request any photos - If you have any questions please reach out!<br>","Nike Air Max 90 Supernova (2020)","Brand New","Sneakers","gid://shopify/TaxonomyCategory/aa-sneakers","","false"
"nike-air-max-90-supernova-2020","CW6018-001-4","Nike","Nike Air Max 90 Supernova (2020)","Nike Air Max 90 Supernova (2020)<br><br>SKU: CW6018-001<br>Colorway: Black/White/Multi Color<br>Released: 06/20/2020<br>new<br><br><br><ul>
<li>100% Authentic</li>
<li>In Stock &amp; Ready to Ship</li>
</ul>All items are shipped out quickly with safe packaging.<br>Check our reviews to see the accuracy of our conditions, speed of shipping and quality of service.<br>Send a DM to request any photos - If you have any questions please reach out!<br>","","sneakers","","4Y / 5.5W","","","","","KCP","CW6018-001-4","KCP-583","4","5.5","Brand New","","Nike Air Max 90 Supernova (2020)","Nike Air Max 90 Supernova (2020)<br><br>SKU: CW6018-001<br>Colorway: Black/White/Multi Color<br>Released: 06/20/2020<br>new<br><br><br><ul>
<li>100% Authentic</li>
<li>In Stock &amp; Ready to Ship</li>
</ul>All items are shipped out quickly with safe packaging.<br>Check our reviews to see the accuracy of our conditions, speed of shipping and quality of service.<br>Send a DM to request any photos - If you have any questions please reach out!<br>","Nike Air Max 90 Supernova (2020)","Brand New","Sneakers","gid://shopify/TaxonomyCategory/aa-sneakers","","false"
"nike-air-max-90-supernova-2020","CW6018-001-4.5","Nike","Nike Air Max 90 Supernova (2020)","Nike Air Max 90 Supernova (2020)<br><br>SKU: CW6018-001<br>Colorway: Black/White/Multi Color<br>Released: 06/20/2020<br>new<br><br><br><ul>
<li>100% Authentic</li>
<li>In Stock &amp; Ready to Ship</li>
</ul>All items are shipped out quickly with safe packaging.<br>Check our reviews to see the accuracy of our conditions, speed of shipping and quality of service.<br>Send a DM to request any photos - If you have any questions please reach out!<br>","","sneakers","","4.5Y / 6W","","","","","KCP","CW6018-001-4.5","KCP-584","4.5","6","Brand New","","Nike Air Max 90 Supernova (2020)","Nike Air Max 90 Supernova (2020)<br><br>SKU: CW6018-001<br>Colorway: Black/White/Multi Color<br>Released: 06/20/2020<br>new<br><br><br><ul>
<li>100% Authentic</li>
<li>In Stock &amp; Ready to Ship</li>
</ul>All items are shipped out quickly with safe packaging.<br>Check our reviews to see the accuracy of our conditions, speed of shipping and quality of service.<br>Send a DM to request any photos - If you have any questions please reach out!<br>","Nike Air Max 90 Supernova (2020)","Brand New","Sneakers","gid://shopify/TaxonomyCategory/aa-sneakers","","false"
"nike-air-max-90-supernova-2020","CW6018-001-5","Nike","Nike Air Max 90 Supernova (2020)","Nike Air Max 90 Supernova (2020)<br><br>SKU: CW6018-001<br>Colorway: Black/White/Multi Color<br>Released: 06/20/2020<br>new<br><br><br><ul>
<li>100% Authentic</li>
<li>In Stock &amp; Ready to Ship</li>
</ul>All items are shipped out quickly with safe packaging.<br>Check our reviews to see the accuracy of our conditions, speed of shipping and quality of service.<br>Send a DM to request any photos - If you have any questions please reach out!<br>","","sneakers","","5Y / 6.5W","","","","","KCP","CW6018-001-5","KCP-585","5","6.5","Brand New","","Nike Air Max 90 Supernova (2020)","Nike Air Max 90 Supernova (2020)<br><br>SKU: CW6018-001<br>Colorway: Black/White/Multi Color<br>Released: 06/20/2020<br>new<br><br><br><ul>
<li>100% Authentic</li>
<li>In Stock &amp; Ready to Ship</li>
</ul>All items are shipped out quickly with safe packaging.<br>Check our reviews to see the accuracy of our conditions, speed of shipping and quality of service.<br>Send a DM to request any photos - If you have any questions please reach out!<br>","Nike Air Max 90 Supernova (2020)","Brand New","Sneakers","gid://shopify/TaxonomyCategory/aa-sneakers","","false"
"nike-air-max-90-supernova-2020","CW6018-001-5.5","Nike","Nike Air Max 90 Supernova (2020)","Nike Air Max 90 Supernova (2020)<br><br>SKU: CW6018-001<br>Colorway: Black/White/Multi Color<br>Released: 06/20/2020<br>new<br><br><br><ul>
<li>100% Authentic</li>
<li>In Stock &amp; Ready to Ship</li>
</ul>All items are shipped out quickly with safe packaging.<br>Check our reviews to see the accuracy of our conditions, speed of shipping and quality of service.<br>Send a DM to request any photos - If you have any questions please reach out!<br>","","sneakers","","5.5Y / 7W","","","","","KCP","CW6018-001-5.5","KCP-586","5.5","7","Brand New","","Nike Air Max 90 Supernova (2020)","Nike Air Max 90 Supernova (2020)<br><br>SKU: CW6018-001<br>Colorway: Black/White/Multi Color<br>Released: 06/20/2020<br>new<br><br><br><ul>
<li>100% Authentic</li>
<li>In Stock &amp; Ready to Ship</li>
</ul>All items are shipped out quickly with safe packaging.<br>Check our reviews to see the accuracy of our conditions, speed of shipping and quality of service.<br>Send a DM to request any photos - If you have any questions please reach out!<br>","Nike Air Max 90 Supernova (2020)","Brand New","Sneakers","gid://shopify/TaxonomyCategory/aa-sneakers","","false"
"nike-air-max-90-supernova-2020","CW6018-001-6","Nike","Nike Air Max 90 Supernova (2020)","Nike Air Max 90 Supernova (2020)<br><br>SKU: CW6018-001<br>Colorway: Black/White/Multi Color<br>Released: 06/20/2020<br>new<br><br><br><ul>
<li>100% Authentic</li>
<li>In Stock &amp; Ready to Ship</li>
</ul>All items are shipped out quickly with safe packaging.<br>Check our reviews to see the accuracy of our conditions, speed of shipping and quality of service.<br>Send a DM to request any photos - If you have any questions please reach out!<br>","","sneakers","","6Y / 7.5W","","","","","KCP","CW6018-001-6","KCP-587","6","7.5","Brand New","","Nike Air Max 90 Supernova (2020)","Nike Air Max 90 Supernova (2020)<br><br>SKU: CW6018-001<br>Colorway: Black/White/Multi Color<br>Released: 06/20/2020<br>new<br><br><br><ul>
<li>100% Authentic</li>
<li>In Stock &amp; Ready to Ship</li>
</ul>All items are shipped out quickly with safe packaging.<br>Check our reviews to see the accuracy of our conditions, speed of shipping and quality of service.<br>Send a DM to request any photos - If you have any questions please reach out!<br>","Nike Air Max 90 Supernova (2020)","Brand New","Sneakers","gid://shopify/TaxonomyCategory/aa-sneakers","","false"
"nike-air-max-90-supernova-2020","CW6018-001-6.5","Nike","Nike Air Max 90 Supernova (2020)","Nike Air Max 90 Supernova (2020)<br><br>SKU: CW6018-001<br>Colorway: Black/White/Multi Color<br>Released: 06/20/2020<br>new<br><br><br><ul>
<li>100% Authentic</li>
<li>In Stock &amp; Ready to Ship</li>
</ul>All items are shipped out quickly with safe packaging.<br>Check our reviews to see the accuracy of our conditions, speed of shipping and quality of service.<br>Send a DM to request any photos - If you have any questions please reach out!<br>","","sneakers","","6.5Y / 8W","","","","","KCP","CW6018-001-6.5","KCP-588","6.5","8","Brand New","","Nike Air Max 90 Supernova (2020)","Nike Air Max 90 Supernova (2020)<br><br>SKU: CW6018-001<br>Colorway: Black/White/Multi Color<br>Released: 06/20/2020<br>new<br><br><br><ul>
<li>100% Authentic</li>
<li>In Stock &amp; Ready to Ship</li>
</ul>All items are shipped out quickly with safe packaging.<br>Check our reviews to see the accuracy of our conditions, speed of shipping and quality of service.<br>Send a DM to request any photos - If you have any questions please reach out!<br>","Nike Air Max 90 Supernova (2020)","Brand New","Sneakers","gid://shopify/TaxonomyCategory/aa-sneakers","","false"
"nike-air-max-90-supernova-2020","CW6018-001-7","Nike","Nike Air Max 90 Supernova (2020)","Nike Air Max 90 Supernova (2020)<br><br>SKU: CW6018-001<br>Colorway: Black/White/Multi Color<br>Released: 06/20/2020<br>new<br><br><br><ul>
<li>100% Authentic</li>
<li>In Stock &amp; Ready to Ship</li>
</ul>All items are shipped out quickly with safe packaging.<br>Check our reviews to see the accuracy of our conditions, speed of shipping and quality of service.<br>Send a DM to request any photos - If you have any questions please reach out!<br>","","sneakers","","7Y / 8.5W","","","","","KCP","CW6018-001-7","KCP-589","7","8.5","Brand New","","Nike Air Max 90 Supernova (2020)","Nike Air Max 90 Supernova (2020)<br><br>SKU: CW6018-001<br>Colorway: Black/White/Multi Color<br>Released: 06/20/2020<br>new<br><br><br><ul>
<li>100% Authentic</li>
<li>In Stock &amp; Ready to Ship</li>
</ul>All items are shipped out quickly with safe packaging.<br>Check our reviews to see the accuracy of our conditions, speed of shipping and quality of service.<br>Send a DM to request any photos - If you have any questions please reach out!<br>","Nike Air Max 90 Supernova (2020)","Brand New","Sneakers","gid://shopify/TaxonomyCategory/aa-sneakers","","false"
"nike-air-max-90-supernova-2020","CW6018-001-7.5","Nike","Nike Air Max 90 Supernova (2020)","Nike Air Max 90 Supernova (2020)<br><br>SKU: CW6018-001<br>Colorway: Black/White/Multi Color<br>Released: 06/20/2020<br>new<br><br><br><ul>
<li>100% Authentic</li>
<li>In Stock &amp; Ready to Ship</li>
</ul>All items are shipped out quickly with safe packaging.<br>Check our reviews to see the accuracy of our conditions, speed of shipping and quality of service.<br>Send a DM to request any photos - If you have any questions please reach out!<br>","","sneakers","","7.5M / 9W","","","","","KCP","CW6018-001-7.5","KCP-590","7.5","9","Brand New","","Nike Air Max 90 Supernova (2020)","Nike Air Max 90 Supernova (2020)<br><br>SKU: CW6018-001<br>Colorway: Black/White/Multi Color<br>Released: 06/20/2020<br>new<br><br><br><ul>
<li>100% Authentic</li>
<li>In Stock &amp; Ready to Ship</li>
</ul>All items are shipped out quickly with safe packaging.<br>Check our reviews to see the accuracy of our conditions, speed of shipping and quality of service.<br>Send a DM to request any photos - If you have any questions please reach out!<br>","Nike Air Max 90 Supernova (2020)","Brand New","Sneakers","gid://shopify/TaxonomyCategory/aa-sneakers","","false"
"nike-air-max-90-supernova-2020","CW6018-001-8","Nike","Nike Air Max 90 Supernova (2020)","Nike Air Max 90 Supernova (2020)<br><br>SKU: CW6018-001<br>Colorway: Black/White/Multi Color<br>Released: 06/20/2020<br>new<br><br><br><ul>
<li>100% Authentic</li>
<li>In Stock &amp; Ready to Ship</li>
</ul>All items are shipped out quickly with safe packaging.<br>Check our reviews to see the accuracy of our conditions, speed of shipping and quality of service.<br>Send a DM to request any photos - If you have any questions please reach out!<br>","","sneakers","","8M / 9.5W","","","","","KCP","CW6018-001-8","KCP-591","8","9.5","Brand New","","Nike Air Max 90 Supernova (2020)","Nike Air Max 90 Supernova (2020)<br><br>SKU: CW6018-001<br>Colorway: Black/White/Multi Color<br>Released: 06/20/2020<br>new<br><br><br><ul>
<li>100% Authentic</li>
<li>In Stock &amp; Ready to Ship</li>
</ul>All items are shipped out quickly with safe packaging.<br>Check our reviews to see the accuracy of our conditions, speed of shipping and quality of service.<br>Send a DM to request any photos - If you have any questions please reach out!<br>","Nike Air Max 90 Supernova (2020)","Brand New","Sneakers","gid://shopify/TaxonomyCategory/aa-sneakers","","false"
"nike-air-max-90-supernova-2020","CW6018-001-8.5","Nike","Nike Air Max 90 Supernova (2020)","Nike Air Max 90 Supernova (2020)<br><br>SKU: CW6018-001<br>Colorway: Black/White/Multi Color<br>Released: 06/20/2020<br>new<br><br><br><ul>
<li>100% Authentic</li>
<li>In Stock &amp; Ready to Ship</li>
</ul>All items are shipped out quickly with safe packaging.<br>Check our reviews to see the accuracy of our conditions, speed of shipping and quality of service.<br>Send a DM to request any photos - If you have any questions please reach out!<br>","","sneakers","","8.5M / 10W","","","","","KCP","CW6018-001-8.5","KCP-592","8.5","10","Brand New","","Nike Air Max 90 Supernova (2020)","Nike Air Max 90 Supernova (2020)<br><br>SKU: CW6018-001<br>Colorway: Black/White/Multi Color<br>Released: 06/20/2020<br>new<br><br><br><ul>
<li>100% Authentic</li>
<li>In Stock &amp; Ready to Ship</li>
</ul>All items are shipped out quickly with safe packaging.<br>Check our reviews to see the accuracy of our conditions, speed of shipping and quality of service.<br>Send a DM to request any photos - If you have any questions please reach out!<br>","Nike Air Max 90 Supernova (2020)","Brand New","Sneakers","gid://shopify/TaxonomyCategory/aa-sneakers","","false"
"nike-air-max-90-supernova-2020","CW6018-001-9","Nike","Nike Air Max 90 Supernova (2020)","Nike Air Max 90 Supernova (2020)<br><br>SKU: CW6018-001<br>Colorway: Black/White/Multi Color<br>Released: 06/20/2020<br>new<br><br><br><ul>
<li>100% Authentic</li>
<li>In Stock &amp; Ready to Ship</li>
</ul>All items are shipped out quickly with safe packaging.<br>Check our reviews to see the accuracy of our conditions, speed of shipping and quality of service.<br>Send a DM to request any photos - If you have any questions please reach out!<br>","","sneakers","","9M / 10.5W","","","","","KCP","CW6018-001-9","KCP-593","9","10.5","Brand New","","Nike Air Max 90 Supernova (2020)","Nike Air Max 90 Supernova (2020)<br><br>SKU: CW6018-001<br>Colorway: Black/White/Multi Color<br>Released: 06/20/2020<br>new<br><br><br><ul>
<li>100% Authentic</li>
<li>In Stock &amp; Ready to Ship</li>
</ul>All items are shipped out quickly with safe packaging.<br>Check our reviews to see the accuracy of our conditions, speed of shipping and quality of service.<br>Send a DM to request any photos - If you have any questions please reach out!<br>","Nike Air Max 90 Supernova (2020)","Brand New","Sneakers","gid://shopify/TaxonomyCategory/aa-sneakers","","false"
"nike-air-max-90-supernova-2020","CW6018-001-9.5","Nike","Nike Air Max 90 Supernova (2020)","Nike Air Max 90 Supernova (2020)<br><br>SKU: CW6018-001<br>Colorway: Black/White/Multi Color<br>Released: 06/20/2020<br>new<br><br><br><ul>
<li>100% Authentic</li>
<li>In Stock &amp; Ready to Ship</li>
</ul>All items are shipped out quickly with safe packaging.<br>Check our reviews to see the accuracy of our conditions, speed of shipping and quality of service.<br>Send a DM to request any photos - If you have any questions please reach out!<br>","","sneakers","","9.5M / 11W","","","","","KCP","CW6018-001-9.5","KCP-594","9.5","11","Brand New","","Nike Air Max 90 Supernova (2020)","Nike Air Max 90 Supernova (2020)<br><br>SKU: CW6018-001<br>Colorway: Black/White/Multi Color<br>Released: 06/20/2020<br>new<br><br><br><ul>
<li>100% Authentic</li>
<li>In Stock &amp; Ready to Ship</li>
</ul>All items are shipped out quickly with safe packaging.<br>Check our reviews to see the accuracy of our conditions, speed of shipping and quality of service.<br>Send a DM to request any photos - If you have any questions please reach out!<br>","Nike Air Max 90 Supernova (2020)","Brand New","Sneakers","gid://shopify/TaxonomyCategory/aa-sneakers","","false"
"nike-air-max-90-supernova-2020","CW6018-001-10","Nike","Nike Air Max 90 Supernova (2020)","Nike Air Max 90 Supernova (2020)<br><br>SKU: CW6018-001<br>Colorway: Black/White/Multi Color<br>Released: 06/20/2020<br>new<br><br><br><ul>
<li>100% Authentic</li>
<li>In Stock &amp; Ready to Ship</li>
</ul>All items are shipped out quickly with safe packaging.<br>Check our reviews to see the accuracy of our conditions, speed of shipping and quality of service.<br>Send a DM to request any photos - If you have any questions please reach out!<br>","","sneakers","","10M / 11.5W","","","","","KCP","CW6018-001-10","KCP-595","10","11.5","Brand New","","Nike Air Max 90 Supernova (2020)","Nike Air Max 90 Supernova (2020)<br><br>SKU: CW6018-001<br>Colorway: Black/White/Multi Color<br>Released: 06/20/2020<br>new<br><br><br><ul>
<li>100% Authentic</li>
<li>In Stock &amp; Ready to Ship</li>
</ul>All items are shipped out quickly with safe packaging.<br>Check our reviews to see the accuracy of our conditions, speed of shipping and quality of service.<br>Send a DM to request any photos - If you have any questions please reach out!<br>","Nike Air Max 90 Supernova (2020)","Brand New","Sneakers","gid://shopify/TaxonomyCategory/aa-sneakers","","false"
"nike-air-max-90-supernova-2020","CW6018-001-10.5","Nike","Nike Air Max 90 Supernova (2020)","Nike Air Max 90 Supernova (2020)<br><br>SKU: CW6018-001<br>Colorway: Black/White/Multi Color<br>Released: 06/20/2020<br>new<br><br><br><ul>
<li>100% Authentic</li>
<li>In Stock &amp; Ready to Ship</li>
</ul>All items are shipped out quickly with safe packaging.<br>Check our reviews to see the accuracy of our conditions, speed of shipping and quality of service.<br>Send a DM to request any photos - If you have any questions please reach out!<br>","","sneakers","","10.5M / 12W","","","","","KCP","CW6018-001-10.5","KCP-596","10.5","12","Brand New","","Nike Air Max 90 Supernova (2020)","Nike Air Max 90 Supernova (2020)<br><br>SKU: CW6018-001<br>Colorway: Black/White/Multi Color<br>Released: 06/20/2020<br>new<br><br><br><ul>
<li>100% Authentic</li>
<li>In Stock &amp; Ready to Ship</li>
</ul>All items are shipped out quickly with safe packaging.<br>Check our reviews to see the accuracy of our conditions, speed of shipping and quality of service.<br>Send a DM to request any photos - If you have any questions please reach out!<br>","Nike Air Max 90 Supernova (2020)","Brand New","Sneakers","gid://shopify/TaxonomyCategory/aa-sneakers","","false"
"nike-air-max-90-supernova-2020","CW6018-001-11","Nike","Nike Air Max 90 Supernova (2020)","Nike Air Max 90 Supernova (2020)<br><br>SKU: CW6018-001<br>Colorway: Black/White/Multi Color<br>Released: 06/20/2020<br>new<br><br><br><ul>
<li>100% Authentic</li>
<li>In Stock &amp; Ready to Ship</li>
</ul>All items are shipped out quickly with safe packaging.<br>Check our reviews to see the accuracy of our conditions, speed of shipping and quality of service.<br>Send a DM to request any photos - If you have any questions please reach out!<br>","","sneakers","","11M / 12.5W","","","","","KCP","CW6018-001-11","KCP-597","11","12.5","Brand New","","Nike Air Max 90 Supernova (2020)","Nike Air Max 90 Supernova (2020)<br><br>SKU: CW6018-001<br>Colorway: Black/White/Multi Color<br>Released: 06/20/2020<br>new<br><br><br><ul>
<li>100% Authentic</li>
<li>In Stock &amp; Ready to Ship</li>
</ul>All items are shipped out quickly with safe packaging.<br>Check our reviews to see the accuracy of our conditions, speed of shipping and quality of service.<br>Send a DM to request any photos - If you have any questions please reach out!<br>","Nike Air Max 90 Supernova (2020)","Brand New","Sneakers","gid://shopify/TaxonomyCategory/aa-sneakers","","false"
"nike-air-max-90-supernova-2020","CW6018-001-11.5","Nike","Nike Air Max 90 Supernova (2020)","Nike Air Max 90 Supernova (2020)<br><br>SKU: CW6018-001<br>Colorway: Black/White/Multi Color<br>Released: 06/20/2020<br>new<br><br><br><ul>
<li>100% Authentic</li>
<li>In Stock &amp; Ready to Ship</li>
</ul>All items are shipped out quickly with safe packaging.<br>Check our reviews to see the accuracy of our conditions, speed of shipping and quality of service.<br>Send a DM to request any photos - If you have any questions please reach out!<br>","","sneakers","","11.5M / 13W","","","","","KCP","CW6018-001-11.5","KCP-598","11.5","13","Brand New","","Nike Air Max 90 Supernova (2020)","Nike Air Max 90 Supernova (2020)<br><br>SKU: CW6018-001<br>Colorway: Black/White/Multi Color<br>Released: 06/20/2020<br>new<br><br><br><ul>
<li>100% Authentic</li>
<li>In Stock &amp; Ready to Ship</li>
</ul>All items are shipped out quickly with safe packaging.<br>Check our reviews to see the accuracy of our conditions, speed of shipping and quality of service.<br>Send a DM to request any photos - If you have any questions please reach out!<br>","Nike Air Max 90 Supernova (2020)","Brand New","Sneakers","gid://shopify/TaxonomyCategory/aa-sneakers","","false"
"nike-air-max-90-supernova-2020","CW6018-001-12","Nike","Nike Air Max 90 Supernova (2020)","Nike Air Max 90 Supernova (2020)<br><br>SKU: CW6018-001<br>Colorway: Black/White/Multi Color<br>Released: 06/20/2020<br>new<br><br><br><ul>
<li>100% Authentic</li>
<li>In Stock &amp; Ready to Ship</li>
</ul>All items are shipped out quickly with safe packaging.<br>Check our reviews to see the accuracy of our conditions, speed of shipping and quality of service.<br>Send a DM to request any photos - If you have any questions please reach out!<br>","","sneakers","","12M / 13.5W","","","","","KCP","CW6018-001-12","KCP-599","12","13.5","Brand New","","Nike Air Max 90 Supernova (2020)","Nike Air Max 90 Supernova (2020)<br><br>SKU: CW6018-001<br>Colorway: Black/White/Multi Color<br>Released: 06/20/2020<br>new<br><br><br><ul>
<li>100% Authentic</li>
<li>In Stock &amp; Ready to Ship</li>
</ul>All items are shipped out quickly with safe packaging.<br>Check our reviews to see the accuracy of our conditions, speed of shipping and quality of service.<br>Send a DM to request any photos - If you have any questions please reach out!<br>","Nike Air Max 90 Supernova (2020)","Brand New","Sneakers","gid://shopify/TaxonomyCategory/aa-sneakers","","false"
"nike-air-max-90-supernova-2020","CW6018-001-12.5","Nike","Nike Air Max 90 Supernova (2020)","Nike Air Max 90 Supernova (2020)<br><br>SKU: CW6018-001<br>Colorway: Black/White/Multi Color<br>Released: 06/20/2020<br>new<br><br><br><ul>
<li>100% Authentic</li>
<li>In Stock &amp; Ready to Ship</li>
</ul>All items are shipped out quickly with safe packaging.<br>Check our reviews to see the accuracy of our conditions, speed of shipping and quality of service.<br>Send a DM to request any photos - If you have any questions please reach out!<br>","","sneakers","","12.5M / 14W","","","","","KCP","CW6018-001-12.5","KCP-600","12.5","14","Brand New","","Nike Air Max 90 Supernova (2020)","Nike Air Max 90 Supernova (2020)<br><br>SKU: CW6018-001<br>Colorway: Black/White/Multi Color<br>Released: 06/20/2020<br>new<br><br><br><ul>
<li>100% Authentic</li>
<li>In Stock &amp; Ready to Ship</li>
</ul>All items are shipped out quickly with safe packaging.<br>Check our reviews to see the accuracy of our conditions, speed of shipping and quality of service.<br>Send a DM to request any photos - If you have any questions please reach out!<br>","Nike Air Max 90 Supernova (2020)","Brand New","Sneakers","gid://shopify/TaxonomyCategory/aa-sneakers","","false"
"nike-air-max-90-supernova-2020","CW6018-001-13","Nike","Nike Air Max 90 Supernova (2020)","Nike Air Max 90 Supernova (2020)<br><br>SKU: CW6018-001<br>Colorway: Black/White/Multi Color<br>Released: 06/20/2020<br>new<br><br><br><ul>
<li>100% Authentic</li>
<li>In Stock &amp; Ready to Ship</li>
</ul>All items are shipped out quickly with safe packaging.<br>Check our reviews to see the accuracy of our conditions, speed of shipping and quality of service.<br>Send a DM to request any photos - If you have any questions please reach out!<br>","","sneakers","","13M / 14.5W","","","","","KCP","CW6018-001-13","KCP-601","13","14.5","Brand New","","Nike Air Max 90 Supernova (2020)","Nike Air Max 90 Supernova (2020)<br><br>SKU: CW6018-001<br>Colorway: Black/White/Multi Color<br>Released: 06/20/2020<br>new<br><br><br><ul>
<li>100% Authentic</li>
<li>In Stock &amp; Ready to Ship</li>
</ul>All items are shipped out quickly with safe packaging.<br>Check our reviews to see the accuracy of our conditions, speed of shipping and quality of service.<br>Send a DM to request any photos - If you have any questions please reach out!<br>","Nike Air Max 90 Supernova (2020)","Brand New","Sneakers","gid://shopify/TaxonomyCategory/aa-sneakers","","false"
"nike-air-max-90-supernova-2020","CW6018-001-14","Nike","Nike Air Max 90 Supernova (2020)","Nike Air Max 90 Supernova (2020)<br><br>SKU: CW6018-001<br>Colorway: Black/White/Multi Color<br>Released: 06/20/2020<br>new<br><br><br><ul>
<li>100% Authentic</li>
<li>In Stock &amp; Ready to Ship</li>
</ul>All items are shipped out quickly with safe packaging.<br>Check our reviews to see the accuracy of our conditions, speed of shipping and quality of service.<br>Send a DM to request any photos - If you have any questions please reach out!<br>","","sneakers","","14M / 15.5W","","","","","KCP","CW6018-001-14","KCP-602","14","15.5","Brand New","","Nike Air Max 90 Supernova (2020)","Nike Air Max 90 Supernova (2020)<br><br>SKU: CW6018-001<br>Colorway: Black/White/Multi Color<br>Released: 06/20/2020<br>new<br><br><br><ul>
<li>100% Authentic</li>
<li>In Stock &amp; Ready to Ship</li>
</ul>All items are shipped out quickly with safe packaging.<br>Check our reviews to see the accuracy of our conditions, speed of shipping and quality of service.<br>Send a DM to request any photos - If you have any questions please reach out!<br>","Nike Air Max 90 Supernova (2020)","Brand New","Sneakers","gid://shopify/TaxonomyCategory/aa-sneakers","","false"
"nike-air-max-90-supernova-2020","CW6018-001-15","Nike","Nike Air Max 90 Supernova (2020)","Nike Air Max 90 Supernova (2020)<br><br>SKU: CW6018-001<br>Colorway: Black/White/Multi Color<br>Released: 06/20/2020<br>new<br><br><br><ul>
<li>100% Authentic</li>
<li>In Stock &amp; Ready to Ship</li>
</ul>All items are shipped out quickly with safe packaging.<br>Check our reviews to see the accuracy of our conditions, speed of shipping and quality of service.<br>Send a DM to request any photos - If you have any questions please reach out!<br>","","sneakers","","15M / 16.5W","","","","","KCP","CW6018-001-15","KCP-603","15","16.5","Brand New","","Nike Air Max 90 Supernova (2020)","Nike Air Max 90 Supernova (2020)<br><br>SKU: CW6018-001<br>Colorway: Black/White/Multi Color<br>Released: 06/20/2020<br>new<br><br><br><ul>
<li>100% Authentic</li>
<li>In Stock &amp; Ready to Ship</li>
</ul>All items are shipped out quickly with safe packaging.<br>Check our reviews to see the accuracy of our conditions, speed of shipping and quality of service.<br>Send a DM to request any photos - If you have any questions please reach out!<br>","Nike Air Max 90 Supernova (2020)","Brand New","Sneakers","gid://shopify/TaxonomyCategory/aa-sneakers","","false"
"nike-air-max-90-reverse-duck-camo","CW6024-600-3.5","Nike","Nike Air Max 90 Reverse Duck Camo","Nike Air Max 90 Reverse Duck Camo<br><br>SKU: CW6024-600<br>Colorway: Infrared/Black-Dark Sage-Baroque Brown<br>Released: 03/26/2020<br>new<br><br><br><ul>
<li>100% Authentic</li>
<li>In Stock &amp; Ready to Ship</li>
</ul>All items are shipped out quickly with safe packaging.<br>Check our reviews to see the accuracy of our conditions, speed of shipping and quality of service.<br>Send a DM to request any photos - If you have any questions please reach out!<br>","","sneakers","Size","3.5Y / 5W","","","","","KCP","CW6024-600-3.5","KCP-604","3.5","5","Brand New","","Nike Air Max 90 Reverse Duck Camo","Nike Air Max 90 Reverse Duck Camo<br><br>SKU: CW6024-600<br>Colorway: Infrared/Black-Dark Sage-Baroque Brown<br>Released: 03/26/2020<br>new<br><br><br><ul>
<li>100% Authentic</li>
<li>In Stock &amp; Ready to Ship</li>
</ul>All items are shipped out quickly with safe packaging.<br>Check our reviews to see the accuracy of our conditions, speed of shipping and quality of service.<br>Send a DM to request any photos - If you have any questions please reach out!<br>","Nike Air Max 90 Reverse Duck Camo","Brand New","Sneakers","gid://shopify/TaxonomyCategory/aa-sneakers","","false"
"nike-air-max-90-reverse-duck-camo","CW6024-600-4","Nike","Nike Air Max 90 Reverse Duck Camo","Nike Air Max 90 Reverse Duck Camo<br><br>SKU: CW6024-600<br>Colorway: Infrared/Black-Dark Sage-Baroque Brown<br>Released: 03/26/2020<br>new<br><br><br><ul>
<li>100% Authentic</li>
<li>In Stock &amp; Ready to Ship</li>
</ul>All items are shipped out quickly with safe packaging.<br>Check our reviews to see the accuracy of our conditions, speed of shipping and quality of service.<br>Send a DM to request any photos - If you have any questions please reach out!<br>","","sneakers","","4Y / 5.5W","","","","","KCP","CW6024-600-4","KCP-605","4","5.5","Brand New","","Nike Air Max 90 Reverse Duck Camo","Nike Air Max 90 Reverse Duck Camo<br><br>SKU: CW6024-600<br>Colorway: Infrared/Black-Dark Sage-Baroque Brown<br>Released: 03/26/2020<br>new<br><br><br><ul>
<li>100% Authentic</li>
<li>In Stock &amp; Ready to Ship</li>
</ul>All items are shipped out quickly with safe packaging.<br>Check our reviews to see the accuracy of our conditions, speed of shipping and quality of service.<br>Send a DM to request any photos - If you have any questions please reach out!<br>","Nike Air Max 90 Reverse Duck Camo","Brand New","Sneakers","gid://shopify/TaxonomyCategory/aa-sneakers","","false"
"nike-air-max-90-reverse-duck-camo","CW6024-600-4.5","Nike","Nike Air Max 90 Reverse Duck Camo","Nike Air Max 90 Reverse Duck Camo<br><br>SKU: CW6024-600<br>Colorway: Infrared/Black-Dark Sage-Baroque Brown<br>Released: 03/26/2020<br>new<br><br><br><ul>
<li>100% Authentic</li>
<li>In Stock &amp; Ready to Ship</li>
</ul>All items are shipped out quickly with safe packaging.<br>Check our reviews to see the accuracy of our conditions, speed of shipping and quality of service.<br>Send a DM to request any photos - If you have any questions please reach out!<br>","","sneakers","","4.5Y / 6W","","","","","KCP","CW6024-600-4.5","KCP-606","4.5","6","Brand New","","Nike Air Max 90 Reverse Duck Camo","Nike Air Max 90 Reverse Duck Camo<br><br>SKU: CW6024-600<br>Colorway: Infrared/Black-Dark Sage-Baroque Brown<br>Released: 03/26/2020<br>new<br><br><br><ul>
<li>100% Authentic</li>
<li>In Stock &amp; Ready to Ship</li>
</ul>All items are shipped out quickly with safe packaging.<br>Check our reviews to see the accuracy of our conditions, speed of shipping and quality of service.<br>Send a DM to request any photos - If you have any questions please reach out!<br>","Nike Air Max 90 Reverse Duck Camo","Brand New","Sneakers","gid://shopify/TaxonomyCategory/aa-sneakers","","false"
"nike-air-max-90-reverse-duck-camo","CW6024-600-5","Nike","Nike Air Max 90 Reverse Duck Camo","Nike Air Max 90 Reverse Duck Camo<br><br>SKU: CW6024-600<br>Colorway: Infrared/Black-Dark Sage-Baroque Brown<br>Released: 03/26/2020<br>new<br><br><br><ul>
<li>100% Authentic</li>
<li>In Stock &amp; Ready to Ship</li>
</ul>All items are shipped out quickly with safe packaging.<br>Check our reviews to see the accuracy of our conditions, speed of shipping and quality of service.<br>Send a DM to request any photos - If you have any questions please reach out!<br>","","sneakers","","5Y / 6.5W","","","","","KCP","CW6024-600-5","KCP-607","5","6.5","Brand New","","Nike Air Max 90 Reverse Duck Camo","Nike Air Max 90 Reverse Duck Camo<br><br>SKU: CW6024-600<br>Colorway: Infrared/Black-Dark Sage-Baroque Brown<br>Released: 03/26/2020<br>new<br><br><br><ul>
<li>100% Authentic</li>
<li>In Stock &amp; Ready to Ship</li>
</ul>All items are shipped out quickly with safe packaging.<br>Check our reviews to see the accuracy of our conditions, speed of shipping and quality of service.<br>Send a DM to request any photos - If you have any questions please reach out!<br>","Nike Air Max 90 Reverse Duck Camo","Brand New","Sneakers","gid://shopify/TaxonomyCategory/aa-sneakers","","false"
"nike-air-max-90-reverse-duck-camo","CW6024-600-5.5","Nike","Nike Air Max 90 Reverse Duck Camo","Nike Air Max 90 Reverse Duck Camo<br><br>SKU: CW6024-600<br>Colorway: Infrared/Black-Dark Sage-Baroque Brown<br>Released: 03/26/2020<br>new<br><br><br><ul>
<li>100% Authentic</li>
<li>In Stock &amp; Ready to Ship</li>
</ul>All items are shipped out quickly with safe packaging.<br>Check our reviews to see the accuracy of our conditions, speed of shipping and quality of service.<br>Send a DM to request any photos - If you have any questions please reach out!<br>","","sneakers","","5.5Y / 7W","","","","","KCP","CW6024-600-5.5","KCP-608","5.5","7","Brand New","","Nike Air Max 90 Reverse Duck Camo","Nike Air Max 90 Reverse Duck Camo<br><br>SKU: CW6024-600<br>Colorway: Infrared/Black-Dark Sage-Baroque Brown<br>Released: 03/26/2020<br>new<br><br><br><ul>
<li>100% Authentic</li>
<li>In Stock &amp; Ready to Ship</li>
</ul>All items are shipped out quickly with safe packaging.<br>Check our reviews to see the accuracy of our conditions, speed of shipping and quality of service.<br>Send a DM to request any photos - If you have any questions please reach out!<br>","Nike Air Max 90 Reverse Duck Camo","Brand New","Sneakers","gid://shopify/TaxonomyCategory/aa-sneakers","","false"
"nike-air-max-90-reverse-duck-camo","CW6024-600-6","Nike","Nike Air Max 90 Reverse Duck Camo","Nike Air Max 90 Reverse Duck Camo<br><br>SKU: CW6024-600<br>Colorway: Infrared/Black-Dark Sage-Baroque Brown<br>Released: 03/26/2020<br>new<br><br><br><ul>
<li>100% Authentic</li>
<li>In Stock &amp; Ready to Ship</li>
</ul>All items are shipped out quickly with safe packaging.<br>Check our reviews to see the accuracy of our conditions, speed of shipping and quality of service.<br>Send a DM to request any photos - If you have any questions please reach out!<br>","","sneakers","","6Y / 7.5W","","","","","KCP","CW6024-600-6","KCP-609","6","7.5","Brand New","","Nike Air Max 90 Reverse Duck Camo","Nike Air Max 90 Reverse Duck Camo<br><br>SKU: CW6024-600<br>Colorway: Infrared/Black-Dark Sage-Baroque Brown<br>Released: 03/26/2020<br>new<br><br><br><ul>
<li>100% Authentic</li>
<li>In Stock &amp; Ready to Ship</li>
</ul>All items are shipped out quickly with safe packaging.<br>Check our reviews to see the accuracy of our conditions, speed of shipping and quality of service.<br>Send a DM to request any photos - If you have any questions please reach out!<br>","Nike Air Max 90 Reverse Duck Camo","Brand New","Sneakers","gid://shopify/TaxonomyCategory/aa-sneakers","","false"
"nike-air-max-90-reverse-duck-camo","CW6024-600-6.5","Nike","Nike Air Max 90 Reverse Duck Camo","Nike Air Max 90 Reverse Duck Camo<br><br>SKU: CW6024-600<br>Colorway: Infrared/Black-Dark Sage-Baroque Brown<br>Released: 03/26/2020<br>new<br><br><br><ul>
<li>100% Authentic</li>
<li>In Stock &amp; Ready to Ship</li>
</ul>All items are shipped out quickly with safe packaging.<br>Check our reviews to see the accuracy of our conditions, speed of shipping and quality of service.<br>Send a DM to request any photos - If you have any questions please reach out!<br>","","sneakers","","6.5Y / 8W","","","","","KCP","CW6024-600-6.5","KCP-610","6.5","8","Brand New","","Nike Air Max 90 Reverse Duck Camo","Nike Air Max 90 Reverse Duck Camo<br><br>SKU: CW6024-600<br>Colorway: Infrared/Black-Dark Sage-Baroque Brown<br>Released: 03/26/2020<br>new<br><br><br><ul>
<li>100% Authentic</li>
<li>In Stock &amp; Ready to Ship</li>
</ul>All items are shipped out quickly with safe packaging.<br>Check our reviews to see the accuracy of our conditions, speed of shipping and quality of service.<br>Send a DM to request any photos - If you have any questions please reach out!<br>","Nike Air Max 90 Reverse Duck Camo","Brand New","Sneakers","gid://shopify/TaxonomyCategory/aa-sneakers","","false"
"nike-air-max-90-reverse-duck-camo","CW6024-600-7","Nike","Nike Air Max 90 Reverse Duck Camo","Nike Air Max 90 Reverse Duck Camo<br><br>SKU: CW6024-600<br>Colorway: Infrared/Black-Dark Sage-Baroque Brown<br>Released: 03/26/2020<br>new<br><br><br><ul>
<li>100% Authentic</li>
<li>In Stock &amp; Ready to Ship</li>
</ul>All items are shipped out quickly with safe packaging.<br>Check our reviews to see the accuracy of our conditions, speed of shipping and quality of service.<br>Send a DM to request any photos - If you have any questions please reach out!<br>","","sneakers","","7Y / 8.5W","","","","","KCP","CW6024-600-7","KCP-611","7","8.5","Brand New","","Nike Air Max 90 Reverse Duck Camo","Nike Air Max 90 Reverse Duck Camo<br><br>SKU: CW6024-600<br>Colorway: Infrared/Black-Dark Sage-Baroque Brown<br>Released: 03/26/2020<br>new<br><br><br><ul>
<li>100% Authentic</li>
<li>In Stock &amp; Ready to Ship</li>
</ul>All items are shipped out quickly with safe packaging.<br>Check our reviews to see the accuracy of our conditions, speed of shipping and quality of service.<br>Send a DM to request any photos - If you have any questions please reach out!<br>","Nike Air Max 90 Reverse Duck Camo","Brand New","Sneakers","gid://shopify/TaxonomyCategory/aa-sneakers","","false"
"nike-air-max-90-reverse-duck-camo","CW6024-600-7.5","Nike","Nike Air Max 90 Reverse Duck Camo","Nike Air Max 90 Reverse Duck Camo<br><br>SKU: CW6024-600<br>Colorway: Infrared/Black-Dark Sage-Baroque Brown<br>Released: 03/26/2020<br>new<br><br><br><ul>
<li>100% Authentic</li>
<li>In Stock &amp; Ready to Ship</li>
</ul>All items are shipped out quickly with safe packaging.<br>Check our reviews to see the accuracy of our conditions, speed of shipping and quality of service.<br>Send a DM to request any photos - If you have any questions please reach out!<br>","","sneakers","","7.5M / 9W","","","","","KCP","CW6024-600-7.5","KCP-612","7.5","9","Brand New","","Nike Air Max 90 Reverse Duck Camo","Nike Air Max 90 Reverse Duck Camo<br><br>SKU: CW6024-600<br>Colorway: Infrared/Black-Dark Sage-Baroque Brown<br>Released: 03/26/2020<br>new<br><br><br><ul>
<li>100% Authentic</li>
<li>In Stock &amp; Ready to Ship</li>
</ul>All items are shipped out quickly with safe packaging.<br>Check our reviews to see the accuracy of our conditions, speed of shipping and quality of service.<br>Send a DM to request any photos - If you have any questions please reach out!<br>","Nike Air Max 90 Reverse Duck Camo","Brand New","Sneakers","gid://shopify/TaxonomyCategory/aa-sneakers","","false"
"nike-air-max-90-reverse-duck-camo","CW6024-600-8","Nike","Nike Air Max 90 Reverse Duck Camo","Nike Air Max 90 Reverse Duck Camo<br><br>SKU: CW6024-600<br>Colorway: Infrared/Black-Dark Sage-Baroque Brown<br>Released: 03/26/2020<br>new<br><br><br><ul>
<li>100% Authentic</li>
<li>In Stock &amp; Ready to Ship</li>
</ul>All items are shipped out quickly with safe packaging.<br>Check our reviews to see the accuracy of our conditions, speed of shipping and quality of service.<br>Send a DM to request any photos - If you have any questions please reach out!<br>","","sneakers","","8M / 9.5W","","","","","KCP","CW6024-600-8","KCP-613","8","9.5","Brand New","","Nike Air Max 90 Reverse Duck Camo","Nike Air Max 90 Reverse Duck Camo<br><br>SKU: CW6024-600<br>Colorway: Infrared/Black-Dark Sage-Baroque Brown<br>Released: 03/26/2020<br>new<br><br><br><ul>
<li>100% Authentic</li>
<li>In Stock &amp; Ready to Ship</li>
</ul>All items are shipped out quickly with safe packaging.<br>Check our reviews to see the accuracy of our conditions, speed of shipping and quality of service.<br>Send a DM to request any photos - If you have any questions please reach out!<br>","Nike Air Max 90 Reverse Duck Camo","Brand New","Sneakers","gid://shopify/TaxonomyCategory/aa-sneakers","","false"
"nike-air-max-90-reverse-duck-camo","CW6024-600-8.5","Nike","Nike Air Max 90 Reverse Duck Camo","Nike Air Max 90 Reverse Duck Camo<br><br>SKU: CW6024-600<br>Colorway: Infrared/Black-Dark Sage-Baroque Brown<br>Released: 03/26/2020<br>new<br><br><br><ul>
<li>100% Authentic</li>
<li>In Stock &amp; Ready to Ship</li>
</ul>All items are shipped out quickly with safe packaging.<br>Check our reviews to see the accuracy of our conditions, speed of shipping and quality of service.<br>Send a DM to request any photos - If you have any questions please reach out!<br>","","sneakers","","8.5M / 10W","","","","","KCP","CW6024-600-8.5","KCP-614","8.5","10","Brand New","","Nike Air Max 90 Reverse Duck Camo","Nike Air Max 90 Reverse Duck Camo<br><br>SKU: CW6024-600<br>Colorway: Infrared/Black-Dark Sage-Baroque Brown<br>Released: 03/26/2020<br>new<br><br><br><ul>
<li>100% Authentic</li>
<li>In Stock &amp; Ready to Ship</li>
</ul>All items are shipped out quickly with safe packaging.<br>Check our reviews to see the accuracy of our conditions, speed of shipping and quality of service.<br>Send a DM to request any photos - If you have any questions please reach out!<br>","Nike Air Max 90 Reverse Duck Camo","Brand New","Sneakers","gid://shopify/TaxonomyCategory/aa-sneakers","","false"
"nike-air-max-90-reverse-duck-camo","CW6024-600-9","Nike","Nike Air Max 90 Reverse Duck Camo","Nike Air Max 90 Reverse Duck Camo<br><br>SKU: CW6024-600<br>Colorway: Infrared/Black-Dark Sage-Baroque Brown<br>Released: 03/26/2020<br>new<br><br><br><ul>
<li>100% Authentic</li>
<li>In Stock &amp; Ready to Ship</li>
</ul>All items are shipped out quickly with safe packaging.<br>Check our reviews to see the accuracy of our conditions, speed of shipping and quality of service.<br>Send a DM to request any photos - If you have any questions please reach out!<br>","","sneakers","","9M / 10.5W","","","","","KCP","CW6024-600-9","KCP-615","9","10.5","Brand New","","Nike Air Max 90 Reverse Duck Camo","Nike Air Max 90 Reverse Duck Camo<br><br>SKU: CW6024-600<br>Colorway: Infrared/Black-Dark Sage-Baroque Brown<br>Released: 03/26/2020<br>new<br><br><br><ul>
<li>100% Authentic</li>
<li>In Stock &amp; Ready to Ship</li>
</ul>All items are shipped out quickly with safe packaging.<br>Check our reviews to see the accuracy of our conditions, speed of shipping and quality of service.<br>Send a DM to request any photos - If you have any questions please reach out!<br>","Nike Air Max 90 Reverse Duck Camo","Brand New","Sneakers","gid://shopify/TaxonomyCategory/aa-sneakers","","false"
"nike-air-max-90-reverse-duck-camo","CW6024-600-9.5","Nike","Nike Air Max 90 Reverse Duck Camo","Nike Air Max 90 Reverse Duck Camo<br><br>SKU: CW6024-600<br>Colorway: Infrared/Black-Dark Sage-Baroque Brown<br>Released: 03/26/2020<br>new<br><br><br><ul>
<li>100% Authentic</li>
<li>In Stock &amp; Ready to Ship</li>
</ul>All items are shipped out quickly with safe packaging.<br>Check our reviews to see the accuracy of our conditions, speed of shipping and quality of service.<br>Send a DM to request any photos - If you have any questions please reach out!<br>","","sneakers","","9.5M / 11W","","","","","KCP","CW6024-600-9.5","KCP-616","9.5","11","Brand New","","Nike Air Max 90 Reverse Duck Camo","Nike Air Max 90 Reverse Duck Camo<br><br>SKU: CW6024-600<br>Colorway: Infrared/Black-Dark Sage-Baroque Brown<br>Released: 03/26/2020<br>new<br><br><br><ul>
<li>100% Authentic</li>
<li>In Stock &amp; Ready to Ship</li>
</ul>All items are shipped out quickly with safe packaging.<br>Check our reviews to see the accuracy of our conditions, speed of shipping and quality of service.<br>Send a DM to request any photos - If you have any questions please reach out!<br>","Nike Air Max 90 Reverse Duck Camo","Brand New","Sneakers","gid://shopify/TaxonomyCategory/aa-sneakers","","false"
"nike-air-max-90-reverse-duck-camo","CW6024-600-10","Nike","Nike Air Max 90 Reverse Duck Camo","Nike Air Max 90 Reverse Duck Camo<br><br>SKU: CW6024-600<br>Colorway: Infrared/Black-Dark Sage-Baroque Brown<br>Released: 03/26/2020<br>new<br><br><br><ul>
<li>100% Authentic</li>
<li>In Stock &amp; Ready to Ship</li>
</ul>All items are shipped out quickly with safe packaging.<br>Check our reviews to see the accuracy of our conditions, speed of shipping and quality of service.<br>Send a DM to request any photos - If you have any questions please reach out!<br>","","sneakers","","10M / 11.5W","","","","","KCP","CW6024-600-10","KCP-617","10","11.5","Brand New","","Nike Air Max 90 Reverse Duck Camo","Nike Air Max 90 Reverse Duck Camo<br><br>SKU: CW6024-600<br>Colorway: Infrared/Black-Dark Sage-Baroque Brown<br>Released: 03/26/2020<br>new<br><br><br><ul>
<li>100% Authentic</li>
<li>In Stock &amp; Ready to Ship</li>
</ul>All items are shipped out quickly with safe packaging.<br>Check our reviews to see the accuracy of our conditions, speed of shipping and quality of service.<br>Send a DM to request any photos - If you have any questions please reach out!<br>","Nike Air Max 90 Reverse Duck Camo","Brand New","Sneakers","gid://shopify/TaxonomyCategory/aa-sneakers","","false"
"nike-air-max-90-reverse-duck-camo","CW6024-600-10.5","Nike","Nike Air Max 90 Reverse Duck Camo","Nike Air Max 90 Reverse Duck Camo<br><br>SKU: CW6024-600<br>Colorway: Infrared/Black-Dark Sage-Baroque Brown<br>Released: 03/26/2020<br>new<br><br><br><ul>
<li>100% Authentic</li>
<li>In Stock &amp; Ready to Ship</li>
</ul>All items are shipped out quickly with safe packaging.<br>Check our reviews to see the accuracy of our conditions, speed of shipping and quality of service.<br>Send a DM to request any photos - If you have any questions please reach out!<br>","","sneakers","","10.5M / 12W","","","","","KCP","CW6024-600-10.5","KCP-618","10.5","12","Brand New","","Nike Air Max 90 Reverse Duck Camo","Nike Air Max 90 Reverse Duck Camo<br><br>SKU: CW6024-600<br>Colorway: Infrared/Black-Dark Sage-Baroque Brown<br>Released: 03/26/2020<br>new<br><br><br><ul>
<li>100% Authentic</li>
<li>In Stock &amp; Ready to Ship</li>
</ul>All items are shipped out quickly with safe packaging.<br>Check our reviews to see the accuracy of our conditions, speed of shipping and quality of service.<br>Send a DM to request any photos - If you have any questions please reach out!<br>","Nike Air Max 90 Reverse Duck Camo","Brand New","Sneakers","gid://shopify/TaxonomyCategory/aa-sneakers","","false"
"nike-air-max-90-reverse-duck-camo","CW6024-600-11","Nike","Nike Air Max 90 Reverse Duck Camo","Nike Air Max 90 Reverse Duck Camo<br><br>SKU: CW6024-600<br>Colorway: Infrared/Black-Dark Sage-Baroque Brown<br>Released: 03/26/2020<br>new<br><br><br><ul>
<li>100% Authentic</li>
<li>In Stock &amp; Ready to Ship</li>
</ul>All items are shipped out quickly with safe packaging.<br>Check our reviews to see the accuracy of our conditions, speed of shipping and quality of service.<br>Send a DM to request any photos - If you have any questions please reach out!<br>","","sneakers","","11M / 12.5W","","","","","KCP","CW6024-600-11","KCP-619","11","12.5","Brand New","","Nike Air Max 90 Reverse Duck Camo","Nike Air Max 90 Reverse Duck Camo<br><br>SKU: CW6024-600<br>Colorway: Infrared/Black-Dark Sage-Baroque Brown<br>Released: 03/26/2020<br>new<br><br><br><ul>
<li>100% Authentic</li>
<li>In Stock &amp; Ready to Ship</li>
</ul>All items are shipped out quickly with safe packaging.<br>Check our reviews to see the accuracy of our conditions, speed of shipping and quality of service.<br>Send a DM to request any photos - If you have any questions please reach out!<br>","Nike Air Max 90 Reverse Duck Camo","Brand New","Sneakers","gid://shopify/TaxonomyCategory/aa-sneakers","","false"
"nike-air-max-90-reverse-duck-camo","CW6024-600-11.5","Nike","Nike Air Max 90 Reverse Duck Camo","Nike Air Max 90 Reverse Duck Camo<br><br>SKU: CW6024-600<br>Colorway: Infrared/Black-Dark Sage-Baroque Brown<br>Released: 03/26/2020<br>new<br><br><br><ul>
<li>100% Authentic</li>
<li>In Stock &amp; Ready to Ship</li>
</ul>All items are shipped out quickly with safe packaging.<br>Check our reviews to see the accuracy of our conditions, speed of shipping and quality of service.<br>Send a DM to request any photos - If you have any questions please reach out!<br>","","sneakers","","11.5M / 13W","","","","","KCP","CW6024-600-11.5","KCP-620","11.5","13","Brand New","","Nike Air Max 90 Reverse Duck Camo","Nike Air Max 90 Reverse Duck Camo<br><br>SKU: CW6024-600<br>Colorway: Infrared/Black-Dark Sage-Baroque Brown<br>Released: 03/26/2020<br>new<br><br><br><ul>
<li>100% Authentic</li>
<li>In Stock &amp; Ready to Ship</li>
</ul>All items are shipped out quickly with safe packaging.<br>Check our reviews to see the accuracy of our conditions, speed of shipping and quality of service.<br>Send a DM to request any photos - If you have any questions please reach out!<br>","Nike Air Max 90 Reverse Duck Camo","Brand New","Sneakers","gid://shopify/TaxonomyCategory/aa-sneakers","","false"
"nike-air-max-90-reverse-duck-camo","CW6024-600-12","Nike","Nike Air Max 90 Reverse Duck Camo","Nike Air Max 90 Reverse Duck Camo<br><br>SKU: CW6024-600<br>Colorway: Infrared/Black-Dark Sage-Baroque Brown<br>Released: 03/26/2020<br>new<br><br><br><ul>
<li>100% Authentic</li>
<li>In Stock &amp; Ready to Ship</li>
</ul>All items are shipped out quickly with safe packaging.<br>Check our reviews to see the accuracy of our conditions, speed of shipping and quality of service.<br>Send a DM to request any photos - If you have any questions please reach out!<br>","","sneakers","","12M / 13.5W","","","","","KCP","CW6024-600-12","KCP-621","12","13.5","Brand New","","Nike Air Max 90 Reverse Duck Camo","Nike Air Max 90 Reverse Duck Camo<br><br>SKU: CW6024-600<br>Colorway: Infrared/Black-Dark Sage-Baroque Brown<br>Released: 03/26/2020<br>new<br><br><br><ul>
<li>100% Authentic</li>
<li>In Stock &amp; Ready to Ship</li>
</ul>All items are shipped out quickly with safe packaging.<br>Check our reviews to see the accuracy of our conditions, speed of shipping and quality of service.<br>Send a DM to request any photos - If you have any questions please reach out!<br>","Nike Air Max 90 Reverse Duck Camo","Brand New","Sneakers","gid://shopify/TaxonomyCategory/aa-sneakers","","false"
"nike-air-max-90-reverse-duck-camo","CW6024-600-12.5","Nike","Nike Air Max 90 Reverse Duck Camo","Nike Air Max 90 Reverse Duck Camo<br><br>SKU: CW6024-600<br>Colorway: Infrared/Black-Dark Sage-Baroque Brown<br>Released: 03/26/2020<br>new<br><br><br><ul>
<li>100% Authentic</li>
<li>In Stock &amp; Ready to Ship</li>
</ul>All items are shipped out quickly with safe packaging.<br>Check our reviews to see the accuracy of our conditions, speed of shipping and quality of service.<br>Send a DM to request any photos - If you have any questions please reach out!<br>","","sneakers","","12.5M / 14W","","","","","KCP","CW6024-600-12.5","KCP-622","12.5","14","Brand New","","Nike Air Max 90 Reverse Duck Camo","Nike Air Max 90 Reverse Duck Camo<br><br>SKU: CW6024-600<br>Colorway: Infrared/Black-Dark Sage-Baroque Brown<br>Released: 03/26/2020<br>new<br><br><br><ul>
<li>100% Authentic</li>
<li>In Stock &amp; Ready to Ship</li>
</ul>All items are shipped out quickly with safe packaging.<br>Check our reviews to see the accuracy of our conditions, speed of shipping and quality of service.<br>Send a DM to request any photos - If you have any questions please reach out!<br>","Nike Air Max 90 Reverse Duck Camo","Brand New","Sneakers","gid://shopify/TaxonomyCategory/aa-sneakers","","false"
"nike-air-max-90-reverse-duck-camo","CW6024-600-13","Nike","Nike Air Max 90 Reverse Duck Camo","Nike Air Max 90 Reverse Duck Camo<br><br>SKU: CW6024-600<br>Colorway: Infrared/Black-Dark Sage-Baroque Brown<br>Released: 03/26/2020<br>new<br><br><br><ul>
<li>100% Authentic</li>
<li>In Stock &amp; Ready to Ship</li>
</ul>All items are shipped out quickly with safe packaging.<br>Check our reviews to see the accuracy of our conditions, speed of shipping and quality of service.<br>Send a DM to request any photos - If you have any questions please reach out!<br>","","sneakers","","13M / 14.5W","","","","","KCP","CW6024-600-13","KCP-623","13","14.5","Brand New","","Nike Air Max 90 Reverse Duck Camo","Nike Air Max 90 Reverse Duck Camo<br><br>SKU: CW6024-600<br>Colorway: Infrared/Black-Dark Sage-Baroque Brown<br>Released: 03/26/2020<br>new<br><br><br><ul>
<li>100% Authentic</li>
<li>In Stock &amp; Ready to Ship</li>
</ul>All items are shipped out quickly with safe packaging.<br>Check our reviews to see the accuracy of our conditions, speed of shipping and quality of service.<br>Send a DM to request any photos - If you have any questions please reach out!<br>","Nike Air Max 90 Reverse Duck Camo","Brand New","Sneakers","gid://shopify/TaxonomyCategory/aa-sneakers","","false"
"nike-air-max-90-reverse-duck-camo","CW6024-600-14","Nike","Nike Air Max 90 Reverse Duck Camo","Nike Air Max 90 Reverse Duck Camo<br><br>SKU: CW6024-600<br>Colorway: Infrared/Black-Dark Sage-Baroque Brown<br>Released: 03/26/2020<br>new<br><br><br><ul>
<li>100% Authentic</li>
<li>In Stock &amp; Ready to Ship</li>
</ul>All items are shipped out quickly with safe packaging.<br>Check our reviews to see the accuracy of our conditions, speed of shipping and quality of service.<br>Send a DM to request any photos - If you have any questions please reach out!<br>","","sneakers","","14M / 15.5W","","","","","KCP","CW6024-600-14","KCP-624","14","15.5","Brand New","","Nike Air Max 90 Reverse Duck Camo","Nike Air Max 90 Reverse Duck Camo<br><br>SKU: CW6024-600<br>Colorway: Infrared/Black-Dark Sage-Baroque Brown<br>Released: 03/26/2020<br>new<br><br><br><ul>
<li>100% Authentic</li>
<li>In Stock &amp; Ready to Ship</li>
</ul>All items are shipped out quickly with safe packaging.<br>Check our reviews to see the accuracy of our conditions, speed of shipping and quality of service.<br>Send a DM to request any photos - If you have any questions please reach out!<br>","Nike Air Max 90 Reverse Duck Camo","Brand New","Sneakers","gid://shopify/TaxonomyCategory/aa-sneakers","","false"
"nike-air-max-90-reverse-duck-camo","CW6024-600-15","Nike","Nike Air Max 90 Reverse Duck Camo","Nike Air Max 90 Reverse Duck Camo<br><br>SKU: CW6024-600<br>Colorway: Infrared/Black-Dark Sage-Baroque Brown<br>Released: 03/26/2020<br>new<br><br><br><ul>
<li>100% Authentic</li>
<li>In Stock &amp; Ready to Ship</li>
</ul>All items are shipped out quickly with safe packaging.<br>Check our reviews to see the accuracy of our conditions, speed of shipping and quality of service.<br>Send a DM to request any photos - If you have any questions please reach out!<br>","","sneakers","","15M / 16.5W","","","","","KCP","CW6024-600-15","KCP-625","15","16.5","Brand New","","Nike Air Max 90 Reverse Duck Camo","Nike Air Max 90 Reverse Duck Camo<br><br>SKU: CW6024-600<br>Colorway: Infrared/Black-Dark Sage-Baroque Brown<br>Released: 03/26/2020<br>new<br><br><br><ul>
<li>100% Authentic</li>
<li>In Stock &amp; Ready to Ship</li>
</ul>All items are shipped out quickly with safe packaging.<br>Check our reviews to see the accuracy of our conditions, speed of shipping and quality of service.<br>Send a DM to request any photos - If you have any questions please reach out!<br>","Nike Air Max 90 Reverse Duck Camo","Brand New","Sneakers","gid://shopify/TaxonomyCategory/aa-sneakers","","false"